data,hora,temperatura,humitat,sensacio
06/09/2026,22:41:19,26.90,56.36,29.77
06/09/2026,22:42:30,26.80,54.48,29.41
06/09/2026,22:45:45,26.38,55.08,28.90
06/09/2026,22:46:56,26.66,58.62,29.72
06/09/2026,22:48:07,26.90,59.46,30.16
06/09/2026,22:49:18,26.84,56.92,29.77
06/09/2026,22:50:29,26.60,53.36,29.00
06/09/2026,22:51:42,26.38,52.70,28.61
06/09/2026,22:52:53,26.61,53.12,28.99
06/09/2026,22:56:48,27.53,53.46,30.30
06/09/2026,22:57:59,27.70,53.46,30.54
06/09/2026,22:59:10,27.82,53.00,30.66
06/09/2026,23:00:21,27.95,53.56,30.91
06/09/2026,23:01:32,28.00,54.00,31.05
06/09/2026,23:02:45,28.10,54.00,31.18
06/09/2026,23:06:02,28.24,54.00,31.38
06/09/2026,23:07:13,28.30,54.96,31.59
06/09/2026,23:08:24,28.29,55.00,31.59
06/09/2026,23:09:35,28.36,55.00,31.69
06/09/2026,23:10:46,28.38,55.00,31.72
06/09/2026,23:11:59,28.40,55.08,31.75
06/09/2026,23:13:10,28.40,56.00,31.88
06/09/2026,23:14:21,28.43,56.00,31.91
06/09/2026,23:15:32,28.49,56.00,32.00
06/09/2026,23:16:42,28.50,56.00,32.03
06/09/2026,23:19:25,28.57,56.96,32.25
06/09/2026,23:20:38,28.60,57.00,32.30
06/09/2026,23:21:49,28.65,57.00,32.37
06/09/2026,23:23:00,28.69,57.16,32.45
06/09/2026,23:24:11,28.71,57.18,32.49
06/09/2026,23:25:22,28.81,57.08,32.62
06/09/2026,23:26:35,28.89,58.00,32.87
06/09/2026,23:27:46,28.90,57.96,32.88
06/09/2026,23:28:57,28.90,58.00,32.88
06/09/2026,23:30:08,28.90,58.00,32.88
06/09/2026,23:31:19,28.95,58.00,32.95
06/09/2026,23:32:32,28.98,58.00,33.00
06/09/2026,23:33:43,29.00,58.00,33.02
06/09/2026,23:34:54,29.07,58.00,33.12
06/09/2026,23:36:05,29.09,58.00,33.15
06/09/2026,23:37:16,29.12,58.00,33.20
06/09/2026,23:38:29,29.20,58.04,33.33
06/09/2026,23:39:40,29.24,58.00,33.38
06/09/2026,23:40:51,29.29,58.00,33.46
06/09/2026,23:42:02,29.25,58.00,33.40
06/09/2026,23:43:13,29.23,58.00,33.37
06/09/2026,23:44:26,29.29,58.00,33.45
06/09/2026,23:45:37,29.29,58.00,33.46
06/09/2026,23:46:48,29.34,58.00,33.52
06/09/2026,23:47:59,29.39,58.00,33.60
06/09/2026,23:49:10,29.44,58.00,33.68
06/09/2026,23:50:23,29.49,57.00,33.60
06/09/2026,23:51:34,29.49,57.44,33.67
06/09/2026,23:52:45,29.51,59.00,33.93
06/09/2026,23:53:56,29.50,58.00,33.77
06/09/2026,23:55:06,29.51,59.00,33.93
06/09/2026,23:56:25,29.58,58.69,33.98
06/09/2026,23:57:36,29.58,59.73,34.14
06/09/2026,23:58:47,29.32,59.00,33.64
06/09/2026,23:59:57,28.95,57.14,32.83
07/09/2026,00:01:08,28.58,55.39,32.05
07/09/2026,00:02:22,28.29,53.12,31.34
07/09/2026,00:03:33,27.94,50.88,30.55
07/09/2026,00:04:44,27.54,49.16,29.78
07/09/2026,00:05:54,27.52,50.00,29.85
07/09/2026,00:07:05,27.80,50.96,30.37
07/09/2026,00:08:19,28.12,51.00,30.82
07/09/2026,00:09:30,28.43,51.00,31.25
07/09/2026,00:10:40,28.66,51.96,31.70
07/09/2026,00:11:51,28.85,52.00,31.99
07/09/2026,00:13:02,28.99,52.00,32.18
07/09/2026,00:14:16,29.09,52.00,32.32
07/09/2026,00:15:27,29.19,52.96,32.60
07/09/2026,00:16:38,29.24,53.00,32.67
07/09/2026,00:17:49,29.30,53.35,32.81
07/09/2026,00:19:00,29.32,53.80,32.91
07/09/2026,00:20:13,29.35,54.00,32.97
07/09/2026,00:21:24,29.36,54.00,33.00
07/09/2026,00:22:35,29.40,55.00,33.19
07/09/2026,00:23:45,29.45,55.15,33.29
07/09/2026,00:24:56,29.50,55.00,33.33
07/09/2026,00:26:09,29.50,55.00,33.33
07/09/2026,00:27:20,29.50,55.00,33.34
07/09/2026,00:28:31,29.52,55.76,33.48
07/09/2026,00:29:42,29.60,56.00,33.62
07/09/2026,00:30:53,29.60,56.00,33.62
07/09/2026,00:32:07,29.60,56.85,33.75
07/09/2026,00:33:17,29.64,57.00,33.83
07/09/2026,00:34:28,29.68,57.00,33.90
07/09/2026,00:35:39,29.70,57.81,34.04
07/09/2026,00:36:50,29.65,62.16,34.58
07/09/2026,00:38:04,29.46,64.24,34.59
07/09/2026,00:39:14,29.31,66.12,34.63
07/09/2026,00:40:25,29.19,67.00,34.57
07/09/2026,00:41:36,29.11,67.62,34.53
07/09/2026,00:42:47,29.10,68.04,34.57
07/09/2026,00:44:01,29.10,68.92,34.69
07/09/2026,00:45:12,29.00,69.92,34.68
07/09/2026,00:46:22,29.00,70.00,34.69
07/09/2026,00:47:33,28.92,70.96,34.69
07/09/2026,00:48:44,28.90,71.00,34.67
07/09/2026,00:49:58,28.92,71.00,34.70
07/09/2026,00:51:09,29.00,69.08,34.56
07/09/2026,00:52:20,29.06,66.00,34.22
07/09/2026,00:53:31,28.90,62.48,33.49
07/09/2026,00:54:41,28.68,59.04,32.70
07/09/2026,00:55:55,28.44,55.96,31.93
07/09/2026,00:57:05,28.21,54.27,31.37
07/09/2026,00:58:16,27.91,52.00,30.65
07/09/2026,00:59:27,27.61,50.83,30.09
07/09/2026,01:00:38,27.44,49.78,29.72
07/09/2026,01:01:51,27.30,48.88,29.41
07/09/2026,01:03:02,27.21,48.00,29.18
07/09/2026,01:04:13,27.08,47.04,28.89
07/09/2026,01:05:24,26.95,47.00,28.70
07/09/2026,01:06:35,26.79,46.31,28.40
07/09/2026,01:07:48,26.72,46.74,28.37
07/09/2026,01:08:59,27.00,47.00,28.78
07/09/2026,01:10:10,27.38,47.96,29.41
07/09/2026,01:11:21,27.69,48.96,29.96
07/09/2026,01:12:32,27.95,51.71,30.68
07/09/2026,01:13:45,28.05,53.60,31.06
07/09/2026,01:14:56,28.11,55.17,31.35
07/09/2026,01:16:07,28.22,55.44,31.54
07/09/2026,01:17:18,28.32,57.12,31.91
07/09/2026,01:18:29,28.40,59.24,32.30
07/09/2026,01:19:42,28.40,62.07,32.68
07/09/2026,01:20:53,28.35,61.88,32.59
07/09/2026,01:22:04,28.39,61.75,32.63
07/09/2026,01:23:15,28.40,63.12,32.82
07/09/2026,01:24:26,28.41,65.20,33.12
07/09/2026,01:25:39,28.40,65.38,33.14
07/09/2026,01:26:50,28.42,66.28,33.29
07/09/2026,01:28:01,28.43,67.08,33.41
07/09/2026,01:29:12,28.48,68.04,33.61
07/09/2026,01:30:23,28.50,68.96,33.76
07/09/2026,01:31:36,28.49,68.92,33.74
07/09/2026,01:32:47,28.50,69.00,33.77
07/09/2026,01:33:58,28.50,69.00,33.76
07/09/2026,01:35:09,28.49,69.96,33.88
07/09/2026,01:36:20,28.46,69.38,33.76
07/09/2026,01:37:33,28.43,69.04,33.66
07/09/2026,01:38:44,28.50,70.09,33.91
07/09/2026,01:39:55,28.49,69.78,33.86
07/09/2026,01:41:06,28.54,69.00,33.83
07/09/2026,01:42:17,28.60,69.00,33.92
07/09/2026,01:43:30,28.64,69.80,34.10
07/09/2026,01:44:41,28.60,70.52,34.13
07/09/2026,01:45:52,28.60,71.00,34.19
07/09/2026,01:47:03,28.54,71.00,34.10
07/09/2026,01:48:14,28.50,71.00,34.03
07/09/2026,01:49:27,28.46,71.00,33.98
07/09/2026,01:50:38,28.41,71.18,33.92
07/09/2026,01:51:49,28.40,71.20,33.91
07/09/2026,01:53:00,28.41,71.38,33.95
07/09/2026,01:54:11,28.40,72.00,34.02
07/09/2026,01:55:24,28.40,72.28,34.05
07/09/2026,01:56:35,28.42,72.58,34.12
07/09/2026,01:57:46,28.41,73.00,34.16
07/09/2026,01:58:57,28.40,73.43,34.20
07/09/2026,02:00:08,28.40,74.00,34.28
07/09/2026,02:01:21,28.42,74.00,34.31
07/09/2026,02:02:32,28.41,74.00,34.29
07/09/2026,02:03:43,28.40,74.04,34.28
07/09/2026,02:04:54,28.38,74.29,34.28
07/09/2026,02:06:05,28.43,74.00,34.34
07/09/2026,02:07:18,28.63,73.30,34.56
07/09/2026,02:08:29,28.63,73.88,34.64
07/09/2026,02:09:40,28.58,74.00,34.57
07/09/2026,02:10:51,28.53,74.00,34.49
07/09/2026,02:12:02,28.51,74.17,34.48
07/09/2026,02:13:15,28.40,75.00,34.42
07/09/2026,02:14:26,28.37,75.00,34.36
07/09/2026,02:15:37,28.38,75.00,34.38
07/09/2026,02:16:48,28.40,75.00,34.41
07/09/2026,02:17:59,28.38,75.00,34.39
07/09/2026,02:19:12,28.38,75.00,34.38
07/09/2026,02:20:23,28.38,75.80,34.49
07/09/2026,02:21:34,28.34,75.96,34.45
07/09/2026,02:22:45,28.31,76.00,34.41
07/09/2026,02:23:56,28.34,75.81,34.43
07/09/2026,02:25:09,28.73,74.31,34.84
07/09/2026,02:26:20,28.89,71.08,34.66
07/09/2026,02:27:31,28.82,67.58,34.06
07/09/2026,02:28:42,28.70,63.83,33.37
07/09/2026,02:29:53,28.44,59.77,32.44
07/09/2026,02:31:06,28.18,56.96,31.68
07/09/2026,02:32:17,28.01,55.28,31.22
07/09/2026,02:33:28,27.83,53.35,30.72
07/09/2026,02:34:39,27.64,51.52,30.21
07/09/2026,02:35:50,27.53,50.29,29.90
07/09/2026,02:37:03,27.40,49.00,29.57
07/09/2026,02:38:14,27.26,48.04,29.26
07/09/2026,02:39:25,27.16,47.58,29.06
07/09/2026,02:40:36,27.06,46.96,28.84
07/09/2026,02:41:47,26.92,46.00,28.54
07/09/2026,02:43:01,26.86,46.00,28.46
07/09/2026,02:44:12,26.80,45.16,28.28
07/09/2026,02:45:23,27.01,46.00,28.66
07/09/2026,02:46:34,27.39,46.46,29.23
07/09/2026,02:47:45,27.74,47.00,29.77
07/09/2026,02:48:58,28.09,47.20,30.28
07/09/2026,02:50:09,28.35,48.00,30.74
07/09/2026,02:51:20,28.55,48.64,31.11
07/09/2026,02:52:31,28.67,49.00,31.32
07/09/2026,02:53:42,28.79,49.92,31.61
07/09/2026,02:54:55,28.90,50.00,31.78
07/09/2026,02:56:06,29.00,50.50,31.98
07/09/2026,02:57:17,29.02,51.00,32.08
07/09/2026,02:58:28,29.10,51.81,32.31
07/09/2026,02:59:39,29.10,52.15,32.36
07/09/2026,03:00:52,29.14,53.04,32.54
07/09/2026,03:02:03,29.15,54.00,32.69
07/09/2026,03:03:14,29.10,54.96,32.75
07/09/2026,14:51:03,27.99,70.17,33.13
07/09/2026,14:52:18,27.99,70.00,33.10
07/09/2026,14:53:29,27.92,70.00,33.00
07/09/2026,14:54:40,27.85,70.00,32.89
07/09/2026,14:55:51,27.80,69.18,32.71
07/09/2026,14:57:01,27.80,69.96,32.81
07/09/2026,14:58:15,27.88,69.84,32.93
07/09/2026,14:59:26,27.86,69.00,32.78
07/09/2026,15:00:37,27.80,69.00,32.69
07/09/2026,15:01:48,27.80,69.00,32.68
07/09/2026,15:02:58,27.78,69.00,32.66
07/09/2026,15:04:12,27.70,69.00,32.54
07/09/2026,15:05:23,27.74,68.00,32.47
07/09/2026,15:06:34,27.75,68.00,32.48
07/09/2026,15:07:45,27.68,68.00,32.37
07/09/2026,15:08:56,27.69,68.00,32.39
07/09/2026,15:10:09,27.71,68.00,32.43
07/09/2026,15:11:20,27.70,68.00,32.40
07/09/2026,15:12:31,27.68,67.88,32.36
07/09/2026,15:13:42,27.71,67.08,32.30
07/09/2026,15:14:53,27.78,67.04,32.41
07/09/2026,15:16:06,27.67,67.00,32.23
07/09/2026,15:17:17,27.60,67.00,32.13
07/09/2026,15:18:28,27.59,66.96,32.11
07/09/2026,15:19:39,27.51,66.92,31.98
07/09/2026,15:20:50,27.50,66.38,31.90
07/09/2026,15:22:03,27.51,66.36,31.91
07/09/2026,15:23:14,27.55,66.62,32.01
07/09/2026,15:24:25,27.60,66.32,32.04
07/09/2026,15:25:36,27.60,66.33,32.04
07/09/2026,15:26:47,27.59,66.00,31.98
07/09/2026,15:28:00,27.50,66.00,31.86
07/09/2026,15:29:11,27.50,66.00,31.85
07/09/2026,15:30:22,27.49,66.00,31.84
07/09/2026,15:31:33,27.49,66.00,31.84
07/09/2026,15:32:44,27.49,66.00,31.84
07/09/2026,15:33:57,27.50,66.00,31.85
07/09/2026,15:35:08,27.50,66.00,31.85
07/09/2026,15:36:19,27.51,66.00,31.86
07/09/2026,15:37:30,27.50,66.00,31.86
07/09/2026,15:38:41,27.50,66.00,31.85
07/09/2026,15:39:54,27.50,66.00,31.85
07/09/2026,15:41:05,27.49,66.00,31.83
07/09/2026,15:42:16,27.43,66.00,31.75
07/09/2026,15:43:27,27.49,65.65,31.80
07/09/2026,15:44:38,27.49,65.56,31.78
07/09/2026,15:45:51,27.50,65.62,31.81
07/09/2026,15:47:02,27.48,65.96,31.82
07/09/2026,15:48:13,27.47,65.79,31.77
07/09/2026,15:49:24,27.45,66.00,31.77
07/09/2026,15:50:35,27.41,66.00,31.72
07/09/2026,15:51:48,27.39,66.00,31.69
07/09/2026,15:52:59,27.39,66.29,31.72
07/09/2026,15:54:10,27.32,66.00,31.59
07/09/2026,15:55:21,27.30,66.96,31.67
07/09/2026,15:56:32,27.32,66.79,31.68
07/09/2026,15:57:45,27.40,66.00,31.70
07/09/2026,15:58:56,27.38,65.96,31.67
07/09/2026,16:00:07,27.35,65.77,31.59
07/09/2026,16:01:18,27.31,66.00,31.57
07/09/2026,16:02:29,27.38,66.00,31.67
07/09/2026,16:03:42,27.37,66.00,31.66
07/09/2026,16:04:53,27.36,66.00,31.64
07/09/2026,16:06:04,27.35,66.00,31.63
07/09/2026,16:07:15,27.39,66.00,31.69
07/09/2026,16:08:26,27.36,66.04,31.64
07/09/2026,16:09:39,27.37,66.00,31.65
07/09/2026,16:10:50,27.32,66.00,31.58
07/09/2026,16:12:01,27.38,66.00,31.67
07/09/2026,16:13:12,27.31,66.00,31.56
07/09/2026,16:14:23,27.20,66.19,31.43
07/09/2026,16:15:36,27.21,67.00,31.54
07/09/2026,16:16:47,27.30,67.00,31.67
07/09/2026,16:17:58,27.30,67.00,31.67
07/09/2026,16:19:09,27.21,66.96,31.53
07/09/2026,16:20:20,27.20,67.00,31.53
07/09/2026,16:21:33,27.21,67.00,31.54
07/09/2026,16:22:44,27.25,66.89,31.59
07/09/2026,16:23:55,27.28,66.84,31.63
07/09/2026,16:25:06,27.29,66.50,31.60
07/09/2026,16:26:17,27.32,66.00,31.58
07/09/2026,16:27:30,27.41,66.85,31.82
07/09/2026,16:28:41,27.42,67.00,31.85
07/09/2026,16:29:52,27.48,67.00,31.95
07/09/2026,16:31:03,27.50,67.00,31.98
07/09/2026,16:32:14,27.53,67.00,32.03
07/09/2026,16:34:06,27.93,61.84,31.96
07/09/2026,16:35:17,27.81,62.48,31.87
07/09/2026,16:36:28,27.72,62.17,31.69
07/09/2026,16:37:39,27.62,62.00,31.52
07/09/2026,16:38:50,27.61,61.64,31.46
07/09/2026,16:40:02,27.59,61.00,31.35
07/09/2026,16:41:13,27.50,61.04,31.23
07/09/2026,16:42:24,27.46,62.00,31.29
07/09/2026,16:43:35,27.48,61.20,31.22
07/09/2026,16:44:46,27.40,61.00,31.08
07/09/2026,16:45:57,27.40,61.00,31.08
07/09/2026,16:47:08,27.43,61.00,31.11
07/09/2026,16:48:19,27.50,60.64,31.17
07/09/2026,16:49:30,27.50,60.00,31.09
07/09/2026,16:50:42,27.50,59.42,31.02
07/09/2026,16:51:53,27.40,59.00,30.82
07/09/2026,16:53:04,27.47,59.12,30.93
07/09/2026,16:54:15,27.09,58.24,30.28
07/09/2026,19:18:53,28.40,56.00,31.88
07/09/2026,19:20:08,28.41,61.33,32.60
07/09/2026,19:21:19,28.32,60.50,32.36
07/09/2026,19:22:30,28.22,60.00,32.14
07/09/2026,19:23:41,28.12,60.00,32.00
07/09/2026,19:24:51,28.04,60.00,31.88
07/09/2026,19:26:06,28.00,60.00,31.82
07/09/2026,19:27:17,28.00,60.00,31.82
07/09/2026,19:28:28,27.98,60.00,31.80
07/09/2026,19:29:39,27.92,60.00,31.71
07/09/2026,19:30:50,27.89,60.00,31.66
07/09/2026,19:32:03,27.87,60.00,31.63
07/09/2026,19:33:14,27.86,60.00,31.61
07/09/2026,19:34:25,27.84,59.92,31.58
07/09/2026,19:35:35,27.84,59.00,31.46
07/09/2026,19:36:46,27.83,59.00,31.44
07/09/2026,19:38:00,27.81,59.00,31.42
07/09/2026,19:39:11,27.81,59.00,31.41
07/09/2026,19:40:22,27.80,59.00,31.40
07/09/2026,19:59:05,28.18,58.72,31.92
07/09/2026,20:00:18,28.01,59.00,31.71
07/09/2026,20:01:29,27.95,59.00,31.62
07/09/2026,20:16:00,28.40,58.84,32.26
07/09/2026,20:17:11,28.47,58.08,32.25
07/09/2026,20:18:22,28.48,58.00,32.26
07/09/2026,20:19:33,28.40,58.00,32.14
07/09/2026,20:20:44,28.40,58.00,32.14
07/09/2026,20:21:57,28.38,57.81,32.09
07/09/2026,20:23:08,28.34,57.76,32.02
07/09/2026,20:24:19,28.40,58.76,32.24
07/09/2026,20:25:30,28.40,58.00,32.15
07/09/2026,20:26:41,28.46,58.00,32.23
07/09/2026,20:27:54,28.50,57.30,32.20
07/09/2026,20:29:05,28.49,57.12,32.15
07/09/2026,20:30:16,28.43,57.77,32.16
07/09/2026,20:31:27,28.46,58.00,32.24
07/09/2026,20:32:38,28.49,58.00,32.27
07/09/2026,20:33:51,28.46,58.00,32.23
07/09/2026,20:35:02,28.41,57.92,32.14
07/09/2026,20:36:13,28.40,57.04,32.02
07/09/2026,20:37:24,28.40,57.00,32.01
07/09/2026,20:38:35,28.40,57.28,32.05
07/09/2026,20:39:49,28.41,57.19,32.05
07/09/2026,20:41:00,28.40,57.31,32.06
07/09/2026,20:42:11,28.40,58.00,32.15
07/09/2026,20:43:22,28.41,57.76,32.13
08/09/2026,09:18:19,29.33,71.00,35.35
08/09/2026,09:19:30,29.40,71.00,35.45
08/09/2026,09:20:41,29.42,71.00,35.49
08/09/2026,09:21:52,29.50,71.00,35.61
08/09/2026,09:23:03,29.50,71.00,35.62
08/09/2026,09:24:17,29.49,71.00,35.60
08/09/2026,09:25:28,29.50,71.84,35.74
08/09/2026,09:26:39,29.50,72.00,35.76
08/09/2026,09:27:50,29.48,72.00,35.73
08/09/2026,09:29:01,29.50,72.00,35.76
08/09/2026,09:30:14,29.60,72.05,35.94
08/09/2026,09:31:25,29.70,72.96,36.23
08/09/2026,09:36:43,29.99,71.04,36.41
08/09/2026,09:37:54,30.00,71.00,36.42
08/09/2026,09:39:04,30.00,71.00,36.41
08/09/2026,09:40:15,29.95,71.00,36.34
08/09/2026,09:41:26,29.92,71.00,36.29
08/09/2026,09:42:40,29.91,71.16,36.30
08/09/2026,09:43:51,29.90,72.00,36.41
08/09/2026,09:45:02,29.92,72.00,36.44
08/09/2026,09:46:13,29.97,72.00,36.52
08/09/2026,09:47:24,29.96,72.00,36.50
08/09/2026,09:48:37,29.97,72.00,36.52
08/09/2026,09:49:48,29.96,72.00,36.51
08/09/2026,09:50:59,29.97,72.00,36.51
08/09/2026,09:52:10,29.85,72.00,36.32
08/09/2026,09:53:21,29.49,70.89,35.58
08/09/2026,09:54:35,29.05,70.00,34.76
08/09/2026,09:55:45,28.64,69.73,34.09
08/09/2026,09:56:56,28.35,69.23,33.56
08/09/2026,09:58:07,28.07,69.25,33.14
08/09/2026,09:59:18,27.88,70.00,32.94
08/09/2026,10:00:32,27.72,69.19,32.59
08/09/2026,10:01:42,27.53,69.00,32.28
08/09/2026,10:02:53,27.35,68.12,31.89
08/09/2026,10:04:04,27.20,68.00,31.64
08/09/2026,10:05:15,27.07,67.04,31.34
08/09/2026,10:06:30,26.87,67.00,31.03
08/09/2026,10:07:41,27.06,68.56,31.50
08/09/2026,10:08:52,27.57,69.00,32.34
08/09/2026,10:10:03,28.00,68.44,32.93
08/09/2026,10:11:14,28.31,67.93,33.33
08/09/2026,10:13:56,28.68,66.25,33.67
08/09/2026,10:15:07,28.78,66.00,33.79
08/09/2026,10:16:18,28.88,66.00,33.95
08/09/2026,10:17:29,28.92,66.00,34.02
08/09/2026,10:18:40,28.96,65.00,33.93
08/09/2026,10:19:53,28.90,65.00,33.83
08/09/2026,10:21:04,28.90,65.00,33.84
08/09/2026,10:22:15,28.90,65.00,33.83
08/09/2026,10:23:26,28.86,65.00,33.78
08/09/2026,10:24:37,28.81,65.00,33.71
08/09/2026,10:25:50,28.80,65.00,33.69
08/09/2026,10:27:01,28.77,64.88,33.63
08/09/2026,10:28:12,28.72,65.00,33.57
08/09/2026,10:29:23,28.72,64.40,33.48
08/09/2026,10:30:34,28.70,64.00,33.40
08/09/2026,10:31:47,28.70,64.48,33.46
08/09/2026,10:32:58,28.80,65.00,33.68
08/09/2026,10:34:09,28.89,64.79,33.80
08/09/2026,10:35:20,28.94,64.00,33.76
08/09/2026,10:36:31,29.00,64.00,33.85
08/09/2026,10:37:44,29.00,64.00,33.86
08/09/2026,10:38:55,29.02,64.00,33.88
08/09/2026,10:45:56,29.36,63.04,34.26
08/09/2026,10:47:07,29.40,63.00,34.33
08/09/2026,10:48:18,29.41,63.00,34.34
08/09/2026,10:49:29,29.47,62.79,34.41
08/09/2026,10:50:39,29.50,62.08,34.34
08/09/2026,10:51:53,29.42,62.00,34.22
08/09/2026,10:53:04,29.44,62.09,34.26
08/09/2026,10:54:15,29.50,62.08,34.34
08/09/2026,10:55:26,29.49,62.00,34.32
08/09/2026,10:56:37,29.41,62.00,34.20
08/09/2026,10:57:50,29.40,62.00,34.18
08/09/2026,10:59:01,29.40,62.00,34.18
08/09/2026,11:00:12,29.35,62.00,34.11
08/09/2026,11:01:23,29.28,62.08,34.02
08/09/2026,11:02:34,29.23,62.96,34.05
08/09/2026,11:03:47,29.33,63.00,34.22
08/09/2026,11:04:58,29.46,63.00,34.41
08/09/2026,11:06:09,29.51,63.00,34.49
08/09/2026,11:08:49,29.60,63.00,34.63
08/09/2026,11:10:00,29.60,63.00,34.63
08/09/2026,11:11:11,29.60,63.00,34.64
08/09/2026,11:12:22,29.67,63.00,34.73
08/09/2026,11:13:33,29.70,63.46,34.86
08/09/2026,11:14:47,29.79,63.88,35.05
08/09/2026,11:15:58,28.38,63.85,32.90
08/09/2026,11:17:09,29.85,64.00,35.16
08/09/2026,11:18:20,29.82,63.36,35.01
08/09/2026,11:19:31,29.81,63.00,34.95
08/09/2026,11:20:44,29.78,63.00,34.91
08/09/2026,11:21:55,29.70,63.38,34.83
08/09/2026,11:23:06,29.70,63.65,34.87
08/09/2026,11:24:17,29.71,63.00,34.80
08/09/2026,11:25:28,29.71,63.00,34.80
08/09/2026,11:26:41,29.70,63.00,34.78
08/09/2026,11:27:52,29.70,63.00,34.78
08/09/2026,11:29:03,29.69,63.00,34.77
08/09/2026,11:30:14,29.66,63.00,34.72
08/09/2026,11:31:25,29.61,63.00,34.64
08/09/2026,11:32:39,29.60,63.00,34.64
08/09/2026,11:33:50,29.56,63.54,34.64
08/09/2026,11:35:00,29.60,64.00,34.77
08/09/2026,11:36:11,29.64,64.00,34.83
08/09/2026,11:37:22,29.70,64.00,34.93
08/09/2026,11:38:36,29.70,64.00,34.93
08/09/2026,11:39:46,29.65,64.00,34.85
08/09/2026,11:40:57,29.60,64.00,34.77
08/09/2026,11:42:08,29.59,64.00,34.75
08/09/2026,11:43:19,29.51,64.00,34.63
08/09/2026,11:44:33,29.47,64.00,34.58
08/09/2026,11:45:43,29.42,64.00,34.50
08/09/2026,11:46:54,29.40,64.00,34.46
08/09/2026,11:48:05,29.40,64.00,34.47
08/09/2026,11:49:16,29.36,64.00,34.41
08/09/2026,11:50:30,29.30,64.04,34.31
08/09/2026,11:51:40,29.24,64.85,34.34
08/09/2026,11:52:51,29.20,65.00,34.30
08/09/2026,11:54:02,29.13,65.00,34.19
08/09/2026,11:55:13,29.10,65.00,34.15
08/09/2026,11:56:27,29.10,65.00,34.15
08/09/2026,11:57:37,29.10,65.00,34.14
08/09/2026,11:58:48,29.03,65.00,34.04
08/09/2026,11:59:59,29.02,65.00,34.03
08/09/2026,12:01:10,29.01,65.00,34.01
08/09/2026,12:02:24,29.03,65.00,34.04
08/09/2026,12:03:35,29.03,65.00,34.04
08/09/2026,12:04:46,29.00,65.00,34.00
08/09/2026,12:05:56,29.00,65.00,33.99
08/09/2026,12:07:07,29.00,65.00,33.99
08/09/2026,12:08:21,29.00,65.00,33.99
08/09/2026,12:09:32,29.00,65.00,34.00
08/09/2026,12:10:43,29.00,65.00,33.99
08/09/2026,12:11:53,29.00,65.00,33.99
08/09/2026,12:13:04,29.00,65.00,33.99
08/09/2026,12:14:18,29.00,65.00,34.00
08/09/2026,12:15:29,29.00,65.00,33.99
08/09/2026,12:16:40,29.01,65.00,34.01
08/09/2026,12:17:51,29.00,65.00,33.99
08/09/2026,12:19:02,28.99,65.00,33.98
08/09/2026,12:20:15,29.00,65.00,33.99
08/09/2026,12:21:26,29.00,65.00,33.99
08/09/2026,12:22:37,29.01,65.00,34.01
08/09/2026,12:23:48,29.03,65.00,34.04
08/09/2026,12:24:59,29.01,65.00,34.02
08/09/2026,12:26:12,29.00,65.00,33.99
08/09/2026,12:27:23,29.00,64.92,33.98
08/09/2026,12:28:34,29.00,64.83,33.97
08/09/2026,12:29:45,28.99,65.00,33.98
08/09/2026,12:30:56,28.97,65.00,33.94
08/09/2026,12:32:10,28.97,65.00,33.94
08/09/2026,12:33:21,28.99,65.00,33.97
08/09/2026,12:34:32,28.99,65.00,33.98
08/09/2026,12:35:43,29.00,65.00,33.99
08/09/2026,12:36:54,29.00,65.00,33.99
08/09/2026,12:38:07,28.97,65.00,33.94
08/09/2026,12:39:18,28.96,65.00,33.93
08/09/2026,12:40:29,28.94,65.00,33.90
08/09/2026,12:41:40,28.97,65.00,33.95
08/09/2026,12:42:51,29.00,65.00,33.99
08/09/2026,12:44:09,29.00,65.00,33.99
08/09/2026,12:45:20,29.03,65.00,34.04
08/09/2026,12:46:31,29.10,65.00,34.14
08/09/2026,12:47:42,29.19,65.00,34.28
08/09/2026,12:48:53,29.26,64.00,34.25
08/09/2026,12:50:06,29.30,64.00,34.31
08/09/2026,12:51:17,29.31,64.00,34.34
08/09/2026,12:52:28,29.38,64.00,34.44
08/09/2026,12:53:39,29.40,64.00,34.47
08/09/2026,12:54:50,29.40,64.00,34.47
08/09/2026,12:56:03,29.41,64.00,34.48
08/09/2026,12:57:14,29.47,64.00,34.58
08/09/2026,12:58:25,29.48,64.00,34.60
08/09/2026,12:59:36,29.50,64.00,34.62
08/09/2026,13:00:47,29.49,64.00,34.60
08/09/2026,13:02:00,29.48,64.00,34.59
08/09/2026,13:03:11,29.49,64.00,34.60
08/09/2026,13:04:22,29.48,64.00,34.58
08/09/2026,13:05:33,29.49,64.00,34.60
08/09/2026,13:06:44,29.41,63.96,34.48
08/09/2026,13:07:57,29.26,64.00,34.26
08/09/2026,13:09:08,29.16,64.00,34.10
08/09/2026,13:10:19,29.05,64.00,33.93
08/09/2026,13:11:30,29.00,64.00,33.85
08/09/2026,13:12:41,28.95,64.00,33.79
08/09/2026,13:13:54,28.90,64.00,33.70
08/09/2026,13:15:05,28.91,64.00,33.71
08/09/2026,13:16:16,28.90,64.00,33.70
08/09/2026,13:17:27,28.90,64.00,33.70
08/09/2026,13:18:38,28.89,64.42,33.75
08/09/2026,13:19:51,28.87,64.91,33.77
08/09/2026,13:21:02,28.81,65.00,33.70
08/09/2026,13:22:13,28.90,65.00,33.83
08/09/2026,13:23:24,28.90,65.00,33.83
08/09/2026,13:24:35,28.88,65.00,33.82
08/09/2026,13:25:48,28.84,65.00,33.75
08/09/2026,13:26:59,28.84,65.00,33.75
08/09/2026,13:28:10,28.87,65.00,33.79
08/09/2026,13:29:21,28.79,65.00,33.67
08/09/2026,13:30:32,28.78,65.00,33.65
08/09/2026,13:31:45,28.76,65.00,33.62
08/09/2026,13:32:56,28.79,65.00,33.67
08/09/2026,13:34:07,28.74,65.00,33.60
08/09/2026,13:35:18,28.78,65.00,33.66
08/09/2026,13:36:29,28.80,65.00,33.68
08/09/2026,13:37:43,28.79,65.00,33.67
08/09/2026,13:38:53,28.77,65.00,33.65
08/09/2026,13:40:04,28.77,65.00,33.64
08/09/2026,13:41:15,28.79,65.00,33.67
08/09/2026,13:42:26,28.80,65.00,33.69
08/09/2026,13:43:40,28.80,65.00,33.69
08/09/2026,13:44:50,28.80,65.00,33.68
08/09/2026,13:46:01,28.79,65.00,33.67
08/09/2026,13:47:12,28.80,65.00,33.69
08/09/2026,13:48:23,28.80,65.00,33.69
08/09/2026,13:49:37,28.80,65.00,33.69
08/09/2026,13:50:48,28.80,65.00,33.69
08/09/2026,13:51:59,28.80,65.00,33.69
08/09/2026,13:53:09,28.80,65.00,33.69
08/09/2026,13:54:20,28.84,65.00,33.75
08/09/2026,13:55:34,28.90,65.00,33.83
08/09/2026,13:56:45,28.89,65.00,33.82
08/09/2026,13:57:56,28.82,65.00,33.72
08/09/2026,13:59:07,28.81,65.00,33.71
08/09/2026,14:00:18,28.80,65.00,33.69
08/09/2026,14:01:31,28.80,65.00,33.69
08/09/2026,14:02:42,28.80,65.00,33.69
08/09/2026,14:03:53,28.81,65.67,33.80
08/09/2026,14:05:04,28.90,65.19,33.87
08/09/2026,14:06:15,28.90,65.00,33.84
08/09/2026,14:07:28,28.90,65.08,33.85
08/09/2026,14:08:39,28.94,65.00,33.91
08/09/2026,14:09:50,28.99,65.00,33.98
08/09/2026,14:11:01,29.00,65.00,33.99
08/09/2026,14:12:12,28.99,65.00,33.98
08/09/2026,14:13:25,29.00,65.00,33.99
08/09/2026,14:14:36,29.00,65.00,33.99
08/09/2026,14:15:47,29.00,65.00,33.99
08/09/2026,14:16:58,29.00,65.00,33.99
08/09/2026,14:18:09,29.00,65.00,33.99
08/09/2026,14:19:23,29.00,65.00,33.99
08/09/2026,14:20:34,28.98,65.00,33.96
08/09/2026,14:21:44,28.92,64.68,33.82
08/09/2026,14:22:55,28.92,65.00,33.87
08/09/2026,14:24:06,28.93,65.00,33.88
08/09/2026,14:25:20,28.96,65.00,33.93
08/09/2026,14:26:31,28.99,65.00,33.98
08/09/2026,14:27:42,28.97,65.00,33.95
08/09/2026,14:28:53,28.95,65.00,33.92
08/09/2026,14:30:04,28.96,65.00,33.93
08/09/2026,14:31:17,28.92,65.00,33.87
08/09/2026,14:32:28,28.89,65.00,33.83
08/09/2026,14:33:39,28.84,65.00,33.75
08/09/2026,14:34:50,28.79,65.16,33.69
08/09/2026,14:36:01,28.74,66.00,33.74
08/09/2026,14:37:14,28.79,66.00,33.81
08/09/2026,14:38:25,28.80,66.00,33.82
08/09/2026,14:39:36,28.76,66.00,33.77
08/09/2026,14:40:47,28.77,66.00,33.78
08/09/2026,14:41:58,28.81,66.00,33.84
08/09/2026,14:43:11,28.81,66.00,33.84
08/09/2026,14:44:22,28.80,66.00,33.82
08/09/2026,14:45:33,28.80,66.00,33.82
08/09/2026,14:46:44,28.80,66.00,33.82
08/09/2026,14:47:55,28.80,66.00,33.82
08/09/2026,14:49:08,28.77,66.00,33.77
08/09/2026,14:50:19,28.76,66.00,33.77
08/09/2026,14:51:30,28.73,66.00,33.72
08/09/2026,14:52:41,28.78,66.00,33.79
08/09/2026,14:53:52,28.80,66.00,33.82
08/09/2026,14:55:05,28.80,66.00,33.82
08/09/2026,14:56:16,28.80,66.00,33.82
08/09/2026,14:57:27,28.80,66.00,33.83
08/09/2026,14:58:38,28.80,66.00,33.82
08/09/2026,14:59:49,28.81,66.00,33.84
08/09/2026,15:01:02,28.80,66.00,33.83
08/09/2026,15:02:13,28.80,66.00,33.83
08/09/2026,15:03:24,28.80,66.00,33.82
08/09/2026,15:04:35,28.80,66.67,33.92
08/09/2026,15:05:46,28.80,67.00,33.97
08/09/2026,15:06:59,28.81,67.00,33.98
08/09/2026,15:08:10,28.82,67.00,33.99
08/09/2026,15:09:21,28.82,67.00,33.99
08/09/2026,15:10:32,28.82,67.00,33.98
08/09/2026,15:11:43,28.82,67.00,34.00
08/09/2026,15:12:57,28.86,67.00,34.05
08/09/2026,15:14:08,28.87,67.00,34.07
08/09/2026,15:15:19,28.88,67.00,34.08
08/09/2026,15:16:30,28.89,67.08,34.11
08/09/2026,15:17:41,28.84,67.85,34.14
08/09/2026,15:18:54,28.80,68.00,34.10
08/09/2026,15:20:05,28.80,68.00,34.09
08/09/2026,15:21:16,28.77,68.00,34.05
08/09/2026,15:22:27,28.71,68.00,33.95
08/09/2026,15:23:38,28.70,68.35,34.00
08/09/2026,15:24:51,28.71,68.88,34.07
08/09/2026,15:26:02,28.70,68.96,34.08
08/09/2026,15:27:13,28.70,69.00,34.08
08/09/2026,15:28:24,28.70,69.00,34.08
08/09/2026,15:29:35,28.70,68.96,34.08
08/09/2026,15:30:48,28.70,68.96,34.08
08/09/2026,15:31:59,28.70,68.68,34.04
08/09/2026,15:33:10,28.72,68.00,33.97
08/09/2026,15:34:21,28.70,68.00,33.94
08/09/2026,15:35:32,28.70,68.00,33.94
08/09/2026,15:36:45,28.70,68.00,33.94
08/09/2026,15:37:56,28.70,68.00,33.94
08/09/2026,15:39:07,28.69,68.00,33.93
08/09/2026,15:40:18,28.69,68.00,33.93
08/09/2026,15:41:29,28.69,68.00,33.93
08/09/2026,15:42:42,28.70,68.00,33.94
08/09/2026,15:43:53,28.68,68.00,33.91
08/09/2026,15:45:04,28.68,68.00,33.91
08/09/2026,15:46:15,28.68,68.00,33.92
08/09/2026,15:47:26,28.69,67.73,33.89
08/09/2026,15:48:40,28.68,67.13,33.79
08/09/2026,15:49:51,28.70,67.00,33.81
08/09/2026,15:51:02,28.70,67.00,33.80
08/09/2026,15:52:12,28.70,67.00,33.80
08/09/2026,15:53:23,28.68,67.00,33.78
08/09/2026,15:54:37,28.69,67.00,33.79
08/09/2026,15:55:48,28.69,67.00,33.79
08/09/2026,15:56:59,28.70,67.00,33.80
08/09/2026,15:58:09,28.69,67.00,33.79
08/09/2026,15:59:20,28.69,67.00,33.79
08/09/2026,16:00:34,28.67,67.00,33.77
08/09/2026,16:01:45,28.63,67.00,33.71
08/09/2026,16:02:56,28.63,67.00,33.70
08/09/2026,16:04:07,28.61,67.00,33.67
08/09/2026,16:05:18,28.60,67.00,33.65
08/09/2026,16:06:32,28.59,66.95,33.64
08/09/2026,16:07:43,28.66,67.00,33.75
08/09/2026,16:08:54,28.70,67.00,33.81
08/09/2026,16:10:05,28.70,66.12,33.69
08/09/2026,16:11:16,28.71,66.00,33.69
08/09/2026,16:12:30,28.71,66.00,33.68
08/09/2026,16:13:41,28.74,66.00,33.73
08/09/2026,16:14:52,28.73,66.08,33.73
08/09/2026,16:16:03,28.74,66.00,33.73
08/09/2026,16:17:14,28.72,66.00,33.70
08/09/2026,16:18:27,28.72,66.00,33.70
08/09/2026,16:19:38,28.70,66.00,33.68
08/09/2026,16:20:49,28.75,66.00,33.74
08/09/2026,16:22:00,28.73,66.00,33.72
08/09/2026,16:23:11,28.72,66.00,33.70
08/09/2026,16:24:24,28.71,66.00,33.69
08/09/2026,16:25:35,28.70,66.00,33.68
08/09/2026,16:26:46,28.73,66.00,33.72
08/09/2026,16:27:57,28.73,66.00,33.71
08/09/2026,16:29:08,28.70,66.00,33.68
08/09/2026,16:30:21,28.70,66.00,33.68
08/09/2026,16:31:32,28.70,66.00,33.67
08/09/2026,16:32:43,28.70,66.00,33.67
08/09/2026,16:33:54,28.70,66.00,33.66
08/09/2026,16:35:05,28.70,66.00,33.68
08/09/2026,16:36:19,28.70,66.16,33.69
08/09/2026,16:37:29,28.70,66.04,33.68
08/09/2026,16:38:40,28.70,66.00,33.67
08/09/2026,16:39:51,28.70,66.12,33.69
08/09/2026,16:41:02,28.70,66.96,33.80
08/09/2026,16:42:16,28.70,67.00,33.81
08/09/2026,16:43:27,28.70,67.00,33.80
08/09/2026,16:44:38,28.70,67.00,33.81
08/09/2026,16:45:49,28.72,67.00,33.83
08/09/2026,16:47:00,28.75,66.52,33.82
08/09/2026,16:48:13,28.73,66.00,33.72
08/09/2026,16:49:24,28.76,66.04,33.76
08/09/2026,16:50:35,28.83,66.56,33.95
08/09/2026,16:51:46,28.91,66.00,34.00
08/09/2026,16:52:57,28.98,66.00,34.09
08/09/2026,16:54:10,29.00,65.32,34.04
08/09/2026,16:55:21,29.01,65.19,34.04
08/09/2026,16:56:32,29.05,65.00,34.07
08/09/2026,16:57:43,29.10,65.00,34.14
08/09/2026,16:58:54,29.12,65.04,34.18
08/09/2026,17:00:08,29.19,65.54,34.36
08/09/2026,17:01:19,29.14,65.24,34.25
08/09/2026,17:02:29,29.10,65.38,34.20
08/09/2026,17:03:40,29.11,65.19,34.19
08/09/2026,17:04:51,29.19,66.00,34.42
08/09/2026,17:06:04,29.20,65.23,34.33
08/09/2026,17:07:15,29.38,65.53,34.65
08/09/2026,17:08:26,29.38,65.04,34.59
08/09/2026,17:09:37,29.33,65.00,34.50
08/09/2026,17:10:48,29.30,65.00,34.45
08/09/2026,17:12:02,29.21,65.00,34.32
08/09/2026,17:13:13,29.14,65.00,34.20
08/09/2026,17:14:24,29.08,65.00,34.12
08/09/2026,17:15:35,29.02,65.00,34.02
08/09/2026,17:16:46,29.01,65.00,34.01
08/09/2026,17:17:59,29.01,65.00,34.01
08/09/2026,17:19:10,29.03,65.00,34.04
08/09/2026,17:20:21,29.10,65.00,34.14
08/09/2026,17:21:32,29.10,65.00,34.14
08/09/2026,17:22:43,29.02,65.00,34.03
08/09/2026,17:23:56,29.01,65.00,34.01
08/09/2026,17:25:07,29.00,65.00,33.99
08/09/2026,17:26:18,29.01,65.00,34.01
08/09/2026,17:27:29,29.00,65.00,33.99
08/09/2026,17:28:40,28.94,65.04,33.91
08/09/2026,17:29:54,28.90,65.42,33.90
08/09/2026,17:31:05,28.89,66.00,33.96
08/09/2026,17:32:16,28.82,66.00,33.85
08/09/2026,17:33:27,28.80,66.00,33.82
08/09/2026,17:34:38,28.80,66.00,33.82
08/09/2026,17:35:51,28.80,66.00,33.82
08/09/2026,17:37:02,28.80,66.00,33.82
08/09/2026,17:38:13,28.81,66.00,33.84
08/09/2026,17:39:24,28.81,66.00,33.84
08/09/2026,17:40:35,28.88,66.38,34.00
08/09/2026,17:41:48,28.89,66.40,34.02
08/09/2026,17:42:59,28.90,66.00,33.97
08/09/2026,17:44:10,28.85,66.50,33.98
08/09/2026,17:45:21,28.91,67.00,34.13
08/09/2026,17:46:32,29.00,67.00,34.27
08/09/2026,17:47:46,29.10,67.00,34.42
08/09/2026,17:48:57,29.10,66.16,34.31
08/09/2026,17:50:08,29.10,66.00,34.29
08/09/2026,17:51:18,29.17,66.00,34.39
09/09/2026,17:41:01,26.59,73.05,31.34
09/09/2026,17:42:12,26.68,73.00,31.47
09/09/2026,17:43:23,26.70,73.00,31.50
09/09/2026,17:44:34,26.70,73.00,31.50
09/09/2026,17:45:45,26.70,73.00,31.50
09/09/2026,17:47:00,26.75,73.00,31.58
09/09/2026,17:48:10,26.73,72.92,31.55
09/09/2026,17:49:21,26.70,72.96,31.50
09/09/2026,17:50:32,26.80,72.33,31.58
09/09/2026,17:51:43,26.88,72.86,31.76
09/09/2026,17:52:58,26.65,71.62,31.26
09/09/2026,17:54:09,26.19,72.19,30.64
09/09/2026,17:55:20,25.90,72.96,30.29
09/09/2026,17:56:31,25.58,73.27,29.83
09/09/2026,17:57:42,25.32,74.00,29.53
09/09/2026,17:58:55,25.40,74.38,29.70
09/09/2026,18:00:06,25.47,74.00,29.76
09/09/2026,18:01:17,25.51,74.00,29.81
09/09/2026,18:02:28,25.61,74.00,29.97
09/09/2026,18:03:39,25.62,74.00,29.98
09/09/2026,18:04:52,25.70,73.19,30.00
09/09/2026,18:06:03,25.56,73.00,29.78
09/09/2026,18:07:14,25.52,74.00,29.83
09/09/2026,18:08:25,25.42,74.00,29.67
09/09/2026,18:09:36,25.21,74.00,29.36
09/09/2026,18:10:49,25.01,74.78,29.15
09/09/2026,18:12:00,25.03,75.00,29.20
09/09/2026,18:13:11,24.99,75.00,29.15
09/09/2026,18:14:22,24.85,75.00,28.93
09/09/2026,18:15:33,24.86,75.00,28.94
09/09/2026,18:16:46,24.85,75.00,28.94
09/09/2026,18:17:57,25.00,75.00,29.15
09/09/2026,18:19:08,25.14,74.27,29.29
09/09/2026,18:20:19,25.20,74.00,29.35
09/09/2026,18:21:30,25.20,74.00,29.35
09/09/2026,18:22:44,25.03,74.00,29.10
09/09/2026,18:23:55,24.90,74.48,28.96
09/09/2026,18:25:06,24.68,74.72,28.66
09/09/2026,18:26:17,24.45,75.81,28.42
09/09/2026,18:27:28,24.35,76.33,28.33
09/09/2026,18:28:41,24.13,77.00,28.08
09/09/2026,18:29:52,23.80,77.62,27.64
09/09/2026,18:31:03,23.80,78.00,27.68
09/09/2026,18:32:14,23.93,78.00,27.88
09/09/2026,18:33:25,23.78,77.33,27.59
09/09/2026,18:34:38,23.56,77.92,27.32
09/09/2026,18:35:49,24.30,78.43,28.47
09/09/2026,18:37:00,24.90,76.88,29.21
09/09/2026,18:38:11,24.56,76.27,28.64
09/09/2026,18:39:22,24.92,77.32,29.30
09/09/2026,18:40:36,25.66,76.33,30.30
09/09/2026,18:41:47,26.07,74.76,30.75
09/09/2026,18:42:58,26.32,74.00,31.05
09/09/2026,18:45:22,26.55,73.00,31.27
09/09/2026,18:46:32,26.73,72.43,31.49
09/09/2026,18:47:43,26.80,71.96,31.53
09/09/2026,18:48:54,26.86,71.00,31.50
09/09/2026,18:50:05,26.90,71.00,31.57
09/09/2026,18:51:19,26.90,71.00,31.57
09/09/2026,18:52:30,26.90,71.00,31.57
09/09/2026,18:53:41,26.90,71.00,31.56
09/09/2026,18:54:52,26.89,71.00,31.55
09/09/2026,18:56:03,26.85,71.00,31.50
09/09/2026,18:57:16,26.81,70.09,31.32
09/09/2026,18:58:27,26.77,70.00,31.24
09/09/2026,18:59:38,26.11,70.54,30.32
09/09/2026,19:00:49,25.49,71.33,29.49
09/09/2026,19:02:00,24.82,72.68,28.65
09/09/2026,19:03:13,24.66,75.00,28.65
09/09/2026,19:04:24,24.41,75.00,28.28
09/09/2026,19:05:35,24.39,75.88,28.34
09/09/2026,19:06:46,24.52,75.07,28.45
09/09/2026,19:07:57,24.39,75.19,28.27
09/09/2026,19:09:10,24.27,77.04,28.28
09/09/2026,19:10:21,24.14,78.60,28.25
09/09/2026,19:11:32,24.47,81.56,29.06
09/09/2026,19:12:43,24.83,81.72,29.63
09/09/2026,19:13:54,25.11,80.33,29.91
09/09/2026,19:15:07,25.37,78.71,30.13
09/09/2026,19:16:18,25.54,77.54,30.26
09/09/2026,19:17:29,25.76,76.30,30.45
09/09/2026,19:18:40,25.87,75.77,30.57
09/09/2026,19:19:51,26.00,75.00,30.68
09/09/2026,19:21:05,26.09,74.92,30.80
09/09/2026,19:22:16,26.19,74.16,30.86
09/09/2026,19:23:27,26.20,74.00,30.86
09/09/2026,19:24:38,26.20,74.00,30.86
09/09/2026,19:25:49,26.21,74.00,30.87
09/09/2026,19:27:02,26.29,74.00,31.00
09/09/2026,19:28:13,26.30,74.00,31.00
09/09/2026,19:29:24,26.34,74.00,31.08
09/09/2026,19:30:35,26.39,74.00,31.15
09/09/2026,19:31:46,26.40,74.00,31.16
09/09/2026,19:32:59,26.40,74.00,31.16
09/09/2026,19:34:10,26.39,74.00,31.15
09/09/2026,19:35:21,26.41,74.00,31.18
09/09/2026,19:36:32,26.41,74.00,31.18
09/09/2026,19:37:43,26.47,74.00,31.28
09/09/2026,19:38:56,26.50,74.00,31.31
09/09/2026,19:40:07,26.41,74.00,31.18
09/09/2026,19:41:18,26.31,73.59,30.98
09/09/2026,19:42:29,26.20,73.05,30.75
09/09/2026,19:43:40,26.10,73.00,30.58
09/09/2026,19:44:53,26.04,73.00,30.50
09/09/2026,19:46:04,26.00,73.00,30.44
09/09/2026,19:47:15,26.00,72.32,30.36
09/09/2026,19:48:26,26.00,72.00,30.33
09/09/2026,19:49:37,25.99,72.00,30.31
09/09/2026,19:50:51,25.95,72.00,30.25
09/09/2026,19:52:02,25.93,72.00,30.22
09/09/2026,19:53:13,25.91,72.00,30.19
09/09/2026,19:54:24,25.91,72.00,30.19
09/09/2026,19:55:34,25.90,72.00,30.17
09/09/2026,19:56:48,25.90,72.00,30.18
09/09/2026,19:57:59,25.91,72.00,30.19
09/09/2026,19:59:10,25.91,72.00,30.19
09/09/2026,20:00:21,25.91,72.00,30.19
09/09/2026,20:01:32,25.91,72.00,30.19
09/09/2026,20:02:45,25.89,72.00,30.16
09/09/2026,20:03:56,25.90,72.00,30.17
09/09/2026,20:05:07,25.90,72.00,30.18
09/09/2026,20:06:18,25.90,72.00,30.17
09/09/2026,20:07:29,25.91,72.00,30.19
09/09/2026,20:08:43,25.90,72.00,30.17
09/09/2026,20:09:54,25.90,72.00,30.17
09/09/2026,20:11:05,25.90,71.79,30.15
09/09/2026,20:12:16,25.90,71.00,30.06
09/09/2026,20:13:27,25.90,71.00,30.05
09/09/2026,20:14:40,25.90,70.79,30.03
09/09/2026,20:15:51,25.80,70.59,29.86
09/09/2026,20:17:02,25.18,71.16,29.01
09/09/2026,20:18:13,24.52,72.20,28.15
09/09/2026,20:19:24,24.01,74.04,27.59
09/09/2026,20:20:37,23.81,75.29,27.42
09/09/2026,20:21:48,23.72,76.00,27.37
09/09/2026,20:22:59,23.60,76.57,27.25
09/09/2026,20:24:10,23.69,77.00,27.42
09/09/2026,20:25:21,24.07,76.75,27.96
09/09/2026,20:26:34,24.60,76.12,28.69
09/09/2026,20:27:45,24.74,74.96,28.76
09/09/2026,20:28:56,24.44,74.12,28.23
09/09/2026,20:30:07,24.26,75.00,28.05
09/09/2026,20:31:18,24.02,74.27,27.62
09/09/2026,20:32:31,23.90,74.00,27.43
09/09/2026,20:33:42,23.94,74.00,27.48
09/09/2026,20:34:53,23.90,74.00,27.43
09/09/2026,20:36:04,23.68,74.38,27.14
09/09/2026,20:37:15,23.41,75.79,26.89
09/09/2026,20:38:29,23.48,76.96,27.10
09/09/2026,20:39:40,23.74,76.04,27.39
09/09/2026,20:40:51,23.51,75.96,27.05
09/09/2026,20:42:02,23.84,76.17,27.56
09/09/2026,20:43:13,24.30,75.80,28.21
09/09/2026,20:44:26,24.27,75.00,28.07
09/09/2026,20:45:37,23.95,74.25,27.53
09/09/2026,20:46:48,23.99,74.78,27.64
09/09/2026,20:47:59,23.90,73.91,27.41
09/09/2026,20:49:10,23.74,74.08,27.20
09/09/2026,20:50:24,23.87,75.00,27.49
09/09/2026,20:51:35,24.27,74.48,28.02
09/09/2026,20:52:46,24.66,73.68,28.50
09/09/2026,20:53:57,25.04,73.00,29.00
09/09/2026,20:55:08,25.34,72.04,29.34
09/09/2026,20:56:21,25.52,71.92,29.60
09/09/2026,20:57:32,25.65,71.00,29.69
09/09/2026,20:58:43,25.69,71.00,29.74
09/09/2026,20:59:54,25.75,70.54,29.78
09/09/2026,21:01:05,25.82,70.00,29.82
09/09/2026,21:02:19,25.89,70.00,29.93
09/09/2026,21:03:29,25.90,70.00,29.94
09/09/2026,21:04:40,25.93,69.68,29.95
09/09/2026,21:05:51,25.90,69.04,29.83
09/09/2026,21:07:02,25.91,69.00,29.84
09/09/2026,21:08:16,25.98,69.00,29.95
09/09/2026,21:09:27,25.93,69.00,29.87
09/09/2026,21:10:38,25.68,69.04,29.50
09/09/2026,21:11:49,25.88,70.72,29.99
09/09/2026,21:13:00,25.90,70.04,29.95
09/09/2026,21:14:13,25.99,70.44,30.13
09/09/2026,21:15:24,25.86,69.74,29.85
09/09/2026,21:16:35,25.93,70.73,30.07
09/09/2026,21:17:46,26.20,70.00,30.38
09/09/2026,21:18:57,26.32,70.00,30.57
10/09/2026,14:59:24,26.10,54.75,28.47
10/09/2026,15:00:35,26.17,54.00,28.48
10/09/2026,15:01:46,26.19,54.00,28.51
10/09/2026,15:02:57,26.20,54.00,28.52
10/09/2026,15:04:08,26.20,54.00,28.52
10/09/2026,15:05:23,26.22,53.00,28.43
10/09/2026,15:06:34,26.21,53.00,28.42
10/09/2026,15:07:45,26.28,53.00,28.52
10/09/2026,15:08:56,26.25,53.00,28.47
10/09/2026,15:10:07,26.30,53.00,28.54
10/09/2026,15:11:25,26.30,53.00,28.54
10/09/2026,15:12:36,26.30,53.00,28.54
10/09/2026,15:13:47,26.30,53.00,28.54
10/09/2026,15:14:58,26.32,53.00,28.57
10/09/2026,15:16:09,26.39,53.00,28.67
10/09/2026,15:17:22,26.40,53.00,28.68
10/09/2026,15:18:33,26.40,53.00,28.68
10/09/2026,15:19:44,26.40,53.00,28.68
10/09/2026,15:20:55,26.40,53.00,28.68
10/09/2026,15:22:06,26.41,52.67,28.65
10/09/2026,15:23:21,26.42,52.00,28.58
10/09/2026,15:24:32,26.40,52.00,28.56
10/09/2026,15:25:43,26.40,52.00,28.56
10/09/2026,15:26:54,26.41,52.00,28.58
10/09/2026,15:28:05,26.41,52.00,28.57
10/09/2026,15:29:18,26.42,52.00,28.59
10/09/2026,15:30:29,26.41,52.00,28.58
10/09/2026,15:31:40,26.42,52.00,28.58
10/09/2026,15:32:51,26.40,52.00,28.56
10/09/2026,15:34:02,26.40,52.00,28.56
10/09/2026,15:35:16,26.40,52.54,28.62
10/09/2026,15:36:27,26.40,53.00,28.68
10/09/2026,15:37:38,26.40,53.00,28.68
10/09/2026,15:38:49,26.41,53.00,28.69
10/09/2026,15:40:00,26.41,53.00,28.70
10/09/2026,15:41:13,26.43,53.00,28.72
10/09/2026,15:42:24,26.49,53.00,28.80
10/09/2026,15:43:35,26.49,53.00,28.80
10/09/2026,15:44:46,26.50,53.00,28.82
10/09/2026,15:45:57,26.50,53.00,28.81
10/09/2026,15:47:11,26.50,53.00,28.82
10/09/2026,15:48:22,26.49,53.00,28.80
10/09/2026,15:49:33,26.50,53.00,28.82
10/09/2026,15:50:44,26.50,53.17,28.83
10/09/2026,15:51:55,26.49,54.00,28.92
10/09/2026,15:53:08,26.47,54.00,28.89
10/09/2026,15:54:19,26.50,54.00,28.93
10/09/2026,15:55:30,26.53,54.00,28.97
10/09/2026,15:56:41,26.57,53.16,28.93
10/09/2026,15:57:52,26.59,53.00,28.94
10/09/2026,15:59:05,26.59,53.00,28.94
10/09/2026,16:00:16,26.60,53.00,28.95
10/09/2026,16:01:27,26.60,53.00,28.95
10/09/2026,16:02:38,26.60,53.00,28.95
10/09/2026,16:03:49,26.60,53.00,28.95
10/09/2026,16:05:02,26.61,53.00,28.97
10/09/2026,16:06:13,26.60,53.00,28.95
10/09/2026,16:07:24,26.60,53.00,28.95
10/09/2026,16:08:35,26.60,53.04,28.96
10/09/2026,16:09:46,26.60,53.00,28.95
10/09/2026,16:10:59,26.60,53.00,28.95
10/09/2026,16:12:10,26.60,53.00,28.95
10/09/2026,16:13:21,26.60,53.00,28.95
10/09/2026,16:14:32,26.60,53.00,28.95
10/09/2026,16:15:43,26.60,53.00,28.95
10/09/2026,16:16:57,26.60,53.00,28.95
10/09/2026,16:18:08,26.60,53.00,28.95
10/09/2026,16:19:19,26.61,53.00,28.97
10/09/2026,16:20:30,26.63,53.00,28.99
10/09/2026,16:21:41,26.69,53.19,29.10
10/09/2026,16:22:54,26.70,53.96,29.21
10/09/2026,16:24:05,26.70,53.92,29.21
10/09/2026,16:25:16,26.76,53.48,29.23
10/09/2026,16:26:27,26.76,54.00,29.29
10/09/2026,16:27:38,26.80,54.00,29.35
10/09/2026,16:28:51,26.80,54.00,29.36
10/09/2026,16:30:02,26.80,54.00,29.35
10/09/2026,16:31:13,26.80,54.00,29.35
10/09/2026,16:32:24,26.80,54.00,29.35
10/09/2026,16:33:35,26.80,54.00,29.36
10/09/2026,16:34:49,26.80,54.00,29.35
10/09/2026,16:36:00,26.80,54.00,29.35
10/09/2026,16:37:11,26.80,54.00,29.35
10/09/2026,16:38:22,26.80,54.00,29.35
10/09/2026,16:39:33,26.80,54.00,29.35
10/09/2026,16:40:46,26.80,54.00,29.36
10/09/2026,16:41:57,26.81,54.00,29.36
10/09/2026,16:43:08,26.80,54.00,29.35
10/09/2026,16:44:19,26.80,54.00,29.36
10/09/2026,16:45:30,26.80,54.00,29.36
10/09/2026,16:46:44,26.80,54.00,29.35
10/09/2026,16:47:55,26.80,54.00,29.35
10/09/2026,16:49:06,26.78,54.04,29.32
10/09/2026,16:50:17,26.80,54.77,29.44
10/09/2026,16:51:28,26.80,55.00,29.47
10/09/2026,16:52:42,26.80,55.00,29.48
10/09/2026,16:53:53,26.82,55.00,29.50
10/09/2026,17:04:35,28.53,58.67,32.43
10/09/2026,17:05:46,28.85,54.72,32.35
10/09/2026,17:06:57,28.29,52.04,31.19
10/09/2026,17:08:08,27.76,53.00,30.58
10/09/2026,17:09:19,27.44,53.96,30.25
10/09/2026,17:10:32,27.24,54.64,30.05
10/09/2026,17:11:43,27.11,55.00,29.91
10/09/2026,17:17:55,26.60,51.00,28.71
10/09/2026,17:19:10,26.77,56.81,29.65
10/09/2026,17:20:21,26.79,56.00,29.59
10/09/2026,17:21:32,26.80,56.00,29.59
10/09/2026,17:22:43,26.82,56.00,29.62
10/09/2026,17:23:54,26.90,56.00,29.73
10/09/2026,17:25:08,26.89,56.00,29.72
10/09/2026,17:26:19,26.89,56.00,29.72
10/09/2026,17:27:30,26.89,56.00,29.72
10/09/2026,17:28:41,26.87,56.00,29.69
10/09/2026,17:29:52,26.87,56.00,29.69
10/09/2026,17:31:05,26.88,56.00,29.71
10/09/2026,17:32:16,26.88,56.00,29.71
10/09/2026,17:33:27,26.90,56.00,29.74
10/09/2026,17:34:38,26.90,56.00,29.74
10/09/2026,17:35:49,26.90,56.00,29.74
10/09/2026,17:37:02,26.90,56.00,29.74
10/09/2026,17:38:13,26.90,56.00,29.73
10/09/2026,17:39:24,26.90,56.00,29.74
10/09/2026,17:40:35,26.90,56.00,29.74
10/09/2026,17:41:46,26.88,56.00,29.71
10/09/2026,17:43:00,26.82,56.00,29.62
10/09/2026,17:44:11,26.85,56.00,29.67
10/09/2026,17:45:22,26.89,56.00,29.72
10/09/2026,17:46:33,26.87,56.00,29.69
10/09/2026,17:47:44,26.88,56.00,29.71
10/09/2026,17:48:57,26.90,56.00,29.73
10/09/2026,17:50:08,26.90,56.00,29.74
10/09/2026,17:51:19,26.88,56.00,29.71
10/09/2026,17:52:30,26.88,56.00,29.71
10/09/2026,17:53:41,26.88,56.00,29.71
10/09/2026,17:54:54,26.88,56.00,29.71
10/09/2026,17:56:05,26.88,56.00,29.71
10/09/2026,17:57:16,26.90,56.00,29.73
10/09/2026,17:58:27,26.89,56.00,29.72
10/09/2026,17:59:38,26.88,56.00,29.70
10/09/2026,18:00:52,26.90,56.00,29.73
10/09/2026,18:02:03,26.89,56.00,29.72
10/09/2026,18:03:14,26.82,56.00,29.62
10/09/2026,18:04:25,26.81,56.00,29.61
10/09/2026,18:05:36,26.80,56.00,29.59
10/09/2026,18:06:50,26.79,56.00,29.58
10/09/2026,18:08:01,26.81,56.00,29.61
10/09/2026,18:09:12,26.80,56.00,29.59
10/09/2026,18:10:23,26.80,56.00,29.59
10/09/2026,18:11:34,26.80,56.00,29.59
10/09/2026,18:12:47,26.80,56.00,29.59
10/09/2026,18:13:58,26.79,56.00,29.58
10/09/2026,18:15:09,26.80,56.00,29.59
10/09/2026,18:16:20,26.80,56.00,29.60
10/09/2026,18:17:31,26.80,56.00,29.59
10/09/2026,18:18:44,26.76,56.00,29.53
10/09/2026,18:19:55,26.76,56.00,29.53
10/09/2026,18:21:06,26.77,55.36,29.47
10/09/2026,18:22:17,26.74,55.00,29.38
10/09/2026,18:23:28,26.77,55.36,29.47
10/09/2026,18:24:42,26.78,55.04,29.44
10/09/2026,18:25:53,26.76,55.41,29.46
10/09/2026,18:27:04,26.79,55.00,29.46
10/09/2026,18:28:14,26.77,55.08,29.44
10/09/2026,18:29:25,26.77,55.40,29.48
10/09/2026,18:30:39,26.78,55.48,29.51
10/09/2026,18:31:50,26.80,55.80,29.56
10/09/2026,18:33:01,26.80,55.65,29.55
10/09/2026,18:34:12,26.80,55.38,29.52
10/09/2026,18:35:23,26.80,55.15,29.49
10/09/2026,18:36:36,26.80,55.00,29.47
10/09/2026,18:37:47,26.80,55.00,29.47
10/09/2026,18:38:58,26.80,55.00,29.47
10/09/2026,18:40:09,26.79,55.00,29.46
10/09/2026,18:41:20,26.79,55.00,29.46
10/09/2026,18:42:34,26.78,55.08,29.46
10/09/2026,18:43:45,26.79,55.21,29.48
10/09/2026,18:44:56,26.78,56.00,29.57
10/09/2026,18:46:07,26.76,56.00,29.54
10/09/2026,18:47:18,26.74,56.00,29.52
10/09/2026,18:48:31,26.73,55.85,29.48
10/09/2026,18:49:42,26.73,56.00,29.49
10/09/2026,18:50:53,26.75,56.00,29.53
10/09/2026,18:52:04,26.74,56.00,29.51
10/09/2026,18:53:15,26.76,56.00,29.54
10/09/2026,18:54:28,26.77,56.00,29.55
10/09/2026,18:55:39,26.76,56.00,29.54
10/09/2026,18:56:50,26.75,56.00,29.53
10/09/2026,18:58:01,26.74,56.00,29.52
10/09/2026,18:59:12,26.73,56.00,29.49
10/09/2026,19:00:25,26.73,55.96,29.49
10/09/2026,19:01:36,26.72,56.00,29.48
10/09/2026,19:02:47,26.73,56.00,29.49
10/09/2026,19:03:58,26.73,56.00,29.50
10/09/2026,19:05:09,26.72,56.00,29.48
10/09/2026,19:06:23,26.70,56.00,29.46
10/09/2026,19:07:34,26.74,56.00,29.51
10/09/2026,19:08:45,26.75,55.30,29.44
10/09/2026,19:09:56,26.72,55.00,29.36
10/09/2026,19:11:07,26.71,55.04,29.36
10/09/2026,19:12:20,26.71,55.12,29.36
10/09/2026,19:13:31,26.71,55.73,29.44
10/09/2026,19:14:42,26.71,55.12,29.36
10/09/2026,19:15:53,26.70,55.33,29.37
10/09/2026,19:17:04,26.70,55.71,29.42
10/09/2026,19:18:17,26.70,55.00,29.33
10/09/2026,19:19:28,26.70,55.00,29.33
10/09/2026,19:20:39,26.70,55.00,29.33
10/09/2026,19:21:50,26.70,55.00,29.33
10/09/2026,19:23:01,26.70,55.00,29.33
10/09/2026,19:24:14,26.70,55.00,29.34
10/09/2026,19:25:25,26.70,55.00,29.33
10/09/2026,19:26:36,26.70,55.00,29.33
10/09/2026,19:27:47,26.70,55.00,29.33
10/09/2026,19:28:58,26.70,55.00,29.33
10/09/2026,19:30:12,26.70,55.00,29.33
10/09/2026,19:31:22,26.70,55.00,29.33
10/09/2026,19:32:33,26.70,55.00,29.33
10/09/2026,19:33:44,26.69,55.00,29.32
10/09/2026,19:34:55,26.70,55.00,29.33
10/09/2026,19:36:09,26.70,55.00,29.33
10/09/2026,19:37:20,26.70,55.00,29.33
10/09/2026,19:38:31,26.70,55.00,29.33
10/09/2026,19:39:42,26.70,55.00,29.33
10/09/2026,19:40:53,26.70,55.00,29.33
10/09/2026,19:42:06,26.70,55.00,29.33
10/09/2026,19:43:17,26.70,55.00,29.33
10/09/2026,19:44:28,26.69,55.00,29.32
10/09/2026,19:45:39,26.69,55.00,29.32
10/09/2026,19:46:50,26.69,55.00,29.32
10/09/2026,19:48:03,26.68,55.00,29.30
10/09/2026,19:49:14,26.68,55.00,29.31
10/09/2026,19:50:25,26.66,55.00,29.28
10/09/2026,19:51:36,26.66,55.84,29.37
10/09/2026,19:52:47,26.69,56.00,29.43
10/09/2026,19:54:00,26.70,56.00,29.46
10/09/2026,19:55:11,26.76,56.00,29.53
10/09/2026,19:56:22,26.76,56.00,29.54
10/09/2026,19:57:33,26.81,55.76,29.58
10/09/2026,19:58:44,26.80,55.04,29.47
10/09/2026,19:59:57,26.80,55.88,29.58
10/09/2026,20:01:08,26.80,55.68,29.56
10/09/2026,20:02:19,26.85,56.00,29.67
10/09/2026,20:03:30,26.88,55.04,29.59
10/09/2026,20:04:41,26.89,55.00,29.60
10/09/2026,20:05:55,26.85,55.00,29.54
10/09/2026,20:07:06,26.80,55.00,29.48
10/09/2026,20:08:17,26.83,55.00,29.52
10/09/2026,20:09:28,26.81,55.00,29.48
10/09/2026,20:10:39,26.80,55.00,29.47
10/09/2026,20:11:52,26.73,55.00,29.38
10/09/2026,20:13:03,26.71,55.00,29.35
10/09/2026,20:14:14,26.70,55.00,29.33
10/09/2026,20:15:25,26.70,55.00,29.33
10/09/2026,20:16:36,26.70,55.00,29.33
10/09/2026,20:17:49,26.67,55.00,29.29
10/09/2026,20:19:00,26.67,55.00,29.29
10/09/2026,20:20:11,26.63,55.00,29.24
10/09/2026,20:21:22,26.63,55.00,29.23
10/09/2026,20:22:33,26.67,55.00,29.29
10/09/2026,20:23:46,26.69,55.92,29.43
10/09/2026,20:24:57,26.70,56.00,29.45
10/09/2026,20:26:08,26.69,56.00,29.44
10/09/2026,20:27:19,26.71,56.00,29.46
10/09/2026,20:28:30,26.72,56.00,29.48
10/09/2026,20:29:43,26.71,56.00,29.47
10/09/2026,20:30:54,26.70,56.00,29.45
10/09/2026,20:32:05,26.70,56.00,29.46
10/09/2026,20:33:16,26.72,56.00,29.48
10/09/2026,20:34:27,26.73,56.00,29.50
10/09/2026,20:35:41,26.71,56.00,29.47
10/09/2026,20:36:52,26.70,56.00,29.46
10/09/2026,20:38:03,26.73,56.00,29.49
10/09/2026,20:39:13,26.72,56.00,29.48
10/09/2026,20:40:24,26.70,56.00,29.45
10/09/2026,20:41:38,26.72,56.00,29.48
10/09/2026,20:42:49,26.71,56.13,29.48
10/09/2026,20:44:00,26.74,56.80,29.61
10/09/2026,20:45:11,26.78,56.96,29.69
10/09/2026,20:46:22,26.75,57.00,29.65
10/09/2026,20:47:35,26.71,57.00,29.59
10/09/2026,20:48:46,26.70,57.00,29.58
10/09/2026,20:49:57,26.70,57.00,29.57
10/09/2026,20:51:08,26.70,57.00,29.57
10/09/2026,20:52:19,26.70,57.00,29.57
10/09/2026,20:53:32,26.70,57.00,29.57
10/09/2026,20:54:43,26.70,57.00,29.57
10/09/2026,20:55:54,26.70,57.00,29.57
10/09/2026,20:57:05,26.69,57.00,29.56
10/09/2026,20:58:16,26.68,57.00,29.55
10/09/2026,20:59:29,26.68,57.00,29.55
10/09/2026,21:00:40,26.69,57.00,29.56
10/09/2026,21:01:51,26.64,57.00,29.49
10/09/2026,21:03:02,26.64,57.00,29.49
10/09/2026,21:04:13,26.61,57.00,29.45
10/09/2026,21:05:27,26.60,57.00,29.44
10/09/2026,21:06:38,26.60,57.00,29.43
10/09/2026,21:07:49,26.60,57.00,29.43
10/09/2026,21:09:00,26.61,57.00,29.45
10/09/2026,21:10:11,26.60,57.00,29.43
10/09/2026,21:11:24,26.61,57.00,29.44
10/09/2026,21:12:35,26.61,57.00,29.44
10/09/2026,21:13:46,26.60,57.00,29.44
10/09/2026,21:14:57,26.60,57.00,29.43
10/09/2026,21:16:08,26.59,56.44,29.35
10/09/2026,21:17:21,26.60,57.00,29.43
10/09/2026,21:18:32,26.60,56.84,29.41
10/09/2026,21:19:43,26.60,57.00,29.43
10/09/2026,21:20:54,26.60,57.00,29.43
10/09/2026,21:22:05,26.60,56.71,29.40
10/09/2026,21:23:19,26.60,56.11,29.33
10/09/2026,21:24:30,26.59,56.00,29.30
10/09/2026,21:25:40,26.53,56.00,29.22
10/09/2026,21:26:51,26.58,56.04,29.28
10/09/2026,21:28:02,26.57,56.00,29.26
10/09/2026,21:29:16,26.57,56.00,29.26
10/09/2026,21:30:27,26.60,56.00,29.31
10/09/2026,21:31:38,26.60,56.00,29.31
10/09/2026,21:32:49,26.60,56.00,29.31
10/09/2026,21:34:00,26.60,56.00,29.31
10/09/2026,21:35:13,26.60,56.00,29.31
10/09/2026,21:36:24,26.60,56.00,29.31
10/09/2026,21:37:35,26.60,56.00,29.31
10/09/2026,21:38:46,26.58,56.00,29.29
10/09/2026,21:39:57,26.58,56.00,29.29
10/09/2026,21:41:11,26.59,56.00,29.29
10/09/2026,21:42:22,26.57,56.00,29.27
10/09/2026,21:43:33,26.55,56.00,29.25
10/09/2026,21:44:44,26.57,56.00,29.27
10/09/2026,21:45:55,26.57,56.00,29.28
10/09/2026,21:47:08,26.56,56.00,29.26
10/09/2026,21:48:19,26.56,56.00,29.26
10/09/2026,21:49:30,26.60,56.04,29.31
10/09/2026,21:50:41,26.60,56.00,29.31
10/09/2026,21:51:52,26.60,56.00,29.31
10/09/2026,21:53:05,26.59,56.00,29.30
10/09/2026,21:54:16,26.60,56.32,29.35
10/09/2026,21:55:27,26.60,56.35,29.35
10/09/2026,21:56:38,26.60,56.76,29.40
10/09/2026,21:57:49,26.60,56.88,29.42
10/09/2026,21:59:02,26.61,56.00,29.32
10/09/2026,22:00:13,26.60,56.00,29.31
10/09/2026,22:01:24,26.60,56.00,29.31
10/09/2026,22:02:35,26.63,56.00,29.36
10/09/2026,22:03:46,26.68,56.00,29.43
10/09/2026,22:04:59,26.70,56.04,29.46
10/09/2026,22:06:10,26.70,56.00,29.45
10/09/2026,22:07:21,26.70,56.00,29.45
10/09/2026,22:08:32,26.70,56.00,29.45
10/09/2026,22:09:43,26.70,56.00,29.45
10/09/2026,22:10:56,26.70,56.00,29.45
10/09/2026,22:12:07,26.70,56.08,29.46
10/09/2026,22:13:18,26.70,56.22,29.48
10/09/2026,22:14:29,26.70,56.00,29.45
10/09/2026,22:15:40,26.70,56.00,29.46
10/09/2026,22:16:59,26.70,56.00,29.46
10/09/2026,22:18:10,26.70,56.00,29.45
10/09/2026,22:19:21,26.70,56.00,29.45
10/09/2026,22:20:32,26.70,56.00,29.45
10/09/2026,22:21:43,26.70,56.00,29.46
10/09/2026,22:22:56,26.70,56.00,29.45
10/09/2026,22:24:07,26.70,56.00,29.46
10/09/2026,22:25:18,26.70,56.71,29.54
10/09/2026,22:26:29,26.70,57.00,29.57
10/09/2026,22:27:40,26.70,57.00,29.57
10/09/2026,22:28:53,26.69,57.00,29.56
10/09/2026,22:30:04,26.70,57.00,29.58
10/09/2026,22:31:15,26.70,57.00,29.57
10/09/2026,22:32:26,26.70,57.00,29.57
10/09/2026,22:33:37,26.70,57.00,29.57
10/09/2026,22:34:50,26.69,57.00,29.56
10/09/2026,22:36:01,26.69,57.00,29.56
10/09/2026,22:37:12,26.65,57.00,29.51
10/09/2026,22:38:23,26.62,57.00,29.46
10/09/2026,22:39:34,26.60,57.00,29.44
10/09/2026,22:40:47,26.61,57.00,29.44
10/09/2026,22:41:58,26.62,57.00,29.46
10/09/2026,22:43:09,26.61,57.00,29.45
10/09/2026,22:44:20,26.62,57.00,29.46
10/09/2026,22:45:31,26.61,57.00,29.45
10/09/2026,22:46:45,26.60,57.00,29.44
10/09/2026,22:47:56,26.60,57.00,29.43
10/09/2026,22:49:07,26.60,57.00,29.43
10/09/2026,22:50:18,26.60,57.00,29.43
10/09/2026,22:51:29,26.58,57.00,29.41
10/09/2026,22:52:42,26.52,57.00,29.32
10/09/2026,22:53:53,26.50,57.00,29.30
10/09/2026,22:55:04,26.50,57.00,29.29
10/09/2026,22:56:15,26.50,57.00,29.30
10/09/2026,22:57:25,26.56,57.00,29.37
10/09/2026,22:58:42,26.60,57.00,29.43
10/09/2026,22:59:53,26.60,57.00,29.43
10/09/2026,23:01:04,26.60,57.00,29.43
10/09/2026,23:02:15,26.60,57.00,29.43
10/09/2026,23:03:26,26.60,57.00,29.43
10/09/2026,23:04:39,26.60,57.00,29.43
10/09/2026,23:05:50,26.58,57.00,29.41
10/09/2026,23:07:01,26.51,57.00,29.30
10/09/2026,23:08:12,26.40,57.00,29.14
10/09/2026,23:09:23,26.40,57.00,29.15
10/09/2026,23:10:37,26.40,57.00,29.16
10/09/2026,23:11:48,26.43,57.00,29.19
10/09/2026,23:12:59,26.44,57.00,29.21
10/09/2026,23:14:10,26.49,57.00,29.27
10/09/2026,23:15:21,26.49,57.00,29.28
10/09/2026,23:16:34,26.50,57.00,29.29
10/09/2026,23:17:45,26.50,57.00,29.29
10/09/2026,23:18:56,26.50,57.00,29.29
10/09/2026,23:20:07,26.50,57.00,29.29
10/09/2026,23:21:18,26.49,57.00,29.28
10/09/2026,23:22:32,26.48,57.00,29.27
10/09/2026,23:23:43,26.48,57.00,29.27
10/09/2026,23:24:54,26.49,57.00,29.27
10/09/2026,23:26:04,26.48,57.00,29.26
10/09/2026,23:27:15,26.49,57.00,29.27
10/09/2026,23:28:30,26.42,57.00,29.17
10/09/2026,23:29:41,26.40,57.00,29.15
10/09/2026,23:30:52,26.41,57.00,29.16
10/09/2026,23:32:02,26.40,57.00,29.15
10/09/2026,23:33:13,26.40,57.00,29.15
10/09/2026,23:34:27,26.40,57.00,29.15
10/09/2026,23:35:38,26.40,57.00,29.16
10/09/2026,23:36:49,26.40,57.00,29.15
10/09/2026,23:38:00,26.40,57.00,29.15
10/09/2026,23:39:11,26.40,57.00,29.15
10/09/2026,23:40:25,26.40,57.00,29.16
10/09/2026,23:41:36,26.40,57.00,29.16
10/09/2026,23:42:47,26.40,57.00,29.16
10/09/2026,23:43:58,26.40,57.00,29.15
10/09/2026,23:45:08,26.41,57.00,29.16
10/09/2026,23:46:24,26.40,57.00,29.15
10/09/2026,23:47:35,26.40,57.00,29.15
10/09/2026,23:48:46,26.37,57.40,29.16
10/09/2026,23:49:56,26.40,57.65,29.23
10/09/2026,23:51:07,26.38,57.96,29.23
10/09/2026,23:52:21,26.37,58.00,29.23
10/09/2026,23:53:32,26.38,58.00,29.24
10/09/2026,23:54:43,26.39,58.00,29.25
10/09/2026,23:55:54,26.40,58.00,29.27
10/09/2026,23:57:05,26.39,58.00,29.26
10/09/2026,23:58:24,26.39,58.00,29.25
10/09/2026,23:59:35,26.39,58.00,29.25
11/09/2026,00:00:46,26.36,58.00,29.21
11/09/2026,00:01:57,26.37,58.00,29.23
11/09/2026,00:03:08,26.35,58.00,29.19
11/09/2026,00:04:21,26.37,58.00,29.23
11/09/2026,00:05:32,26.39,58.00,29.25
11/09/2026,00:06:43,26.40,58.00,29.26
11/09/2026,00:07:54,26.38,58.00,29.25
11/09/2026,00:09:05,26.39,58.00,29.25
11/09/2026,00:10:19,26.39,58.00,29.25
11/09/2026,00:11:29,26.39,58.00,29.26
11/09/2026,00:12:40,26.35,58.00,29.19
11/09/2026,00:13:51,26.36,58.00,29.21
11/09/2026,00:15:02,26.36,58.00,29.22
11/09/2026,00:16:16,26.35,58.00,29.19
11/09/2026,00:17:27,26.37,58.00,29.23
11/09/2026,00:18:38,26.35,58.00,29.20
11/09/2026,00:19:49,26.32,58.00,29.15
11/09/2026,00:20:59,26.32,58.00,29.15
11/09/2026,00:22:13,26.24,58.52,29.11
11/09/2026,00:23:24,26.02,59.00,28.84
11/09/2026,00:24:35,25.83,59.13,28.60
11/09/2026,00:25:46,25.69,60.00,28.49
11/09/2026,00:26:57,25.70,60.00,28.51
11/09/2026,00:28:10,25.80,60.00,28.66
11/09/2026,00:29:21,25.90,60.00,28.79
11/09/2026,00:30:32,25.90,60.00,28.79
11/09/2026,00:31:43,25.91,60.00,28.81
11/09/2026,00:32:54,25.84,60.00,28.71
11/09/2026,00:34:07,25.80,60.00,28.66
11/09/2026,00:35:18,25.62,60.50,28.46
11/09/2026,00:36:29,25.60,61.00,28.48
11/09/2026,00:37:40,25.73,61.00,28.67
11/09/2026,00:38:51,25.84,60.00,28.71
11/09/2026,00:40:05,25.90,60.00,28.79
11/09/2026,00:41:16,25.98,60.00,28.90
11/09/2026,00:42:27,26.01,60.00,28.95
11/09/2026,00:43:38,26.04,60.00,28.99
11/09/2026,00:44:49,26.08,60.00,29.06
11/09/2026,00:46:02,26.10,60.00,29.08
11/09/2026,00:47:13,26.10,60.00,29.08
11/09/2026,00:48:24,26.09,60.00,29.07
11/09/2026,00:49:34,26.10,60.00,29.08
11/09/2026,00:50:45,26.10,60.00,29.08
11/09/2026,00:51:59,26.10,60.00,29.07
11/09/2026,00:53:10,26.04,60.00,28.99
11/09/2026,00:54:21,26.07,60.00,29.03
11/09/2026,00:55:32,26.08,60.00,29.04
11/09/2026,00:56:43,26.03,60.00,28.99
11/09/2026,00:57:58,26.02,60.00,28.97
11/09/2026,00:59:09,26.02,60.00,28.96
11/09/2026,01:00:19,26.00,60.00,28.93
11/09/2026,01:01:30,25.96,60.00,28.88
11/09/2026,01:02:41,25.97,60.00,28.90
11/09/2026,01:03:56,25.95,60.00,28.87
11/09/2026,01:05:07,26.00,60.00,28.94
11/09/2026,01:06:18,26.01,59.48,28.89
11/09/2026,01:07:29,26.01,59.00,28.84
11/09/2026,01:08:40,26.06,59.00,28.90
11/09/2026,01:09:53,26.10,59.09,28.97
11/09/2026,01:11:04,26.10,59.96,29.07
11/09/2026,01:12:15,26.10,60.00,29.07
11/09/2026,01:13:26,26.10,60.00,29.07
11/09/2026,01:14:37,26.10,60.00,29.07
11/09/2026,01:15:50,25.96,60.00,28.88
11/09/2026,01:17:01,25.90,60.00,28.79
11/09/2026,01:18:12,25.90,60.00,28.79
11/09/2026,01:19:23,25.90,60.00,28.79
11/09/2026,01:20:34,25.90,60.00,28.79
11/09/2026,01:21:47,25.77,60.00,28.60
11/09/2026,01:22:58,25.50,60.46,28.27
11/09/2026,01:24:09,25.23,61.00,27.96
11/09/2026,01:25:20,25.07,61.08,27.74
11/09/2026,01:26:31,24.94,61.00,27.55
11/09/2026,01:27:44,24.86,61.00,27.44
11/09/2026,01:28:55,24.80,61.00,27.36
11/09/2026,01:30:06,24.80,61.00,27.36
11/09/2026,01:31:17,24.87,61.00,27.46
11/09/2026,01:32:28,24.97,61.00,27.59
11/09/2026,01:33:42,25.03,61.00,27.68
11/09/2026,01:34:53,25.02,60.44,27.61
11/09/2026,01:36:04,25.04,60.12,27.60
11/09/2026,01:37:15,24.94,60.00,27.44
11/09/2026,01:38:25,24.91,60.36,27.44
11/09/2026,01:39:39,24.96,61.00,27.58
11/09/2026,01:40:50,25.05,60.86,27.70
11/09/2026,01:42:01,25.19,60.00,27.80
11/09/2026,01:43:11,25.21,60.00,27.82
11/09/2026,01:44:22,25.34,60.00,28.01
11/09/2026,01:45:36,25.46,60.00,28.17
11/09/2026,01:46:47,25.51,60.00,28.25
11/09/2026,01:47:58,25.60,60.00,28.36
11/09/2026,01:49:09,25.68,59.92,28.47
11/09/2026,01:50:20,25.67,59.08,28.36
11/09/2026,01:51:34,25.70,59.00,28.40
11/09/2026,01:52:45,25.71,59.00,28.41
11/09/2026,01:53:56,25.75,59.00,28.46
11/09/2026,01:55:06,25.77,59.00,28.49
11/09/2026,01:56:17,25.78,59.00,28.51
11/09/2026,01:57:30,25.80,59.00,28.54
11/09/2026,01:58:41,25.80,59.00,28.53
11/09/2026,01:59:52,25.80,59.00,28.54
11/09/2026,02:01:03,25.80,59.00,28.54
11/09/2026,02:02:14,25.80,59.00,28.53
11/09/2026,02:03:28,25.80,59.00,28.53
11/09/2026,02:04:39,25.80,59.00,28.54
11/09/2026,02:05:49,25.80,59.00,28.54
11/09/2026,02:07:00,25.80,59.00,28.54
11/09/2026,02:08:11,25.80,59.00,28.54
11/09/2026,02:09:25,25.80,59.00,28.54
11/09/2026,02:10:36,25.80,59.00,28.54
11/09/2026,02:11:47,25.82,59.00,28.56
11/09/2026,02:12:58,25.80,59.00,28.54
11/09/2026,02:14:09,25.81,59.00,28.55
11/09/2026,02:15:22,25.80,59.00,28.54
11/09/2026,02:16:33,25.82,59.00,28.57
11/09/2026,02:17:44,25.82,59.00,28.57
11/09/2026,02:18:55,25.82,59.00,28.57
11/09/2026,02:20:06,25.83,59.00,28.59
11/09/2026,02:21:19,25.85,59.00,28.61
11/09/2026,02:22:30,25.86,59.00,28.63
11/09/2026,02:23:41,25.86,59.00,28.62
11/09/2026,02:24:52,25.83,59.00,28.58
11/09/2026,02:26:03,25.85,59.00,28.61
11/09/2026,02:27:16,25.88,59.00,28.65
11/09/2026,02:28:27,25.85,59.00,28.61
11/09/2026,02:29:38,25.88,59.00,28.65
11/09/2026,02:30:49,25.87,59.00,28.64
11/09/2026,02:32:00,25.90,59.04,28.68
11/09/2026,02:33:13,25.90,59.05,28.68
11/09/2026,02:34:24,25.90,59.16,28.69
11/09/2026,02:35:35,25.90,59.42,28.72
11/09/2026,02:36:46,25.89,59.80,28.75
11/09/2026,02:37:57,25.89,59.96,28.77
11/09/2026,02:39:10,25.90,59.96,28.78
11/09/2026,02:40:21,25.90,60.00,28.79
11/09/2026,02:41:32,25.90,60.00,28.79
11/09/2026,02:42:43,25.90,60.00,28.79
11/09/2026,02:43:54,25.88,60.00,28.77
11/09/2026,02:45:07,25.89,60.00,28.78
11/09/2026,02:46:18,25.89,59.96,28.78
11/09/2026,02:47:29,25.89,60.00,28.78
11/09/2026,02:48:40,25.88,60.00,28.77
11/09/2026,02:49:51,25.89,60.00,28.78
11/09/2026,02:51:04,25.89,60.00,28.78
11/09/2026,02:52:15,25.88,60.00,28.77
11/09/2026,02:53:26,25.89,60.00,28.78
11/09/2026,02:54:37,25.90,59.88,28.77
11/09/2026,02:55:48,25.89,59.12,28.68
11/09/2026,02:57:01,25.88,59.04,28.66
11/09/2026,02:58:12,25.88,59.04,28.66
11/09/2026,02:59:23,25.87,59.00,28.63
11/09/2026,03:00:34,25.89,59.00,28.67
11/09/2026,03:01:45,25.89,59.00,28.67
11/09/2026,03:02:58,25.89,59.00,28.67
11/09/2026,03:04:09,25.87,59.00,28.64
11/09/2026,03:05:20,25.87,59.00,28.64
11/09/2026,03:06:31,25.85,59.00,28.61
11/09/2026,03:07:42,25.84,59.00,28.59
11/09/2026,03:08:55,25.81,59.00,28.56
11/09/2026,03:10:06,25.84,59.00,28.59
11/09/2026,03:11:17,25.84,59.00,28.59
11/09/2026,03:12:28,25.87,59.00,28.63
11/09/2026,03:13:39,25.86,59.00,28.63
11/09/2026,03:14:52,25.85,59.00,28.61
11/09/2026,03:16:03,25.83,59.00,28.58
11/09/2026,03:17:14,25.82,59.00,28.57
11/09/2026,03:18:25,25.83,59.00,28.58
11/09/2026,03:19:36,25.84,59.00,28.59
11/09/2026,03:20:49,25.83,59.00,28.58
11/09/2026,03:22:00,25.82,59.00,28.57
11/09/2026,03:23:11,25.84,59.00,28.60
11/09/2026,03:24:22,25.84,59.00,28.60
11/09/2026,03:25:33,25.84,59.00,28.59
11/09/2026,03:26:46,25.84,58.36,28.53
11/09/2026,03:27:57,25.83,58.00,28.47
11/09/2026,03:29:08,25.84,58.00,28.47
11/09/2026,03:30:19,25.85,58.00,28.50
11/09/2026,03:31:30,25.87,58.00,28.52
11/09/2026,03:32:43,25.84,58.00,28.48
11/09/2026,03:33:54,25.81,58.00,28.44
11/09/2026,03:35:05,25.81,58.00,28.44
11/09/2026,03:36:16,25.80,58.00,28.43
11/09/2026,03:37:27,25.82,58.00,28.45
11/09/2026,03:38:40,25.82,58.00,28.45
11/09/2026,03:39:51,25.81,58.00,28.44
11/09/2026,03:41:02,25.81,58.00,28.44
11/09/2026,03:42:13,25.81,58.00,28.44
11/09/2026,03:43:24,25.81,58.00,28.44
11/09/2026,03:44:38,25.81,58.00,28.44
11/09/2026,03:45:48,25.80,58.00,28.42
11/09/2026,03:46:59,25.80,58.00,28.42
11/09/2026,03:48:10,25.80,58.00,28.42
11/09/2026,03:49:21,25.80,58.00,28.42
11/09/2026,03:50:35,25.81,58.00,28.44
11/09/2026,03:51:46,25.80,58.00,28.42
11/09/2026,03:52:57,25.80,57.61,28.38
11/09/2026,03:54:08,25.80,57.36,28.36
11/09/2026,03:55:18,25.80,57.00,28.32
11/09/2026,03:56:32,25.81,57.00,28.32
11/09/2026,03:57:43,25.80,57.00,28.30
11/09/2026,03:58:54,25.80,57.00,28.31
11/09/2026,04:00:04,25.80,57.00,28.31
11/09/2026,04:01:15,25.80,57.00,28.32
11/09/2026,04:02:29,25.80,57.00,28.31
11/09/2026,04:03:39,25.80,57.00,28.31
11/09/2026,04:04:50,25.80,57.00,28.31
11/09/2026,04:06:01,25.80,57.00,28.31
11/09/2026,04:07:12,25.80,57.00,28.31
11/09/2026,04:08:26,25.80,57.00,28.30
11/09/2026,04:09:37,25.80,57.00,28.31
11/09/2026,04:10:48,25.80,57.00,28.31
11/09/2026,04:11:59,25.80,57.00,28.31
11/09/2026,04:13:10,25.80,56.96,28.30
11/09/2026,04:14:23,25.80,56.04,28.20
11/09/2026,04:15:34,25.80,56.00,28.19
11/09/2026,04:16:45,25.80,56.00,28.20
11/09/2026,04:17:56,25.80,56.00,28.20
11/09/2026,04:19:07,25.80,56.00,28.20
11/09/2026,04:20:20,25.80,56.00,28.20
11/09/2026,04:21:31,25.80,56.00,28.20
11/09/2026,04:22:42,25.80,56.00,28.19
11/09/2026,04:23:53,25.80,56.00,28.20
11/09/2026,04:25:04,25.79,56.00,28.18
11/09/2026,04:26:17,25.80,56.00,28.19
11/09/2026,04:27:28,25.79,56.00,28.18
11/09/2026,04:28:39,25.80,56.00,28.19
11/09/2026,04:29:50,25.80,56.00,28.20
11/09/2026,04:31:01,25.80,56.00,28.20
11/09/2026,04:32:14,25.79,56.00,28.18
11/09/2026,04:33:25,25.80,56.00,28.19
11/09/2026,04:34:36,25.78,56.00,28.17
11/09/2026,04:35:47,25.79,56.00,28.18
11/09/2026,04:36:58,25.80,56.00,28.19
11/09/2026,04:38:12,25.80,56.00,28.20
11/09/2026,04:39:23,25.80,55.27,28.11
11/09/2026,04:40:34,25.79,55.08,28.08
11/09/2026,04:41:45,25.79,55.00,28.06
11/09/2026,04:42:56,25.79,55.00,28.06
11/09/2026,04:44:09,25.80,55.00,28.08
11/09/2026,04:45:20,25.78,55.00,28.06
11/09/2026,04:46:31,25.78,55.00,28.06
11/09/2026,04:47:42,25.80,55.00,28.08
11/09/2026,04:48:53,25.80,55.00,28.08
11/09/2026,04:50:06,25.79,55.00,28.07
11/09/2026,04:51:17,25.76,55.00,28.02
11/09/2026,04:52:28,25.76,55.00,28.02
11/09/2026,04:53:39,25.77,55.00,28.04
11/09/2026,04:54:50,25.74,55.00,27.99
11/09/2026,04:56:04,25.73,55.00,27.99
11/09/2026,04:57:15,25.74,55.00,28.00
11/09/2026,04:58:26,25.73,55.00,27.99
11/09/2026,04:59:37,25.74,55.00,28.00
11/09/2026,05:00:48,25.74,55.00,28.00
11/09/2026,05:02:01,25.73,55.00,27.99
11/09/2026,05:03:12,25.74,55.00,27.99
11/09/2026,05:04:23,25.72,55.00,27.98
11/09/2026,05:05:34,25.74,55.00,28.00
11/09/2026,05:06:45,25.71,55.00,27.96
11/09/2026,05:07:58,25.72,55.00,27.97
11/09/2026,05:09:09,25.71,55.00,27.96
11/09/2026,05:10:20,25.71,55.00,27.96
11/09/2026,05:11:31,25.70,55.00,27.94
11/09/2026,05:12:42,25.71,55.00,27.95
11/09/2026,05:13:55,25.71,55.00,27.96
11/09/2026,05:15:06,25.71,54.96,27.95
11/09/2026,05:16:17,25.70,55.00,27.94
11/09/2026,05:17:28,25.70,55.00,27.94
11/09/2026,05:18:38,25.70,54.96,27.94
11/09/2026,05:19:52,25.70,54.91,27.93
11/09/2026,05:21:03,25.70,54.83,27.93
11/09/2026,05:22:14,25.71,54.16,27.86
11/09/2026,05:23:25,25.72,54.04,27.86
11/09/2026,05:24:36,25.71,54.00,27.84
11/09/2026,05:25:49,25.70,54.00,27.83
11/09/2026,05:27:00,25.71,54.00,27.85
11/09/2026,05:28:11,25.71,54.00,27.85
11/09/2026,05:29:22,25.70,54.00,27.83
11/09/2026,05:30:33,25.71,54.00,27.84
11/09/2026,05:31:46,25.71,54.00,27.85
11/09/2026,05:32:57,25.70,54.00,27.83
11/09/2026,05:34:08,25.70,54.00,27.83
11/09/2026,05:35:19,25.70,54.00,27.83
11/09/2026,05:36:30,25.70,54.00,27.83
11/09/2026,05:37:43,25.70,54.00,27.83
11/09/2026,05:38:54,25.70,54.00,27.83
11/09/2026,05:40:05,25.70,54.00,27.84
11/09/2026,05:41:16,25.70,54.00,27.83
11/09/2026,05:42:27,25.70,54.00,27.83
11/09/2026,05:43:40,25.70,54.00,27.83
11/09/2026,05:44:51,25.70,54.00,27.84
11/09/2026,05:46:02,25.70,54.00,27.83
11/09/2026,05:47:13,25.70,54.39,27.88
11/09/2026,05:48:24,25.70,54.96,27.94
11/09/2026,05:49:37,25.70,55.00,27.94
11/09/2026,05:50:48,25.70,55.00,27.94
11/09/2026,05:51:59,25.70,55.00,27.94
11/09/2026,05:53:10,25.70,55.00,27.94
11/09/2026,05:54:21,25.70,55.00,27.94
11/09/2026,05:55:34,25.70,55.00,27.95
11/09/2026,05:56:45,25.70,55.00,27.94
11/09/2026,05:57:56,25.70,55.00,27.94
11/09/2026,05:59:07,25.70,55.00,27.94
11/09/2026,06:00:18,25.70,55.00,27.94
11/09/2026,06:01:32,25.70,55.00,27.94
11/09/2026,06:02:43,25.70,55.00,27.94
11/09/2026,06:03:53,25.70,55.00,27.94
11/09/2026,06:05:04,25.70,55.00,27.94
11/09/2026,06:06:15,25.70,55.00,27.95
11/09/2026,06:07:29,25.70,55.00,27.94
11/09/2026,06:08:40,25.70,55.00,27.94
11/09/2026,06:09:50,25.70,55.00,27.94
11/09/2026,06:11:01,25.70,55.00,27.94
11/09/2026,06:12:12,25.70,55.00,27.94
11/09/2026,06:13:26,25.70,55.00,27.94
11/09/2026,06:14:37,25.70,55.00,27.94
11/09/2026,06:15:48,25.70,55.00,27.94
11/09/2026,06:16:59,25.70,55.00,27.94
11/09/2026,06:18:10,25.70,55.00,27.94
11/09/2026,06:19:23,25.70,55.00,27.95
11/09/2026,06:20:34,25.70,55.00,27.94
11/09/2026,06:21:45,25.70,55.00,27.94
11/09/2026,06:22:56,25.70,55.00,27.94
11/09/2026,06:24:07,25.70,55.00,27.94
11/09/2026,06:25:20,25.70,55.00,27.94
11/09/2026,06:26:31,25.70,55.08,27.95
11/09/2026,06:27:42,25.70,55.85,28.04
11/09/2026,06:28:53,25.70,56.00,28.06
11/09/2026,06:30:04,25.70,56.00,28.06
11/09/2026,06:31:17,25.70,56.00,28.05
11/09/2026,06:32:28,25.70,56.00,28.05
11/09/2026,06:33:39,25.70,56.00,28.06
11/09/2026,06:34:50,25.70,56.00,28.06
11/09/2026,06:36:01,25.70,56.00,28.06
11/09/2026,06:37:14,25.70,56.00,28.06
11/09/2026,06:38:25,25.70,56.00,28.06
11/09/2026,06:39:36,25.70,56.00,28.06
11/09/2026,06:40:47,25.70,56.00,28.05
11/09/2026,06:41:58,25.70,56.00,28.05
11/09/2026,06:43:11,25.70,56.00,28.05
11/09/2026,06:44:22,25.70,56.00,28.06
11/09/2026,06:45:33,25.70,56.68,28.13
11/09/2026,06:46:44,25.70,57.00,28.17
11/09/2026,06:47:55,25.70,57.00,28.17
11/09/2026,06:49:08,25.70,57.00,28.17
11/09/2026,06:50:19,25.70,57.00,28.17
11/09/2026,06:51:30,25.70,57.00,28.16
11/09/2026,06:52:41,25.70,57.00,28.16
11/09/2026,06:53:52,25.70,57.00,28.17
11/09/2026,06:55:05,25.69,57.00,28.16
11/09/2026,06:56:16,25.70,57.00,28.17
11/09/2026,06:57:27,25.70,57.00,28.17
11/09/2026,06:58:38,25.70,57.00,28.17
11/09/2026,06:59:49,25.70,57.00,28.17
11/09/2026,07:01:03,25.70,57.00,28.17
11/09/2026,07:02:13,25.70,57.00,28.17
11/09/2026,07:03:24,25.70,57.00,28.17
11/09/2026,07:04:35,25.70,57.00,28.17
11/09/2026,07:05:46,25.70,57.00,28.17
11/09/2026,07:07:00,25.70,57.08,28.17
11/09/2026,07:08:11,25.70,58.00,28.28
11/09/2026,07:09:22,25.69,58.00,28.27
11/09/2026,07:10:32,25.70,58.00,28.28
11/09/2026,07:11:43,25.70,58.00,28.28
11/09/2026,07:12:57,25.69,58.00,28.27
11/09/2026,07:14:08,25.69,58.00,28.27
11/09/2026,07:15:19,25.70,58.00,28.28
11/09/2026,07:16:30,25.69,58.00,28.27
11/09/2026,07:17:41,25.70,58.00,28.28
11/09/2026,07:18:54,25.70,58.00,28.28
11/09/2026,07:20:05,25.69,58.00,28.27
11/09/2026,07:21:16,25.70,58.00,28.28
11/09/2026,07:22:27,25.70,58.00,28.29
11/09/2026,07:23:38,25.70,58.00,28.28
11/09/2026,07:24:51,25.69,58.00,28.27
11/09/2026,07:26:02,25.70,58.00,28.28
11/09/2026,07:27:13,25.70,58.00,28.28
11/09/2026,07:28:24,25.70,58.00,28.28
11/09/2026,07:29:35,25.71,58.00,28.30
11/09/2026,07:30:48,25.70,58.00,28.28
11/09/2026,07:31:59,25.70,58.00,28.28
11/09/2026,07:33:10,25.70,58.00,28.28
11/09/2026,07:34:21,25.70,58.00,28.29
11/09/2026,07:35:32,25.70,58.00,28.28
11/09/2026,07:36:45,25.70,58.00,28.28
11/09/2026,07:37:56,25.71,58.00,28.30
11/09/2026,07:39:07,25.74,58.00,28.35
11/09/2026,07:40:18,25.77,58.00,28.38
11/09/2026,07:41:29,25.77,58.00,28.39
11/09/2026,07:42:42,25.77,58.04,28.39
11/09/2026,07:43:53,25.79,58.04,28.41
11/09/2026,07:45:04,25.80,58.04,28.42
11/09/2026,07:46:15,25.80,58.00,28.42
11/09/2026,07:47:26,25.80,58.08,28.43
11/09/2026,07:48:39,25.80,58.05,28.43
11/09/2026,07:49:50,25.81,58.46,28.49
11/09/2026,07:51:01,25.81,59.00,28.56
11/09/2026,07:52:12,25.81,59.00,28.56
11/09/2026,07:53:23,25.84,59.00,28.59
11/09/2026,07:54:36,25.86,59.00,28.62
11/09/2026,07:55:47,25.86,59.00,28.62
11/09/2026,07:56:58,25.86,59.00,28.62
11/09/2026,07:58:09,25.87,59.00,28.64
11/09/2026,07:59:20,25.88,59.00,28.66
11/09/2026,08:00:33,25.90,59.00,28.68
11/09/2026,08:01:44,25.92,59.00,28.71
11/09/2026,08:02:55,26.00,59.00,28.83
11/09/2026,08:04:06,26.09,58.41,28.87
11/09/2026,08:05:17,26.14,58.00,28.91
11/09/2026,08:06:31,26.20,58.00,28.99
11/09/2026,08:07:41,26.23,58.00,29.03
11/09/2026,08:08:52,26.30,58.00,29.13
11/09/2026,08:10:03,26.37,58.00,29.22
11/09/2026,08:11:14,26.40,58.00,29.27
11/09/2026,08:12:28,26.41,58.00,29.28
11/09/2026,08:13:39,26.39,58.00,29.26
11/09/2026,08:14:50,26.42,58.00,29.29
11/09/2026,08:16:01,26.50,58.00,29.41
11/09/2026,08:17:12,26.53,58.00,29.45
11/09/2026,08:18:25,26.52,58.00,29.43
11/09/2026,08:19:36,26.50,58.00,29.41
11/09/2026,08:20:47,26.50,58.24,29.44
11/09/2026,08:21:58,26.50,59.00,29.54
11/09/2026,08:23:09,26.51,59.00,29.54
11/09/2026,08:24:22,26.50,59.00,29.53
11/09/2026,08:25:33,26.51,59.00,29.55
11/09/2026,08:26:44,26.53,59.00,29.58
11/09/2026,08:27:55,26.55,59.00,29.60
11/09/2026,08:29:06,26.55,59.00,29.61
11/09/2026,08:30:19,26.58,59.00,29.65
11/09/2026,08:31:30,26.59,59.00,29.66
11/09/2026,08:32:41,26.60,59.00,29.67
11/09/2026,08:33:52,26.60,59.00,29.67
11/09/2026,08:35:03,26.61,59.00,29.68
11/09/2026,08:36:16,26.61,59.00,29.68
11/09/2026,08:37:27,26.60,59.00,29.68
11/09/2026,08:38:38,26.61,59.00,29.69
11/09/2026,08:39:49,26.60,59.00,29.68
11/09/2026,08:41:00,26.60,59.00,29.68
11/09/2026,08:42:13,26.60,59.00,29.68
11/09/2026,08:43:24,26.60,59.00,29.68
11/09/2026,08:44:35,26.60,59.00,29.67
11/09/2026,08:45:46,26.60,59.00,29.67
11/09/2026,08:46:57,26.60,59.00,29.67
11/09/2026,08:48:10,26.59,59.00,29.66
11/09/2026,08:49:21,26.60,59.00,29.67
11/09/2026,08:50:32,26.60,59.00,29.67
11/09/2026,08:51:43,26.60,59.00,29.67
11/09/2026,08:52:54,26.60,59.00,29.67
11/09/2026,08:54:07,26.60,59.00,29.67
11/09/2026,08:55:18,26.63,59.00,29.72
11/09/2026,08:56:29,26.69,59.00,29.80
11/09/2026,08:57:40,26.70,59.00,29.82
11/09/2026,08:58:51,26.70,59.00,29.82
11/09/2026,09:00:04,26.70,59.00,29.82
11/09/2026,09:01:15,26.70,59.00,29.82
11/09/2026,09:02:26,26.71,59.00,29.83
11/09/2026,09:03:37,26.70,59.00,29.82
11/09/2026,09:04:48,26.74,59.00,29.87
11/09/2026,09:06:01,26.77,59.00,29.91
11/09/2026,09:07:12,26.79,59.00,29.95
11/09/2026,09:08:23,26.80,59.00,29.96
11/09/2026,09:09:34,26.80,59.00,29.96
11/09/2026,09:10:45,26.86,59.00,30.04
11/09/2026,09:11:59,26.90,59.00,30.10
11/09/2026,09:13:10,26.86,59.00,30.04
11/09/2026,09:14:21,26.81,59.00,29.98
11/09/2026,09:15:31,26.79,59.00,29.94
11/09/2026,09:16:42,26.71,59.00,29.83
11/09/2026,09:17:56,26.70,59.00,29.82
11/09/2026,09:19:07,26.70,59.00,29.82
11/09/2026,09:20:18,26.68,59.00,29.78
11/09/2026,09:21:29,26.67,59.04,29.78
11/09/2026,09:22:40,26.69,59.00,29.80
11/09/2026,09:23:53,26.68,59.00,29.79
11/09/2026,09:25:04,26.69,59.00,29.80
11/09/2026,09:26:15,26.69,59.00,29.80
11/09/2026,09:27:26,26.69,59.04,29.80
11/09/2026,09:28:37,26.70,59.20,29.83
11/09/2026,09:29:50,26.66,59.00,29.75
11/09/2026,09:31:01,26.63,59.00,29.71
11/09/2026,09:32:12,26.63,59.00,29.71
11/09/2026,09:33:23,26.63,59.00,29.72
11/09/2026,09:34:34,26.65,59.00,29.74
11/09/2026,09:35:47,26.61,59.00,29.68
11/09/2026,09:36:58,26.60,59.00,29.68
11/09/2026,09:38:09,26.60,59.00,29.67
11/09/2026,09:39:20,26.60,59.00,29.67
11/09/2026,09:40:31,26.60,59.00,29.67
11/09/2026,09:41:44,26.60,59.00,29.67
11/09/2026,09:42:55,26.59,59.00,29.66
11/09/2026,09:44:06,26.60,59.00,29.67
11/09/2026,09:45:17,26.61,59.00,29.68
11/09/2026,09:46:28,26.62,59.00,29.71
11/09/2026,09:47:41,26.65,59.00,29.75
11/09/2026,09:48:52,26.68,59.00,29.78
11/09/2026,09:50:03,26.70,59.00,29.81
11/09/2026,09:51:14,26.69,59.00,29.80
11/09/2026,09:52:25,26.69,59.00,29.80
11/09/2026,09:53:38,26.70,59.00,29.81
11/09/2026,09:54:49,26.66,59.00,29.75
11/09/2026,09:56:00,26.62,59.00,29.71
11/09/2026,09:57:11,26.64,59.00,29.73
11/09/2026,09:58:22,26.64,59.00,29.73
11/09/2026,09:59:35,26.61,59.00,29.69
11/09/2026,10:00:46,26.60,59.00,29.67
11/09/2026,10:01:57,26.60,59.00,29.68
11/09/2026,10:03:08,26.60,59.00,29.67
11/09/2026,10:04:19,26.60,59.00,29.67
11/09/2026,10:05:32,26.60,59.00,29.67
11/09/2026,10:06:43,26.60,59.00,29.67
11/09/2026,10:07:54,26.60,59.00,29.67
11/09/2026,10:09:05,26.60,59.00,29.67
11/09/2026,10:10:16,26.61,59.00,29.68
11/09/2026,10:11:29,26.62,59.00,29.70
11/09/2026,10:12:40,26.64,59.00,29.73
11/09/2026,10:13:51,26.66,59.00,29.76
11/09/2026,10:15:02,26.65,59.00,29.75
11/09/2026,10:16:13,26.63,59.00,29.71
11/09/2026,10:17:27,26.62,59.00,29.71
11/09/2026,10:18:38,26.64,59.00,29.73
11/09/2026,10:19:48,26.65,59.00,29.74
11/09/2026,10:20:59,26.62,59.00,29.70
11/09/2026,10:22:10,26.64,59.00,29.73
11/09/2026,10:23:24,26.70,59.00,29.82
11/09/2026,10:24:35,26.66,59.00,29.75
11/09/2026,10:25:46,26.69,59.00,29.80
11/09/2026,10:26:57,26.70,59.00,29.81
11/09/2026,10:28:08,26.69,59.00,29.80
11/09/2026,10:29:21,26.70,59.00,29.81
11/09/2026,10:30:32,26.70,59.00,29.82
11/09/2026,10:31:43,26.70,59.00,29.82
11/09/2026,10:32:54,26.73,59.00,29.86
11/09/2026,10:34:05,26.80,58.52,29.90
11/09/2026,10:35:18,26.78,58.04,29.82
11/09/2026,10:36:29,26.73,58.04,29.74
11/09/2026,10:37:40,26.70,58.92,29.81
11/09/2026,10:38:51,26.70,58.64,29.77
11/09/2026,10:40:02,26.70,58.00,29.69
11/09/2026,10:41:15,26.64,58.00,29.61
11/09/2026,10:42:26,26.62,58.00,29.58
11/09/2026,10:43:37,26.60,58.00,29.56
11/09/2026,10:44:48,26.60,58.00,29.55
11/09/2026,10:45:59,26.60,58.00,29.55
11/09/2026,10:47:12,26.60,58.00,29.55
11/09/2026,10:48:23,26.61,58.72,29.66
11/09/2026,10:49:34,26.69,58.50,29.74
11/09/2026,10:50:45,26.70,58.00,29.69
11/09/2026,10:51:56,26.70,58.00,29.69
11/09/2026,10:53:09,26.70,58.00,29.69
11/09/2026,10:54:20,26.70,58.00,29.69
11/09/2026,10:55:31,26.70,58.00,29.69
11/09/2026,10:56:42,26.71,58.00,29.71
11/09/2026,10:57:53,26.74,58.00,29.75
11/09/2026,10:59:06,26.78,58.00,29.80
11/09/2026,11:00:17,26.80,58.00,29.84
11/09/2026,11:01:28,26.79,58.00,29.82
11/09/2026,11:02:39,26.74,58.00,29.76
11/09/2026,11:03:50,26.70,58.00,29.69
11/09/2026,11:05:03,26.70,58.00,29.69
11/09/2026,11:06:14,26.74,58.00,29.75
11/09/2026,11:07:25,26.78,58.00,29.81
11/09/2026,11:08:36,26.72,58.00,29.72
11/09/2026,11:09:47,26.73,58.00,29.74
11/09/2026,11:11:00,26.80,58.00,29.83
11/09/2026,11:12:11,26.80,58.00,29.84
11/09/2026,11:13:22,26.80,58.00,29.84
11/09/2026,11:14:33,26.80,58.00,29.84
11/09/2026,11:15:44,26.80,58.00,29.84
11/09/2026,11:16:57,26.80,58.00,29.84
11/09/2026,11:18:08,26.80,58.00,29.84
11/09/2026,11:19:19,26.80,58.00,29.83
11/09/2026,11:20:30,26.80,58.00,29.84
11/09/2026,11:21:41,26.80,58.00,29.84
11/09/2026,11:22:54,26.81,58.00,29.85
11/09/2026,11:24:05,26.88,58.00,29.96
11/09/2026,11:25:16,26.84,58.00,29.89
11/09/2026,11:26:27,26.80,58.00,29.84
11/09/2026,11:27:38,26.80,58.00,29.84
11/09/2026,11:28:52,26.80,58.00,29.84
11/09/2026,11:30:03,26.78,58.00,29.80
11/09/2026,11:31:14,26.71,58.00,29.71
11/09/2026,11:32:25,26.70,58.00,29.70
11/09/2026,11:33:35,26.70,58.00,29.69
11/09/2026,11:34:49,26.70,58.00,29.70
11/09/2026,11:36:00,26.74,58.00,29.75
11/09/2026,11:37:11,26.77,58.00,29.80
11/09/2026,11:38:21,26.80,58.00,29.84
11/09/2026,11:39:32,26.80,58.00,29.84
11/09/2026,11:40:46,26.80,58.00,29.83
11/09/2026,11:41:57,26.76,58.00,29.78
11/09/2026,11:43:08,26.70,58.54,29.76
11/09/2026,11:44:19,26.70,59.00,29.82
11/09/2026,11:45:30,26.74,59.00,29.87
11/09/2026,11:46:43,26.76,59.00,29.91
11/09/2026,11:47:54,26.79,59.00,29.95
11/09/2026,11:49:05,26.81,59.00,29.97
11/09/2026,11:50:16,26.86,59.00,30.05
11/09/2026,11:51:27,26.83,59.00,30.00
11/09/2026,11:52:40,26.80,59.00,29.96
11/09/2026,11:53:51,26.80,59.00,29.96
11/09/2026,11:55:02,26.80,59.00,29.96
11/09/2026,11:56:13,26.80,59.00,29.96
11/09/2026,11:57:24,26.80,59.00,29.96
11/09/2026,11:58:37,26.80,59.00,29.96
11/09/2026,11:59:48,26.80,59.00,29.95
11/09/2026,12:00:59,26.80,59.00,29.96
11/09/2026,12:02:10,26.80,59.00,29.96
11/09/2026,12:03:21,26.80,59.00,29.96
11/09/2026,12:04:34,26.80,59.00,29.96
11/09/2026,12:05:45,26.80,59.00,29.96
11/09/2026,12:06:56,26.80,59.00,29.96
11/09/2026,12:08:07,26.86,59.32,30.09
11/09/2026,12:09:18,26.93,59.00,30.15
11/09/2026,12:10:31,26.87,59.00,30.06
11/09/2026,12:11:42,26.82,59.00,29.99
11/09/2026,12:12:53,26.87,59.00,30.06
11/09/2026,12:14:04,26.94,59.25,30.19
11/09/2026,12:15:15,27.00,59.70,30.33
11/09/2026,12:16:29,27.00,59.23,30.28
11/09/2026,12:17:40,27.03,60.00,30.41
11/09/2026,12:18:51,27.10,60.00,30.52
11/09/2026,12:20:02,27.19,60.53,30.71
11/09/2026,12:21:12,27.25,60.00,30.74
11/09/2026,12:22:26,27.30,59.20,30.70
11/09/2026,12:23:37,27.30,59.65,30.75
11/09/2026,12:24:48,27.30,59.71,30.77
11/09/2026,12:38:38,28.34,57.23,31.95
11/09/2026,12:39:49,27.95,58.20,31.51
11/09/2026,12:41:00,27.78,58.04,31.24
11/09/2026,12:42:11,27.60,58.12,31.00
11/09/2026,12:43:22,27.50,58.96,30.97
11/09/2026,12:44:36,27.49,59.00,30.95
11/09/2026,12:45:47,27.50,59.96,31.08
11/09/2026,12:46:58,27.52,59.83,31.10
11/09/2026,12:48:09,27.50,59.24,31.00
11/09/2026,12:49:20,27.50,59.00,30.97
11/09/2026,12:50:34,27.47,59.00,30.92
11/09/2026,12:51:45,27.40,59.00,30.83
11/09/2026,12:52:56,27.38,59.00,30.78
11/09/2026,12:54:07,27.30,59.00,30.68
11/09/2026,12:55:18,27.22,59.00,30.56
11/09/2026,12:56:31,27.18,59.72,30.59
11/09/2026,12:57:42,27.20,60.00,30.66
11/09/2026,12:58:53,27.33,60.92,30.96
11/09/2026,13:00:04,27.36,60.00,30.89
11/09/2026,13:01:15,27.33,60.00,30.84
11/09/2026,13:04:09,27.40,59.70,30.90
11/09/2026,13:05:20,27.40,60.00,30.95
11/09/2026,13:06:31,27.40,60.00,30.95
11/09/2026,13:08:59,27.41,60.00,30.96
11/09/2026,13:10:10,27.48,60.00,31.07
11/09/2026,13:11:21,27.50,60.00,31.10
11/09/2026,13:12:32,27.50,59.68,31.06
11/09/2026,13:13:43,27.59,59.96,31.21
11/09/2026,13:14:56,27.73,59.96,31.42
11/09/2026,13:16:07,27.68,59.00,31.22
11/09/2026,13:17:18,27.60,59.00,31.11
11/09/2026,13:18:29,27.60,59.96,31.23
11/09/2026,13:19:40,27.60,59.04,31.12
11/09/2026,13:20:53,27.60,59.16,31.13
11/09/2026,13:22:04,27.61,59.67,31.21
11/09/2026,13:23:15,27.60,59.28,31.14
11/09/2026,13:24:26,27.60,59.00,31.11
11/09/2026,13:25:37,27.50,59.60,31.05
11/09/2026,13:26:50,27.50,60.00,31.09
11/09/2026,13:28:01,27.50,60.00,31.10
11/09/2026,13:29:12,27.52,60.00,31.12
11/09/2026,13:30:23,27.50,60.00,31.09
11/09/2026,13:31:34,27.50,60.00,31.10
11/09/2026,13:32:47,27.50,60.00,31.09
11/09/2026,13:33:58,27.47,60.20,31.08
11/09/2026,13:35:09,27.41,60.92,31.07
11/09/2026,13:36:20,27.40,61.00,31.07
11/09/2026,13:37:31,27.42,61.00,31.10
11/09/2026,13:38:44,27.49,61.00,31.21
11/09/2026,13:39:55,27.49,61.00,31.20
11/09/2026,13:41:06,27.48,61.00,31.19
11/09/2026,13:42:17,27.50,61.00,31.22
11/09/2026,13:43:28,27.47,61.00,31.18
11/09/2026,13:44:41,27.40,60.44,31.00
11/09/2026,13:45:52,27.38,60.00,30.91
11/09/2026,13:47:03,27.32,59.88,30.82
11/09/2026,13:48:14,27.31,59.00,30.69
11/09/2026,13:49:25,27.30,59.00,30.68
11/09/2026,13:50:38,27.31,59.00,30.69
11/09/2026,13:51:49,27.30,59.00,30.68
11/09/2026,13:53:00,27.30,59.00,30.68
11/09/2026,13:54:11,27.30,59.00,30.68
11/09/2026,13:55:22,27.30,59.00,30.68
11/09/2026,13:56:36,27.30,58.80,30.66
11/09/2026,13:57:46,27.30,58.04,30.55
11/09/2026,13:58:57,27.21,58.88,30.53
11/09/2026,14:00:08,27.20,59.00,30.53
11/09/2026,14:01:19,27.16,59.00,30.48
11/09/2026,14:02:33,27.11,59.00,30.41
11/09/2026,14:03:44,27.10,59.00,30.39
11/09/2026,14:04:55,27.10,59.00,30.39
11/09/2026,14:06:06,27.10,59.00,30.39
11/09/2026,14:07:17,27.12,59.00,30.42
11/09/2026,14:08:30,27.16,59.00,30.48
11/09/2026,14:09:41,27.20,59.00,30.53
11/09/2026,14:10:52,27.18,59.00,30.50
11/09/2026,14:12:03,27.18,59.40,30.55
11/09/2026,14:13:14,27.15,59.96,30.59
11/09/2026,14:14:27,27.14,60.00,30.57
11/09/2026,14:15:38,27.19,60.00,30.64
11/09/2026,14:16:49,27.20,60.00,30.66
11/09/2026,14:18:00,27.20,60.00,30.66
11/09/2026,14:19:11,27.20,60.00,30.66
11/09/2026,14:20:25,27.21,60.00,30.67
11/09/2026,14:21:36,27.21,60.00,30.67
11/09/2026,14:22:46,27.22,60.52,30.75
11/09/2026,14:23:57,27.20,61.00,30.79
11/09/2026,14:25:08,27.21,61.00,30.80
11/09/2026,14:26:22,27.25,61.00,30.85
11/09/2026,14:27:33,27.22,61.00,30.80
11/09/2026,14:28:44,27.23,61.85,30.94
11/09/2026,14:29:54,27.22,62.00,30.94
11/09/2026,14:31:05,27.28,62.00,31.02
11/09/2026,14:32:19,27.26,62.00,30.99
11/09/2026,14:33:30,27.27,62.00,31.01
11/09/2026,14:34:41,27.30,62.00,31.04
11/09/2026,14:35:52,27.29,62.00,31.04
11/09/2026,14:37:03,27.29,62.00,31.03
11/09/2026,14:38:16,27.29,62.04,31.04
11/09/2026,14:39:27,27.30,62.56,31.12
11/09/2026,14:40:38,27.37,63.00,31.28
11/09/2026,14:41:49,27.38,62.85,31.28
11/09/2026,14:43:00,27.30,62.12,31.07
11/09/2026,14:44:13,27.28,62.67,31.11
11/09/2026,14:45:24,27.28,62.64,31.10
11/09/2026,14:46:35,27.22,62.38,30.99
11/09/2026,14:47:46,27.22,62.76,31.03
11/09/2026,14:48:57,27.23,62.04,30.95
11/09/2026,14:50:10,27.21,62.04,30.92
11/09/2026,14:51:21,27.20,63.00,31.03
11/09/2026,14:52:32,27.20,63.00,31.03
11/09/2026,14:53:43,27.20,63.00,31.03
11/09/2026,14:54:54,27.20,63.00,31.04
11/09/2026,14:56:07,27.20,63.00,31.03
11/09/2026,14:57:18,27.20,63.00,31.03
11/09/2026,14:58:29,27.20,63.00,31.03
11/09/2026,14:59:40,27.20,63.00,31.03
11/09/2026,15:00:51,27.20,63.00,31.02
11/09/2026,15:02:04,27.20,63.00,31.03
11/09/2026,15:03:15,27.20,63.08,31.04
11/09/2026,15:04:26,27.20,63.96,31.15
11/09/2026,15:05:37,27.20,63.07,31.04
11/09/2026,15:06:48,27.20,63.00,31.03
11/09/2026,15:08:01,27.20,63.00,31.03
11/09/2026,15:09:12,27.19,63.00,31.02
11/09/2026,15:10:23,27.19,63.00,31.01
11/09/2026,15:11:34,27.19,63.00,31.02
11/09/2026,15:12:45,27.15,63.00,30.95
11/09/2026,15:13:58,27.16,63.00,30.97
11/09/2026,15:15:09,27.14,63.00,30.94
11/09/2026,15:16:20,27.14,63.00,30.95
11/09/2026,15:17:31,27.15,63.00,30.96
11/09/2026,15:18:42,27.16,63.00,30.97
11/09/2026,15:19:57,27.20,63.00,31.03
11/09/2026,15:21:07,27.20,63.00,31.03
11/09/2026,15:22:18,27.20,63.00,31.03
11/09/2026,15:23:29,27.20,63.00,31.03
11/09/2026,15:24:40,27.21,63.04,31.05
11/09/2026,15:25:54,27.22,63.68,31.15
11/09/2026,15:27:05,27.20,64.00,31.15
11/09/2026,15:28:16,27.20,64.00,31.15
11/09/2026,15:29:27,27.12,64.00,31.04
11/09/2026,15:30:38,27.10,64.00,31.00
11/09/2026,15:31:51,27.12,64.00,31.04
11/09/2026,15:33:02,27.19,64.00,31.14
11/09/2026,15:34:13,27.28,64.00,31.26
11/09/2026,15:35:24,27.33,64.00,31.35
11/09/2026,15:36:35,27.41,64.00,31.46
11/09/2026,15:37:48,27.41,64.00,31.46
11/09/2026,15:38:59,27.41,64.00,31.46
11/09/2026,15:40:10,27.50,64.00,31.60
11/09/2026,15:41:21,27.59,64.00,31.73
11/09/2026,15:42:32,27.60,64.00,31.75
11/09/2026,15:43:45,27.62,64.00,31.77
11/09/2026,15:44:56,27.65,64.00,31.82
11/09/2026,15:46:07,27.60,64.00,31.75
11/09/2026,15:47:18,27.62,64.00,31.78
11/09/2026,15:48:29,27.71,64.00,31.91
11/09/2026,15:49:42,27.85,64.04,32.12
11/09/2026,15:50:53,28.06,64.15,32.45
11/09/2026,15:52:04,28.19,63.35,32.54
11/09/2026,15:53:15,28.30,63.00,32.67
11/09/2026,15:54:26,28.41,63.00,32.82
11/09/2026,15:55:39,28.50,63.00,32.96
11/09/2026,15:56:50,28.59,63.00,33.10
11/09/2026,15:58:01,28.62,62.92,33.13
11/09/2026,15:59:12,28.69,62.88,33.23
11/09/2026,16:00:23,28.70,62.38,33.18
11/09/2026,16:01:36,28.71,62.36,33.19
11/09/2026,16:02:47,28.78,62.04,33.25
11/09/2026,16:03:58,28.80,62.00,33.28
11/09/2026,16:05:09,28.89,62.00,33.41
11/09/2026,16:06:20,28.90,62.00,33.43
11/09/2026,16:07:33,28.93,62.08,33.48
11/09/2026,16:08:44,28.95,62.00,33.50
11/09/2026,16:09:55,28.96,62.00,33.52
11/09/2026,16:11:06,29.00,62.00,33.58
11/09/2026,16:12:17,29.01,62.00,33.59
11/09/2026,16:13:31,29.01,62.00,33.59
11/09/2026,16:14:41,29.06,62.00,33.67
11/09/2026,16:15:52,29.10,62.00,33.74
11/09/2026,16:17:03,29.18,62.00,33.84
11/09/2026,16:18:14,29.20,62.00,33.88
11/09/2026,16:19:28,29.20,62.00,33.88
11/09/2026,16:20:39,29.27,61.04,33.84
11/09/2026,16:21:50,29.30,61.88,34.01
11/09/2026,16:23:01,29.30,61.12,33.91
11/09/2026,16:24:12,29.31,61.52,33.98
11/09/2026,16:25:25,29.33,62.00,34.07
11/09/2026,16:26:36,29.30,61.28,33.93
11/09/2026,16:27:47,29.30,61.89,34.02
11/09/2026,16:28:58,29.33,61.65,34.02
11/09/2026,16:30:09,29.32,61.76,34.03
11/09/2026,16:31:22,29.30,61.83,34.01
11/09/2026,16:32:33,29.31,61.00,33.90
11/09/2026,16:33:44,29.31,61.26,33.94
11/09/2026,16:34:55,29.30,61.12,33.91
11/09/2026,16:36:06,29.39,61.42,34.08
11/09/2026,16:37:19,29.40,61.88,34.17
11/09/2026,16:38:30,29.42,61.56,34.15
11/09/2026,16:39:41,29.50,61.00,34.19
11/09/2026,16:40:52,29.51,61.00,34.21
11/09/2026,16:42:03,29.54,61.00,34.25
11/09/2026,16:43:16,29.55,61.00,34.27
11/09/2026,16:49:13,29.50,60.59,34.13
11/09/2026,16:50:24,29.59,60.43,34.25
11/09/2026,16:51:35,29.61,61.00,34.36
11/09/2026,16:52:46,29.65,61.00,34.42
11/09/2026,16:56:21,30.21,62.19,35.45
11/09/2026,16:57:31,30.14,60.12,35.03
11/09/2026,16:58:42,29.96,60.38,34.80
11/09/2026,16:59:53,29.89,61.00,34.79
11/09/2026,17:01:07,29.89,61.00,34.78
11/09/2026,17:02:18,29.89,61.00,34.79
11/09/2026,17:03:29,29.87,61.00,34.75
11/09/2026,17:04:40,29.83,61.19,34.71
11/09/2026,17:05:51,29.85,61.33,34.77
11/09/2026,17:07:04,29.89,61.24,34.82
11/09/2026,17:08:15,29.90,61.64,34.90
11/09/2026,17:09:26,29.95,61.00,34.88
11/09/2026,17:10:37,29.98,61.21,34.96
11/09/2026,17:11:48,30.00,61.00,34.95
11/09/2026,17:13:01,30.00,61.00,34.95
11/09/2026,17:14:12,29.95,60.96,34.88
11/09/2026,17:15:23,29.48,61.00,34.16
11/09/2026,17:16:34,28.95,62.35,33.55
11/09/2026,17:17:45,28.72,63.25,33.33
11/09/2026,17:18:58,28.66,63.08,33.22
11/09/2026,17:20:09,28.50,63.96,33.09
11/09/2026,17:21:20,28.32,64.19,32.84
11/09/2026,17:22:31,28.30,65.00,32.92
11/09/2026,17:23:42,28.30,65.00,32.92
11/09/2026,17:24:56,28.15,65.00,32.71
11/09/2026,17:26:07,28.10,65.00,32.62
11/09/2026,17:27:17,28.11,65.00,32.64
11/09/2026,17:28:28,28.10,65.00,32.63
11/09/2026,17:29:39,28.15,65.00,32.70
11/09/2026,17:30:53,28.32,65.64,33.05
11/09/2026,17:32:04,28.38,65.00,33.05
11/09/2026,17:33:15,28.30,65.00,32.93
11/09/2026,17:34:26,28.28,65.00,32.90
11/09/2026,17:35:36,28.30,65.00,32.92
11/09/2026,17:38:19,28.38,65.00,33.05
11/09/2026,17:39:30,28.32,65.00,32.95
11/09/2026,17:40:41,28.23,65.00,32.83
11/09/2026,17:41:52,28.33,65.00,32.98
11/09/2026,17:43:03,28.40,65.00,33.08
11/09/2026,17:44:16,28.42,65.00,33.10
11/09/2026,17:45:27,28.40,65.00,33.08
11/09/2026,17:46:38,28.40,65.00,33.08
11/09/2026,17:47:49,28.40,64.96,33.07
11/09/2026,17:49:00,28.32,65.00,32.95
11/09/2026,17:50:13,28.28,65.00,32.90
11/09/2026,17:51:24,28.28,65.58,32.98
11/09/2026,17:52:35,28.23,66.00,32.96
11/09/2026,17:53:46,28.26,66.00,33.01
11/09/2026,17:54:57,28.30,66.00,33.05
11/09/2026,17:56:10,28.30,66.00,33.06
11/09/2026,17:57:21,28.33,65.68,33.07
11/09/2026,17:58:32,28.40,65.00,33.07
11/09/2026,17:59:43,28.37,65.00,33.04
11/09/2026,18:00:54,28.32,65.00,32.96
11/09/2026,18:02:07,28.30,65.12,32.94
11/09/2026,18:03:18,28.30,65.96,33.05
11/09/2026,18:04:29,28.28,66.00,33.03
11/09/2026,18:05:40,28.30,66.00,33.06
11/09/2026,18:06:51,28.20,66.00,32.91
11/09/2026,18:08:04,28.13,66.00,32.80
11/09/2026,18:09:15,28.09,66.00,32.74
11/09/2026,18:10:26,28.06,66.00,32.69
11/09/2026,18:11:37,28.00,66.04,32.60
11/09/2026,18:12:48,28.00,66.32,32.64
11/09/2026,18:14:01,27.97,67.00,32.68
11/09/2026,18:15:12,27.98,67.00,32.70
11/09/2026,18:16:23,28.00,67.00,32.73
11/09/2026,18:17:34,28.00,67.00,32.73
11/09/2026,18:18:45,27.98,67.00,32.71
11/09/2026,18:19:58,27.90,67.00,32.58
11/09/2026,18:21:09,27.82,67.00,32.46
11/09/2026,18:22:20,27.80,67.00,32.43
11/09/2026,18:23:31,27.80,67.24,32.46
11/09/2026,18:24:42,27.76,68.00,32.50
11/09/2026,18:25:55,27.70,68.00,32.40
11/09/2026,18:27:06,27.66,68.00,32.35
11/09/2026,18:28:17,27.65,68.00,32.33
11/09/2026,18:29:28,27.67,68.00,32.37
11/09/2026,18:30:39,27.71,67.96,32.41
11/09/2026,18:31:52,27.71,68.00,32.42
11/09/2026,18:33:03,27.72,68.00,32.44
11/09/2026,18:34:14,27.68,68.00,32.37
11/09/2026,18:35:25,27.63,68.00,32.31
11/09/2026,18:36:36,27.60,68.00,32.26
11/09/2026,18:37:50,27.62,68.00,32.29
11/09/2026,18:39:01,27.64,68.00,32.32
11/09/2026,18:40:12,27.65,68.00,32.33
11/09/2026,18:41:23,27.75,67.50,32.41
11/09/2026,18:42:34,27.69,67.41,32.32
11/09/2026,18:43:48,27.70,67.92,32.39
11/09/2026,18:44:59,27.64,68.00,32.32
11/09/2026,18:46:10,27.61,68.00,32.27
11/09/2026,18:47:21,27.60,68.00,32.26
11/09/2026,18:48:32,27.60,68.00,32.26
11/09/2026,18:49:45,27.60,68.00,32.26
11/09/2026,18:50:56,27.60,68.00,32.26
11/09/2026,18:52:07,27.60,68.00,32.25
11/09/2026,18:53:18,27.60,68.00,32.26
11/09/2026,18:54:29,27.60,68.00,32.26
11/09/2026,18:55:42,27.60,68.00,32.26
11/09/2026,18:56:53,27.60,68.00,32.26
11/09/2026,18:58:04,27.60,68.17,32.28
11/09/2026,18:59:15,27.62,68.00,32.28
11/09/2026,19:00:26,27.61,68.04,32.28
11/09/2026,19:01:40,27.60,68.00,32.26
11/09/2026,19:02:51,27.60,68.04,32.27
11/09/2026,19:04:01,27.60,68.96,32.38
11/09/2026,19:05:12,27.61,69.00,32.40
11/09/2026,19:06:23,27.66,68.84,32.45
11/09/2026,19:07:37,27.61,68.04,32.27
11/09/2026,19:08:48,27.61,68.33,32.31
11/09/2026,19:09:59,27.60,69.00,32.38
11/09/2026,19:11:10,27.60,69.00,32.38
11/09/2026,19:12:21,27.61,69.00,32.40
11/09/2026,19:13:34,27.63,69.00,32.43
11/09/2026,19:14:45,27.60,69.00,32.39
11/09/2026,19:15:56,27.63,69.00,32.42
11/09/2026,19:17:07,27.69,68.92,32.51
11/09/2026,19:18:18,27.73,68.33,32.49
11/09/2026,19:19:31,27.78,68.00,32.53
11/09/2026,19:20:42,27.77,68.00,32.52
11/09/2026,19:21:53,27.63,68.65,32.39
11/09/2026,19:23:04,27.56,69.00,32.32
11/09/2026,19:24:15,27.50,69.00,32.22
11/09/2026,19:25:28,27.46,69.00,32.18
11/09/2026,19:26:39,27.45,69.00,32.15
11/09/2026,19:27:50,27.50,69.00,32.23
11/09/2026,19:29:01,27.45,69.00,32.15
11/09/2026,19:30:12,27.41,69.00,32.09
11/09/2026,19:31:25,27.42,69.24,32.14
11/09/2026,19:32:36,27.40,69.00,32.08
11/09/2026,19:33:47,27.40,69.77,32.17
11/09/2026,19:34:58,27.42,69.96,32.22
11/09/2026,19:36:09,27.46,69.92,32.29
11/09/2026,19:37:22,27.50,69.57,32.30
11/09/2026,19:38:33,27.50,69.23,32.26
11/09/2026,19:39:44,27.50,69.54,32.30
11/09/2026,19:40:55,27.50,69.93,32.35
11/09/2026,19:42:06,27.50,70.00,32.36
11/09/2026,19:43:20,27.51,70.00,32.37
11/09/2026,19:44:31,27.53,70.00,32.40
11/09/2026,19:45:42,27.53,70.00,32.40
11/09/2026,19:46:53,27.55,70.00,32.44
11/09/2026,19:48:04,27.56,70.00,32.45
11/09/2026,19:49:17,27.56,70.00,32.44
11/09/2026,19:50:28,27.59,70.00,32.50
11/09/2026,19:51:39,27.60,69.88,32.50
11/09/2026,19:52:50,27.63,69.09,32.45
11/09/2026,19:54:01,27.64,69.52,32.51
11/09/2026,19:55:14,27.61,69.08,32.41
11/09/2026,19:56:25,27.67,69.96,32.61
11/09/2026,19:57:36,27.80,70.00,32.82
11/09/2026,19:58:47,27.89,70.11,32.97
11/09/2026,19:59:58,27.98,69.73,33.07
11/09/2026,20:37:08,27.85,69.96,32.90
11/09/2026,20:38:19,27.75,70.00,32.74
11/09/2026,20:39:30,27.71,70.00,32.68
11/09/2026,20:40:41,27.78,70.00,32.78
11/09/2026,20:41:52,27.79,70.08,32.81
11/09/2026,20:43:05,27.82,70.50,32.91
11/09/2026,20:44:16,27.90,70.65,33.06
11/09/2026,20:45:27,27.91,70.96,33.11
11/09/2026,20:46:38,27.98,70.88,33.21
11/09/2026,20:47:49,27.99,71.00,33.24
11/09/2026,20:49:02,28.00,70.15,33.14
11/09/2026,20:50:13,28.00,70.62,33.21
11/09/2026,20:51:24,28.00,70.48,33.19
11/09/2026,20:52:35,28.00,70.00,33.12
11/09/2026,20:53:46,27.99,70.00,33.11
11/09/2026,20:54:59,27.97,70.00,33.08
11/09/2026,20:56:10,27.91,70.00,32.99
11/09/2026,21:06:51,27.99,70.00,33.11
11/09/2026,21:08:02,28.01,70.00,33.15
11/09/2026,21:09:13,28.03,69.33,33.08
11/09/2026,21:11:03,28.02,69.96,33.15
11/09/2026,21:12:14,28.00,69.56,33.07
11/09/2026,21:13:25,28.00,70.00,33.12
11/09/2026,21:18:18,27.91,69.15,32.87
11/09/2026,21:19:29,27.91,69.00,32.85
11/09/2026,21:20:40,27.90,69.00,32.85
11/09/2026,21:21:50,27.90,69.00,32.84
11/09/2026,21:23:01,27.90,69.00,32.84
11/09/2026,21:24:15,27.90,69.00,32.84
11/09/2026,21:25:26,27.86,69.00,32.78
11/09/2026,21:26:36,27.80,69.00,32.69
11/09/2026,21:27:47,27.80,69.00,32.69
11/09/2026,21:28:58,27.78,69.20,32.68
11/09/2026,21:30:12,27.70,69.04,32.54
11/09/2026,21:31:23,27.61,69.95,32.52
11/09/2026,21:32:34,27.60,70.00,32.50
11/09/2026,21:33:45,27.59,70.00,32.50
11/09/2026,21:34:56,27.60,70.00,32.51
11/09/2026,21:36:09,27.60,70.00,32.51
11/09/2026,21:37:20,27.60,70.00,32.51
11/09/2026,21:38:31,27.60,70.00,32.51
11/09/2026,21:39:42,27.59,70.00,32.50
11/09/2026,21:40:53,27.59,70.00,32.50
11/09/2026,21:42:06,27.55,70.00,32.43
11/09/2026,21:43:17,27.53,70.00,32.40
11/09/2026,21:44:28,27.52,70.00,32.39
11/09/2026,21:45:39,27.51,70.00,32.37
11/09/2026,21:46:50,27.55,70.00,32.43
11/09/2026,21:48:03,27.50,70.00,32.36
11/09/2026,21:49:14,27.50,70.00,32.36
11/09/2026,21:50:25,27.50,70.00,32.35
11/09/2026,21:51:36,27.51,70.00,32.37
11/09/2026,21:52:47,27.50,70.04,32.37
11/09/2026,21:54:00,27.49,70.08,32.36
11/09/2026,21:55:11,27.50,70.09,32.36
11/09/2026,21:56:22,27.50,70.00,32.36
11/09/2026,21:57:33,27.50,70.00,32.36
11/09/2026,21:58:44,27.39,70.96,32.31
11/09/2026,21:59:57,27.30,71.00,32.18
11/09/2026,22:01:08,27.25,71.00,32.10
11/09/2026,22:02:19,27.25,71.00,32.10
11/09/2026,22:03:30,27.25,71.04,32.10
11/09/2026,22:04:41,27.30,71.00,32.17
11/09/2026,22:05:54,27.30,71.00,32.18
11/09/2026,22:07:05,27.30,71.00,32.18
11/09/2026,22:08:16,27.30,71.00,32.18
11/09/2026,22:09:27,27.34,71.00,32.23
11/09/2026,22:10:38,27.34,71.00,32.24
11/09/2026,22:11:51,27.32,71.00,32.20
11/09/2026,22:13:02,27.28,71.00,32.15
11/09/2026,22:14:13,27.20,71.33,32.07
11/09/2026,22:15:24,27.25,71.36,32.15
11/09/2026,22:16:35,27.27,71.09,32.15
11/09/2026,22:17:48,27.30,71.00,32.17
11/09/2026,22:18:59,27.31,71.00,32.19
11/09/2026,22:20:10,27.27,71.00,32.12
11/09/2026,22:21:21,27.19,71.46,32.06
11/09/2026,22:22:32,27.06,72.00,31.94
11/09/2026,22:23:46,27.00,72.00,31.85
11/09/2026,22:24:57,27.00,72.00,31.84
11/09/2026,22:26:07,26.92,72.00,31.72
11/09/2026,22:27:18,26.90,72.00,31.69
11/09/2026,22:28:29,27.00,72.00,31.84
11/09/2026,22:29:43,27.01,72.00,31.85
11/09/2026,22:30:54,27.08,72.00,31.96
11/09/2026,22:32:05,27.11,72.00,32.01
11/09/2026,22:33:16,27.18,72.00,32.12
11/09/2026,22:34:27,27.20,71.88,32.13
11/09/2026,22:35:41,27.20,71.36,32.07
11/09/2026,22:36:51,27.20,71.04,32.03
11/09/2026,22:38:02,27.17,71.00,31.98
11/09/2026,22:39:13,27.09,71.11,31.86
11/09/2026,22:40:24,27.09,71.88,31.96
11/09/2026,22:41:37,27.07,71.96,31.95
11/09/2026,22:42:48,27.10,71.84,31.97
11/09/2026,22:43:59,27.12,71.68,31.98
11/09/2026,22:45:10,27.10,71.08,31.89
11/09/2026,22:46:21,27.08,71.69,31.93
11/09/2026,22:47:34,27.10,71.96,31.98
11/09/2026,22:48:45,27.11,71.85,31.99
11/09/2026,22:49:56,27.12,71.50,31.97
11/09/2026,22:51:07,27.10,71.00,31.88
11/09/2026,22:52:18,27.10,71.00,31.87
11/09/2026,22:53:31,27.10,71.16,31.90
11/09/2026,22:54:42,27.06,71.32,31.85
11/09/2026,22:55:53,26.85,72.00,31.61
11/09/2026,22:57:04,26.87,72.00,31.64
11/09/2026,22:58:15,26.90,72.00,31.69
11/09/2026,22:59:29,26.82,72.00,31.57
11/09/2026,23:00:39,26.92,72.00,31.71
11/09/2026,23:01:50,26.92,72.00,31.71
11/09/2026,23:03:01,26.94,72.00,31.74
11/09/2026,23:04:12,27.00,72.00,31.84
11/09/2026,23:05:26,27.00,72.00,31.84
11/09/2026,23:06:37,26.90,72.00,31.69
11/09/2026,23:07:48,26.79,72.00,31.52
11/09/2026,23:08:59,26.71,72.08,31.41
11/09/2026,23:10:10,26.70,72.71,31.47
11/09/2026,23:11:23,26.75,72.42,31.52
11/09/2026,23:12:34,26.80,72.00,31.53
11/09/2026,23:13:45,26.80,72.00,31.54
11/09/2026,23:14:56,26.80,72.00,31.53
11/09/2026,23:16:07,26.80,72.00,31.54
11/09/2026,23:17:20,26.81,72.00,31.55
11/09/2026,23:18:31,26.82,72.00,31.56
11/09/2026,23:19:42,26.83,72.00,31.58
11/09/2026,23:20:53,26.80,72.00,31.54
11/09/2026,23:22:04,26.80,72.00,31.53
11/09/2026,23:23:17,26.73,72.50,31.48
11/09/2026,23:24:28,26.73,72.67,31.51
11/09/2026,23:25:39,26.75,72.48,31.51
11/09/2026,23:26:50,26.80,72.04,31.53
11/09/2026,23:28:01,26.81,72.00,31.55
11/09/2026,23:29:15,26.88,72.00,31.66
11/09/2026,23:30:25,26.90,72.00,31.69
11/09/2026,23:31:36,26.93,72.00,31.73
11/09/2026,23:32:47,26.99,72.00,31.82
11/09/2026,23:33:58,27.00,72.00,31.84
11/09/2026,23:35:12,27.00,72.00,31.84
11/09/2026,23:36:23,27.00,72.00,31.84
11/09/2026,23:37:34,27.00,72.00,31.84
11/09/2026,23:38:45,27.00,71.96,31.84
11/09/2026,23:39:56,27.00,71.96,31.84
11/09/2026,23:41:09,27.00,71.70,31.80
11/09/2026,23:42:20,27.00,71.50,31.78
11/09/2026,23:43:31,27.00,71.21,31.74
11/09/2026,23:44:42,26.99,71.12,31.72
11/09/2026,23:45:52,27.00,71.04,31.72
11/09/2026,23:47:06,27.00,71.08,31.72
11/09/2026,23:48:17,27.00,71.00,31.72
11/09/2026,23:49:28,27.00,71.00,31.72
11/09/2026,23:50:39,27.00,71.00,31.72
11/09/2026,23:51:50,27.00,71.00,31.72
11/09/2026,23:53:03,27.00,71.00,31.72
11/09/2026,23:54:14,27.00,71.00,31.72
11/09/2026,23:55:25,27.00,71.00,31.72
11/09/2026,23:56:36,27.00,71.00,31.71
11/09/2026,23:57:47,27.00,71.00,31.72
11/09/2026,23:59:00,27.00,71.00,31.71
12/09/2026,00:00:11,27.00,71.00,31.72
12/09/2026,00:01:22,27.00,71.00,31.72
12/09/2026,00:02:33,27.00,71.00,31.72
12/09/2026,00:03:44,27.00,71.00,31.72
12/09/2026,00:04:57,27.00,71.00,31.71
12/09/2026,00:06:08,27.00,71.00,31.72
12/09/2026,00:07:19,27.00,71.00,31.72
12/09/2026,00:08:30,26.98,71.00,31.69
12/09/2026,00:09:41,27.00,71.00,31.72
12/09/2026,00:10:54,27.00,71.00,31.72
12/09/2026,00:12:05,27.00,71.00,31.72
12/09/2026,00:13:16,27.00,71.00,31.72
12/09/2026,00:14:27,27.00,71.00,31.71
12/09/2026,00:15:38,27.00,71.00,31.72
12/09/2026,00:16:51,27.00,71.00,31.72
12/09/2026,00:18:02,27.00,71.00,31.72
12/09/2026,00:19:13,27.00,71.00,31.72
12/09/2026,00:20:24,27.00,71.00,31.72
12/09/2026,00:21:35,27.00,71.00,31.72
12/09/2026,00:22:48,27.00,71.00,31.72
12/09/2026,00:23:59,27.00,71.00,31.72
12/09/2026,00:25:10,27.00,71.00,31.72
12/09/2026,00:26:21,27.01,71.00,31.73
12/09/2026,00:27:32,27.00,71.00,31.72
12/09/2026,00:28:45,27.00,71.00,31.72
12/09/2026,00:29:56,27.00,71.00,31.71
12/09/2026,00:31:07,27.00,71.00,31.72
12/09/2026,00:32:18,27.02,71.00,31.75
12/09/2026,00:33:29,27.07,71.00,31.82
12/09/2026,00:34:42,27.07,71.00,31.82
12/09/2026,00:35:53,27.09,71.00,31.85
12/09/2026,00:37:04,27.09,71.00,31.85
12/09/2026,00:38:15,27.08,71.00,31.83
12/09/2026,00:39:26,27.10,71.00,31.87
12/09/2026,00:40:39,27.10,71.00,31.87
12/09/2026,00:41:50,27.10,71.00,31.87
12/09/2026,00:43:01,27.10,71.00,31.87
12/09/2026,00:44:12,27.10,71.00,31.87
12/09/2026,00:45:23,27.10,71.00,31.87
12/09/2026,00:46:36,27.10,71.00,31.87
12/09/2026,00:47:47,27.10,71.00,31.86
12/09/2026,00:48:58,27.10,71.00,31.87
12/09/2026,00:50:09,27.10,71.00,31.87
12/09/2026,00:51:20,27.10,71.00,31.88
12/09/2026,00:52:34,27.10,71.00,31.88
12/09/2026,00:53:45,27.10,71.00,31.87
12/09/2026,00:54:56,27.10,71.00,31.88
12/09/2026,00:56:07,27.10,71.00,31.86
12/09/2026,00:57:18,27.10,71.00,31.88
12/09/2026,00:58:31,27.10,71.00,31.88
12/09/2026,00:59:42,27.11,71.00,31.88
12/09/2026,01:00:53,27.10,71.00,31.88
12/09/2026,01:02:04,27.10,71.00,31.87
12/09/2026,01:03:15,27.10,71.00,31.88
12/09/2026,01:04:28,27.10,71.00,31.87
12/09/2026,01:05:39,27.10,71.00,31.88
12/09/2026,01:06:50,27.10,71.00,31.88
12/09/2026,01:08:01,27.10,71.00,31.88
12/09/2026,01:09:12,27.10,70.96,31.87
12/09/2026,01:10:26,27.13,71.00,31.91
12/09/2026,01:11:37,27.14,71.00,31.94
12/09/2026,01:12:48,27.16,71.00,31.96
12/09/2026,01:13:58,27.16,71.00,31.96
12/09/2026,01:15:09,27.17,71.00,31.97
12/09/2026,01:16:23,27.19,71.00,32.00
12/09/2026,01:17:34,27.18,71.00,32.00
12/09/2026,01:18:45,27.20,70.96,32.02
12/09/2026,01:19:56,27.19,71.00,32.01
12/09/2026,01:21:07,27.18,71.00,32.00
12/09/2026,01:22:20,27.17,70.96,31.98
12/09/2026,01:23:31,27.15,70.96,31.94
12/09/2026,01:24:42,27.14,70.96,31.92
12/09/2026,01:25:53,27.11,71.00,31.89
12/09/2026,01:27:04,27.12,71.00,31.89
12/09/2026,01:28:17,27.13,71.00,31.92
12/09/2026,01:29:28,27.13,71.00,31.92
12/09/2026,01:30:39,27.12,71.00,31.90
12/09/2026,01:31:50,27.12,71.00,31.90
12/09/2026,01:33:01,27.11,71.00,31.89
12/09/2026,01:34:14,27.12,71.00,31.90
12/09/2026,01:35:25,27.10,71.00,31.88
12/09/2026,01:36:36,27.11,71.00,31.88
12/09/2026,01:37:47,27.10,71.00,31.87
12/09/2026,01:38:58,27.10,71.00,31.88
12/09/2026,01:40:12,27.10,71.00,31.88
12/09/2026,01:41:23,27.10,71.00,31.88
12/09/2026,01:42:34,27.10,71.00,31.87
12/09/2026,01:43:45,27.10,70.96,31.87
12/09/2026,01:44:56,27.10,71.00,31.87
12/09/2026,01:46:09,27.10,71.00,31.87
12/09/2026,01:47:20,27.10,71.00,31.86
12/09/2026,01:48:31,27.09,71.00,31.86
12/09/2026,01:49:42,27.08,71.00,31.84
12/09/2026,01:50:53,27.03,71.00,31.76
12/09/2026,01:52:06,27.06,71.00,31.80
12/09/2026,01:53:17,27.03,71.00,31.76
12/09/2026,01:54:28,27.01,71.00,31.74
12/09/2026,01:55:39,27.03,71.00,31.76
12/09/2026,01:56:50,27.01,71.00,31.74
12/09/2026,01:58:03,27.01,71.00,31.73
12/09/2026,01:59:14,27.00,71.00,31.72
12/09/2026,02:00:25,27.02,71.00,31.75
12/09/2026,02:01:36,27.00,71.00,31.72
12/09/2026,02:02:47,27.01,71.00,31.73
12/09/2026,02:04:00,27.01,71.00,31.73
12/09/2026,02:05:11,27.01,71.00,31.73
12/09/2026,02:06:22,27.00,71.00,31.72
12/09/2026,02:07:33,27.00,71.00,31.72
12/09/2026,02:08:44,27.00,71.00,31.72
12/09/2026,02:09:57,27.00,71.00,31.72
12/09/2026,02:11:08,27.00,71.00,31.72
12/09/2026,02:12:19,27.00,71.00,31.72
12/09/2026,02:13:30,27.00,71.00,31.72
12/09/2026,02:14:41,27.01,71.00,31.73
12/09/2026,02:15:54,27.00,71.00,31.72
12/09/2026,02:17:05,26.99,71.00,31.71
12/09/2026,02:18:16,27.00,71.00,31.72
12/09/2026,02:19:27,27.00,71.00,31.72
12/09/2026,02:20:38,27.00,71.00,31.71
12/09/2026,02:21:51,27.00,71.00,31.72
12/09/2026,02:23:02,27.00,71.00,31.72
12/09/2026,02:24:13,27.00,71.00,31.72
12/09/2026,02:25:24,27.00,71.00,31.72
12/09/2026,02:26:35,27.00,71.00,31.72
12/09/2026,02:27:48,27.00,71.00,31.72
12/09/2026,02:28:59,27.00,71.00,31.72
12/09/2026,02:30:10,27.00,71.00,31.72
12/09/2026,02:31:21,27.00,71.00,31.72
12/09/2026,02:32:32,27.00,71.00,31.72
12/09/2026,02:33:45,27.00,71.00,31.72
12/09/2026,02:34:56,27.00,71.00,31.72
12/09/2026,02:36:07,27.00,71.00,31.72
12/09/2026,02:37:18,27.00,71.00,31.72
12/09/2026,02:38:29,27.00,71.00,31.72
12/09/2026,02:39:42,27.01,71.00,31.74
12/09/2026,02:40:53,27.00,71.00,31.72
12/09/2026,02:42:04,27.00,71.00,31.72
12/09/2026,02:43:15,27.00,71.00,31.72
12/09/2026,02:44:26,27.00,71.00,31.72
12/09/2026,02:45:39,27.00,71.00,31.72
12/09/2026,02:46:50,27.00,71.00,31.72
12/09/2026,02:48:01,27.00,71.00,31.71
12/09/2026,02:49:12,27.00,71.00,31.72
12/09/2026,02:50:23,27.00,71.00,31.71
12/09/2026,02:51:36,27.00,71.00,31.72
12/09/2026,02:52:47,27.00,71.00,31.72
12/09/2026,02:53:58,27.00,71.00,31.71
12/09/2026,02:55:09,27.00,71.00,31.72
12/09/2026,02:56:20,26.99,71.00,31.70
12/09/2026,02:57:33,27.00,71.00,31.72
12/09/2026,02:58:44,27.00,71.00,31.72
12/09/2026,02:59:55,27.00,71.00,31.71
12/09/2026,03:01:06,27.00,71.00,31.71
12/09/2026,03:02:17,27.00,71.00,31.72
12/09/2026,03:03:30,27.00,71.00,31.71
12/09/2026,03:04:41,27.00,71.00,31.71
12/09/2026,03:05:52,26.99,71.00,31.71
12/09/2026,03:07:03,26.99,71.00,31.70
12/09/2026,03:08:14,26.98,71.00,31.69
12/09/2026,03:09:27,26.99,71.00,31.71
12/09/2026,03:10:38,26.99,71.00,31.71
12/09/2026,03:11:49,26.98,71.00,31.69
12/09/2026,03:13:00,26.98,71.00,31.68
12/09/2026,03:14:11,26.95,71.00,31.64
12/09/2026,03:15:24,26.98,71.00,31.69
12/09/2026,03:16:35,26.97,71.00,31.68
12/09/2026,03:17:46,26.95,71.00,31.65
12/09/2026,03:18:57,26.95,71.00,31.64
12/09/2026,03:20:08,26.95,71.00,31.64
12/09/2026,03:21:21,26.94,71.00,31.63
12/09/2026,03:22:32,26.95,71.00,31.64
12/09/2026,03:23:43,26.91,71.00,31.58
12/09/2026,03:24:54,26.93,71.00,31.61
12/09/2026,03:26:05,26.94,71.00,31.63
12/09/2026,03:27:18,26.92,71.00,31.60
12/09/2026,03:28:29,26.94,71.00,31.62
12/09/2026,03:29:40,26.92,71.00,31.59
12/09/2026,03:30:51,26.93,71.00,31.62
12/09/2026,03:32:02,26.91,71.00,31.58
12/09/2026,03:33:15,26.92,71.00,31.59
12/09/2026,03:34:26,26.91,71.00,31.58
12/09/2026,03:35:37,26.90,71.00,31.57
12/09/2026,03:36:48,26.90,71.00,31.57
12/09/2026,03:37:59,26.91,71.00,31.59
12/09/2026,03:39:12,26.90,71.00,31.56
12/09/2026,03:40:23,26.90,71.00,31.57
12/09/2026,03:41:34,26.90,71.00,31.56
12/09/2026,03:42:45,26.90,71.00,31.56
12/09/2026,03:43:56,26.91,71.00,31.58
12/09/2026,03:45:09,26.90,71.00,31.57
12/09/2026,03:46:20,26.90,71.00,31.56
12/09/2026,03:47:31,26.90,71.00,31.57
12/09/2026,03:48:42,26.91,71.00,31.58
12/09/2026,03:49:53,26.90,71.00,31.57
12/09/2026,03:51:06,26.90,71.00,31.56
12/09/2026,03:52:17,26.91,71.00,31.58
12/09/2026,03:53:28,26.90,71.00,31.57
12/09/2026,03:54:39,26.89,71.00,31.55
12/09/2026,03:55:50,26.90,71.00,31.57
12/09/2026,03:57:03,26.90,71.00,31.57
12/09/2026,03:58:14,26.90,71.00,31.57
12/09/2026,03:59:25,26.90,71.00,31.57
12/09/2026,04:00:36,26.90,71.00,31.57
12/09/2026,04:01:47,26.90,71.00,31.57
12/09/2026,04:03:00,26.88,71.00,31.54
12/09/2026,04:04:11,26.90,71.00,31.57
12/09/2026,04:05:22,26.90,71.00,31.56
12/09/2026,04:06:33,26.90,71.00,31.56
12/09/2026,04:07:44,26.89,71.00,31.55
12/09/2026,04:08:57,26.89,71.00,31.54
12/09/2026,04:10:08,26.90,71.00,31.56
12/09/2026,04:11:19,26.89,71.00,31.55
12/09/2026,04:12:30,26.89,71.00,31.55
12/09/2026,04:13:41,26.88,71.00,31.54
12/09/2026,04:14:54,26.88,71.00,31.54
12/09/2026,04:16:05,26.88,71.00,31.54
12/09/2026,04:17:16,26.87,71.00,31.52
12/09/2026,04:18:27,26.89,71.00,31.55
12/09/2026,04:19:38,26.88,71.00,31.54
12/09/2026,04:20:51,26.88,71.00,31.54
12/09/2026,04:22:02,26.89,71.00,31.55
12/09/2026,04:23:13,26.87,71.00,31.52
12/09/2026,04:24:24,26.86,71.00,31.51
12/09/2026,04:25:35,26.86,71.00,31.50
12/09/2026,04:26:48,26.85,71.00,31.49
12/09/2026,04:27:59,26.85,71.00,31.48
12/09/2026,04:29:10,26.84,71.00,31.48
12/09/2026,04:30:21,26.86,71.00,31.51
12/09/2026,04:31:32,26.87,71.00,31.52
12/09/2026,04:32:45,26.85,71.00,31.49
12/09/2026,04:33:56,26.84,71.00,31.48
12/09/2026,04:35:07,26.85,71.00,31.48
12/09/2026,04:36:18,26.84,70.96,31.48
12/09/2026,04:37:29,26.82,71.04,31.45
12/09/2026,04:38:42,26.81,71.00,31.43
12/09/2026,04:39:53,26.83,71.00,31.46
12/09/2026,04:41:04,26.83,71.00,31.47
12/09/2026,04:42:15,26.84,71.00,31.48
12/09/2026,04:43:26,26.83,71.00,31.46
12/09/2026,04:44:39,26.82,71.00,31.44
12/09/2026,04:45:50,26.80,71.00,31.42
12/09/2026,04:47:01,26.82,71.00,31.45
12/09/2026,04:48:12,26.82,71.00,31.44
12/09/2026,04:49:23,26.81,71.00,31.43
12/09/2026,04:50:36,26.80,71.00,31.42
12/09/2026,04:51:47,26.80,71.00,31.42
12/09/2026,04:52:58,26.82,71.00,31.44
12/09/2026,04:54:09,26.81,71.00,31.43
12/09/2026,04:55:20,26.81,71.00,31.43
12/09/2026,04:56:33,26.80,71.00,31.41
12/09/2026,04:57:44,26.80,71.00,31.42
12/09/2026,04:58:55,26.80,71.00,31.41
12/09/2026,05:00:06,26.80,71.00,31.41
12/09/2026,05:01:17,26.80,71.00,31.42
12/09/2026,05:02:30,26.81,71.00,31.43
12/09/2026,05:03:41,26.81,71.00,31.43
12/09/2026,05:04:52,26.81,71.00,31.43
12/09/2026,05:06:03,26.81,71.00,31.43
12/09/2026,05:07:14,26.81,71.00,31.43
12/09/2026,05:08:27,26.81,71.00,31.43
12/09/2026,05:09:38,26.81,71.00,31.43
12/09/2026,05:10:49,26.80,71.00,31.42
12/09/2026,05:12:00,26.80,71.00,31.41
12/09/2026,05:13:11,26.80,71.00,31.41
12/09/2026,05:14:25,26.80,71.00,31.42
12/09/2026,05:15:36,26.80,71.00,31.41
12/09/2026,05:16:46,26.80,71.00,31.41
12/09/2026,05:17:57,26.80,71.00,31.41
12/09/2026,05:19:08,26.81,71.00,31.43
12/09/2026,05:20:21,26.81,71.00,31.43
12/09/2026,05:21:32,26.80,71.00,31.42
12/09/2026,05:22:43,26.80,71.00,31.41
12/09/2026,05:23:54,26.81,71.00,31.43
12/09/2026,05:25:05,26.80,71.00,31.41
12/09/2026,05:26:19,26.80,71.00,31.41
12/09/2026,05:27:29,26.80,71.00,31.41
12/09/2026,05:28:40,26.80,71.00,31.42
12/09/2026,05:29:51,26.80,71.00,31.41
12/09/2026,05:31:02,26.80,71.00,31.42
12/09/2026,05:32:16,26.80,71.00,31.41
12/09/2026,05:33:27,26.80,71.00,31.41
12/09/2026,05:34:38,26.80,71.00,31.41
12/09/2026,05:35:48,26.80,71.00,31.41
12/09/2026,05:36:59,26.80,71.00,31.41
12/09/2026,05:38:13,26.80,71.00,31.41
12/09/2026,05:39:24,26.80,71.00,31.41
12/09/2026,05:40:35,26.80,71.00,31.41
12/09/2026,05:41:45,26.80,71.00,31.42
12/09/2026,05:42:56,26.80,71.00,31.41
12/09/2026,05:44:10,26.80,71.00,31.41
12/09/2026,05:45:21,26.80,71.00,31.41
12/09/2026,05:46:32,26.80,71.00,31.41
12/09/2026,05:47:43,26.80,71.00,31.41
12/09/2026,05:48:54,26.80,71.00,31.41
12/09/2026,05:50:07,26.80,71.00,31.41
12/09/2026,05:51:18,26.80,71.00,31.41
12/09/2026,05:52:29,26.80,71.00,31.41
12/09/2026,05:53:40,26.80,71.00,31.42
12/09/2026,05:54:51,26.80,71.00,31.41
12/09/2026,05:56:04,26.80,71.00,31.41
12/09/2026,05:57:15,26.80,71.00,31.41
12/09/2026,05:58:26,26.80,71.04,31.42
12/09/2026,05:59:37,26.79,71.04,31.41
12/09/2026,06:00:48,26.80,71.00,31.41
12/09/2026,06:02:01,26.80,71.00,31.41
12/09/2026,06:03:12,26.80,71.00,31.41
12/09/2026,06:04:23,26.80,71.04,31.42
12/09/2026,06:05:34,26.80,71.00,31.41
12/09/2026,06:06:45,26.80,71.00,31.41
12/09/2026,06:07:58,26.80,71.00,31.41
12/09/2026,06:09:09,26.80,71.00,31.41
12/09/2026,06:10:20,26.79,71.00,31.40
12/09/2026,06:11:31,26.80,71.00,31.41
12/09/2026,06:12:42,26.79,71.04,31.40
12/09/2026,06:13:55,26.78,71.00,31.38
12/09/2026,06:15:06,26.76,71.00,31.35
12/09/2026,06:16:17,26.76,71.00,31.35
12/09/2026,06:17:28,26.75,71.00,31.33
12/09/2026,06:18:39,26.76,71.00,31.35
12/09/2026,06:19:52,26.74,71.00,31.33
12/09/2026,06:21:03,26.75,71.00,31.33
12/09/2026,06:22:14,26.72,71.00,31.29
12/09/2026,06:23:25,26.73,71.00,31.31
12/09/2026,06:24:36,26.73,71.00,31.31
12/09/2026,06:25:49,26.71,71.00,31.28
12/09/2026,06:27:00,26.72,71.00,31.29
12/09/2026,06:28:11,26.70,71.00,31.26
12/09/2026,06:29:22,26.70,71.00,31.27
12/09/2026,06:30:33,26.70,71.00,31.26
12/09/2026,06:31:46,26.71,71.00,31.28
12/09/2026,06:32:57,26.71,71.00,31.28
12/09/2026,06:34:08,26.70,71.00,31.26
12/09/2026,06:35:19,26.70,71.00,31.26
12/09/2026,06:36:30,26.71,71.00,31.28
12/09/2026,06:37:43,26.70,71.00,31.27
12/09/2026,06:38:54,26.70,71.00,31.26
12/09/2026,06:40:05,26.70,71.00,31.26
12/09/2026,06:41:16,26.70,71.00,31.26
12/09/2026,06:42:27,26.70,71.00,31.26
12/09/2026,06:43:40,26.70,71.00,31.26
12/09/2026,06:44:51,26.70,71.00,31.27
12/09/2026,06:46:02,26.70,71.00,31.26
12/09/2026,06:47:13,26.70,71.00,31.26
12/09/2026,06:48:24,26.70,71.00,31.26
12/09/2026,06:49:38,26.70,71.00,31.26
12/09/2026,06:50:48,26.70,71.00,31.26
12/09/2026,06:51:59,26.70,71.00,31.26
12/09/2026,06:53:10,26.70,71.00,31.26
12/09/2026,06:54:21,26.70,71.00,31.26
12/09/2026,06:55:35,26.69,71.00,31.24
12/09/2026,06:56:45,26.70,70.92,31.25
12/09/2026,06:57:56,26.70,71.00,31.26
12/09/2026,06:59:07,26.70,71.00,31.27
12/09/2026,07:00:18,26.69,71.00,31.25
12/09/2026,07:01:32,26.70,71.00,31.26
12/09/2026,07:02:43,26.70,71.00,31.26
12/09/2026,07:03:54,26.69,71.00,31.25
12/09/2026,07:05:04,26.70,71.00,31.26
12/09/2026,07:06:15,26.70,71.00,31.26
12/09/2026,07:07:29,26.70,71.00,31.26
12/09/2026,07:08:40,26.70,71.00,31.26
12/09/2026,07:09:51,26.69,71.00,31.25
12/09/2026,07:11:02,26.69,71.00,31.24
12/09/2026,07:12:13,26.69,71.00,31.24
12/09/2026,07:13:26,26.68,71.00,31.24
12/09/2026,07:14:37,26.70,71.00,31.26
12/09/2026,07:15:48,26.69,70.96,31.25
12/09/2026,07:16:59,26.70,71.00,31.26
12/09/2026,07:18:10,26.70,70.56,31.21
12/09/2026,07:19:23,26.70,70.12,31.16
12/09/2026,07:20:34,26.70,70.00,31.14
12/09/2026,07:21:45,26.70,70.00,31.14
12/09/2026,07:22:56,26.70,70.00,31.14
12/09/2026,07:24:07,26.70,70.00,31.14
12/09/2026,07:25:20,26.69,70.00,31.13
12/09/2026,07:26:31,26.66,70.00,31.08
12/09/2026,07:27:42,26.66,70.00,31.09
12/09/2026,07:28:53,26.67,70.00,31.09
12/09/2026,07:30:04,26.68,70.00,31.11
12/09/2026,07:31:17,26.65,70.00,31.07
12/09/2026,07:32:28,26.62,70.00,31.02
12/09/2026,07:33:39,26.63,70.00,31.04
12/09/2026,07:34:50,26.63,70.00,31.04
12/09/2026,07:36:01,26.62,70.00,31.02
12/09/2026,07:37:14,26.64,70.00,31.05
12/09/2026,07:38:25,26.64,70.00,31.05
12/09/2026,07:39:36,26.67,70.00,31.09
12/09/2026,07:40:47,26.65,70.00,31.07
12/09/2026,07:41:58,26.67,70.00,31.10
12/09/2026,07:43:11,26.69,70.00,31.12
12/09/2026,07:44:22,26.70,70.00,31.13
12/09/2026,07:45:33,26.69,70.00,31.13
12/09/2026,07:46:44,26.70,70.00,31.14
12/09/2026,07:47:55,26.70,70.00,31.14
12/09/2026,07:49:08,26.71,70.00,31.15
12/09/2026,07:50:19,26.72,69.96,31.17
12/09/2026,07:51:30,26.78,69.38,31.19
12/09/2026,07:52:41,26.79,69.08,31.17
12/09/2026,07:53:52,26.80,69.00,31.18
12/09/2026,07:55:05,26.81,69.00,31.18
12/09/2026,07:56:16,26.85,69.00,31.24
12/09/2026,07:57:27,26.89,69.00,31.30
12/09/2026,07:58:38,26.90,69.00,31.33
12/09/2026,07:59:49,26.97,69.00,31.43
12/09/2026,08:01:02,27.00,69.00,31.47
12/09/2026,08:02:13,27.00,68.13,31.37
12/09/2026,08:03:24,27.02,68.00,31.38
12/09/2026,08:04:35,27.08,68.00,31.47
12/09/2026,08:05:46,27.10,68.00,31.51
12/09/2026,08:07:01,27.12,68.00,31.53
12/09/2026,08:08:11,27.17,68.00,31.60
12/09/2026,08:09:22,27.19,68.00,31.64
12/09/2026,08:10:33,27.21,68.00,31.66
12/09/2026,08:11:44,27.27,68.00,31.75
12/09/2026,08:12:58,27.30,68.00,31.80
12/09/2026,08:14:09,27.30,68.00,31.80
12/09/2026,08:15:19,27.32,67.96,31.82
12/09/2026,08:16:30,27.39,68.00,31.93
12/09/2026,08:17:41,27.41,67.20,31.87
12/09/2026,08:18:56,27.43,67.00,31.87
12/09/2026,08:20:07,27.49,67.00,31.97
12/09/2026,08:21:18,27.50,67.00,31.98
12/09/2026,08:22:29,27.52,67.00,32.00
12/09/2026,08:23:40,27.53,67.00,32.02
12/09/2026,08:24:53,27.59,67.00,32.11
12/09/2026,08:26:04,27.60,67.00,32.13
12/09/2026,08:27:15,27.60,67.00,32.13
12/09/2026,08:28:26,27.62,67.00,32.15
12/09/2026,08:29:37,27.68,67.00,32.25
12/09/2026,08:30:50,27.73,66.27,32.23
12/09/2026,08:32:01,27.80,66.00,32.30
12/09/2026,08:33:12,27.80,66.00,32.30
12/09/2026,08:34:23,27.81,66.00,32.32
12/09/2026,08:35:34,27.87,66.00,32.41
12/09/2026,08:36:47,27.90,66.00,32.45
12/09/2026,08:37:58,27.93,66.00,32.50
12/09/2026,08:39:09,27.98,65.41,32.50
12/09/2026,08:40:20,28.00,65.00,32.47
12/09/2026,08:41:31,28.00,65.00,32.47
12/09/2026,08:42:45,28.03,65.00,32.51
12/09/2026,08:43:56,28.09,65.00,32.61
12/09/2026,08:45:07,28.10,65.00,32.62
12/09/2026,08:46:18,28.10,65.00,32.62
12/09/2026,08:47:29,28.13,65.00,32.68
12/09/2026,08:48:42,28.20,65.00,32.77
12/09/2026,08:49:53,28.21,65.00,32.79
12/09/2026,08:51:04,28.28,65.00,32.89
12/09/2026,08:52:15,28.30,65.00,32.93
12/09/2026,08:53:26,28.30,65.00,32.93
12/09/2026,08:54:39,28.35,65.00,33.00
12/09/2026,08:55:50,28.40,65.00,33.07
12/09/2026,08:57:01,28.40,64.96,33.07
12/09/2026,08:58:12,28.40,64.96,33.08
12/09/2026,08:59:23,28.47,64.19,33.08
12/09/2026,09:00:36,28.49,64.00,33.08
12/09/2026,09:01:47,28.50,64.00,33.10
12/09/2026,09:02:58,28.50,64.00,33.10
12/09/2026,09:04:09,28.55,64.00,33.17
12/09/2026,09:05:20,28.50,64.00,33.10
12/09/2026,09:06:33,28.50,64.00,33.10
12/09/2026,09:07:44,28.50,64.00,33.10
12/09/2026,09:08:55,28.45,64.00,33.02
12/09/2026,09:10:06,28.42,64.00,32.98
12/09/2026,09:11:17,28.42,64.00,32.97
12/09/2026,09:12:30,28.42,64.16,32.99
12/09/2026,09:13:41,28.41,64.05,32.97
12/09/2026,09:14:52,28.40,64.81,33.05
12/09/2026,09:16:03,28.40,65.00,33.07
12/09/2026,09:17:14,28.34,65.11,33.00
12/09/2026,09:18:27,28.27,66.00,33.01
12/09/2026,09:19:38,28.20,66.00,32.91
12/09/2026,09:20:49,28.19,66.00,32.89
12/09/2026,09:22:00,28.12,66.00,32.78
12/09/2026,09:23:11,28.10,66.00,32.76
12/09/2026,09:24:24,28.10,66.48,32.82
12/09/2026,09:25:35,28.10,67.00,32.89
12/09/2026,09:26:46,28.02,67.00,32.77
12/09/2026,09:27:57,28.00,67.00,32.73
12/09/2026,09:29:08,28.00,67.00,32.73
12/09/2026,09:30:21,27.95,67.00,32.66
12/09/2026,09:31:32,27.98,67.00,32.70
12/09/2026,09:32:43,28.00,67.00,32.73
12/09/2026,09:33:54,28.00,67.00,32.73
12/09/2026,09:35:05,27.98,67.00,32.71
12/09/2026,09:36:18,27.91,67.00,32.60
12/09/2026,09:37:29,27.95,67.00,32.66
12/09/2026,09:38:40,27.97,67.00,32.70
12/09/2026,09:39:51,27.93,67.00,32.62
12/09/2026,09:41:02,27.91,67.00,32.60
12/09/2026,09:42:15,27.92,67.00,32.61
12/09/2026,09:43:26,27.94,67.00,32.65
12/09/2026,09:44:37,28.00,67.00,32.73
12/09/2026,09:45:48,27.98,67.00,32.71
12/09/2026,09:46:59,27.96,67.00,32.67
12/09/2026,09:48:12,27.97,67.00,32.69
12/09/2026,09:49:23,27.98,67.00,32.70
12/09/2026,09:50:34,27.93,67.00,32.63
12/09/2026,09:51:45,27.97,67.00,32.69
12/09/2026,09:52:56,27.99,67.00,32.72
12/09/2026,09:54:09,28.00,67.00,32.73
12/09/2026,09:55:20,28.04,67.00,32.80
12/09/2026,09:56:31,28.10,67.00,32.89
12/09/2026,09:57:42,28.11,67.00,32.90
12/09/2026,09:58:53,28.15,67.00,32.97
12/09/2026,10:00:06,28.12,67.00,32.92
12/09/2026,10:01:17,28.10,66.55,32.83
12/09/2026,10:02:28,28.10,67.62,32.97
12/09/2026,10:03:39,28.10,67.46,32.95
12/09/2026,10:04:50,28.08,67.00,32.86
12/09/2026,10:06:03,28.06,67.00,32.82
12/09/2026,10:07:14,28.03,67.00,32.78
12/09/2026,10:08:25,28.05,67.00,32.80
12/09/2026,10:09:36,28.07,67.00,32.84
12/09/2026,10:10:47,28.10,67.00,32.88
12/09/2026,10:12:00,28.10,67.00,32.89
12/09/2026,10:13:11,28.08,67.00,32.86
12/09/2026,10:14:22,28.09,67.00,32.87
12/09/2026,10:15:33,28.10,67.00,32.89
12/09/2026,10:16:44,28.10,67.00,32.89
12/09/2026,10:17:57,28.06,67.00,32.83
12/09/2026,10:19:08,28.07,67.00,32.84
12/09/2026,10:20:19,28.07,67.00,32.85
12/09/2026,10:21:30,28.02,67.00,32.77
12/09/2026,10:22:41,28.01,67.00,32.75
12/09/2026,10:23:54,28.00,67.00,32.73
12/09/2026,10:25:05,28.00,67.00,32.73
12/09/2026,10:26:16,28.00,67.00,32.73
12/09/2026,10:27:27,28.00,67.00,32.73
12/09/2026,10:28:38,27.98,67.00,32.71
12/09/2026,10:29:51,27.95,67.00,32.66
12/09/2026,10:31:02,27.91,67.78,32.70
12/09/2026,10:32:13,27.91,68.00,32.73
12/09/2026,10:33:24,27.90,68.00,32.71
12/09/2026,10:34:35,27.90,68.00,32.71
12/09/2026,10:35:48,27.90,68.00,32.71
12/09/2026,10:36:59,27.90,68.00,32.71
12/09/2026,10:38:10,27.90,68.00,32.71
12/09/2026,10:39:21,27.90,68.00,32.71
12/09/2026,10:40:32,27.90,68.00,32.71
12/09/2026,10:41:46,27.89,68.00,32.70
12/09/2026,10:42:57,27.82,68.00,32.60
12/09/2026,10:44:08,27.80,68.00,32.57
12/09/2026,10:45:18,27.80,68.00,32.56
12/09/2026,10:46:29,27.86,68.00,32.65
12/09/2026,10:47:42,27.80,68.83,32.67
12/09/2026,10:48:53,27.79,68.92,32.67
12/09/2026,10:50:04,27.78,68.87,32.65
12/09/2026,10:51:15,27.78,68.27,32.57
12/09/2026,10:52:26,27.80,68.00,32.56
12/09/2026,10:53:40,27.80,68.00,32.56
12/09/2026,10:54:51,27.80,68.04,32.57
12/09/2026,10:56:02,27.80,68.04,32.56
12/09/2026,10:57:13,27.80,68.00,32.55
12/09/2026,10:58:23,27.80,68.00,32.55
12/09/2026,10:59:37,27.78,68.00,32.54
12/09/2026,11:00:48,27.77,68.04,32.51
12/09/2026,11:01:59,27.75,68.00,32.49
12/09/2026,11:03:10,27.77,68.00,32.51
12/09/2026,11:04:21,27.73,68.00,32.45
12/09/2026,11:05:34,27.69,68.52,32.46
12/09/2026,11:06:45,27.61,69.00,32.40
12/09/2026,11:07:56,27.60,69.00,32.39
12/09/2026,11:09:07,27.60,69.00,32.39
12/09/2026,11:10:18,27.60,69.00,32.39
12/09/2026,11:11:31,27.60,69.00,32.39
12/09/2026,11:12:42,27.60,69.00,32.38
12/09/2026,11:13:53,27.62,69.00,32.42
12/09/2026,11:15:04,27.67,69.00,32.48
12/09/2026,11:16:15,27.67,69.00,32.49
12/09/2026,11:17:28,27.68,69.00,32.50
12/09/2026,11:18:39,27.66,69.00,32.47
12/09/2026,11:19:50,27.65,69.00,32.46
12/09/2026,11:21:01,27.65,69.00,32.46
12/09/2026,11:22:12,27.68,69.00,32.50
12/09/2026,11:23:26,27.69,69.00,32.52
12/09/2026,11:24:37,27.76,69.00,32.62
12/09/2026,11:25:48,27.79,69.00,32.68
12/09/2026,11:26:59,27.80,69.00,32.69
12/09/2026,11:28:10,27.82,69.00,32.73
12/09/2026,11:29:23,27.82,68.72,32.69
12/09/2026,11:30:34,27.82,68.12,32.60
12/09/2026,11:31:45,27.80,68.88,32.68
12/09/2026,11:32:56,27.80,69.00,32.69
12/09/2026,11:34:07,27.80,69.00,32.69
12/09/2026,11:35:20,27.77,69.00,32.64
12/09/2026,11:36:31,27.76,69.00,32.62
12/09/2026,11:37:42,27.80,69.00,32.69
12/09/2026,11:38:53,27.80,69.08,32.70
12/09/2026,11:40:04,27.80,69.74,32.78
12/09/2026,11:41:17,27.80,70.00,32.82
12/09/2026,11:42:28,27.80,69.42,32.74
12/09/2026,11:43:39,27.80,69.04,32.70
12/09/2026,11:44:50,27.80,69.00,32.69
12/09/2026,11:46:01,27.80,69.00,32.69
12/09/2026,11:47:14,27.83,69.00,32.74
12/09/2026,11:48:25,27.90,69.00,32.84
12/09/2026,11:49:36,27.87,69.38,32.84
12/09/2026,11:50:47,27.89,70.00,32.95
12/09/2026,11:51:58,27.90,70.00,32.97
12/09/2026,11:53:11,27.90,70.00,32.97
12/09/2026,11:54:22,27.90,70.00,32.97
12/09/2026,11:55:33,27.89,70.00,32.95
12/09/2026,11:56:44,27.84,70.00,32.88
12/09/2026,11:57:55,27.80,70.00,32.82
12/09/2026,11:59:08,27.80,70.00,32.83
12/09/2026,12:00:19,27.80,70.00,32.82
12/09/2026,12:01:30,27.80,70.00,32.82
12/09/2026,12:02:41,27.87,70.00,32.92
12/09/2026,12:03:52,27.90,70.00,32.98
12/09/2026,12:05:06,27.89,70.00,32.95
12/09/2026,12:06:17,27.87,70.00,32.93
12/09/2026,12:07:28,27.82,70.00,32.85
12/09/2026,12:08:39,27.82,70.00,32.85
12/09/2026,12:09:49,27.82,70.37,32.90
12/09/2026,12:11:03,27.81,71.00,32.96
12/09/2026,12:12:14,27.80,71.00,32.95
12/09/2026,12:13:25,27.80,70.96,32.95
12/09/2026,12:14:35,27.80,70.96,32.95
12/09/2026,12:15:46,27.83,70.42,32.92
12/09/2026,12:17:01,27.82,70.38,32.89
12/09/2026,12:18:12,27.84,71.00,33.00
12/09/2026,12:19:23,27.85,70.65,32.98
12/09/2026,12:20:34,27.81,70.91,32.95
12/09/2026,12:21:45,27.80,70.96,32.94
12/09/2026,12:22:58,27.77,71.00,32.90
12/09/2026,12:24:09,27.80,71.00,32.95
12/09/2026,12:25:20,27.80,71.00,32.95
12/09/2026,12:26:31,27.81,71.00,32.96
12/09/2026,12:27:42,27.83,71.00,33.00
12/09/2026,12:28:55,27.89,71.00,33.08
12/09/2026,12:30:06,27.90,70.56,33.04
12/09/2026,12:31:17,27.88,70.08,32.95
12/09/2026,12:32:28,27.86,70.96,33.04
12/09/2026,12:33:39,27.81,71.00,32.96
12/09/2026,12:34:52,27.80,71.00,32.95
12/09/2026,12:36:03,27.80,71.00,32.95
12/09/2026,12:37:14,27.80,71.00,32.95
12/09/2026,12:38:25,27.82,71.00,32.97
12/09/2026,12:39:36,27.88,71.00,33.06
12/09/2026,12:40:49,27.92,71.00,33.13
12/09/2026,12:42:00,27.97,71.00,33.21
12/09/2026,12:43:11,27.92,71.00,33.14
12/09/2026,12:44:22,27.95,70.96,33.17
12/09/2026,12:45:33,27.91,70.88,33.10
12/09/2026,12:46:46,27.89,71.00,33.09
12/09/2026,12:47:57,27.90,70.12,32.99
12/09/2026,12:49:08,27.90,70.92,33.08
12/09/2026,12:50:19,27.84,71.00,33.01
12/09/2026,12:51:30,27.86,71.00,33.04
12/09/2026,12:52:43,27.92,71.00,33.13
12/09/2026,12:53:54,27.91,71.00,33.12
12/09/2026,12:55:05,27.90,71.00,33.11
12/09/2026,12:56:16,27.90,71.00,33.10
12/09/2026,12:57:27,27.90,71.00,33.10
12/09/2026,12:58:40,27.90,71.00,33.11
12/09/2026,12:59:51,27.90,71.00,33.10
12/09/2026,13:01:02,27.88,71.00,33.06
12/09/2026,13:02:13,27.87,71.00,33.06
12/09/2026,13:03:24,27.90,71.00,33.10
12/09/2026,13:04:37,27.89,71.00,33.09
12/09/2026,13:05:48,27.90,71.00,33.10
12/09/2026,13:06:59,27.89,71.00,33.09
12/09/2026,13:08:10,27.90,71.00,33.10
12/09/2026,13:09:21,27.90,71.00,33.10
12/09/2026,13:10:34,27.88,71.00,33.07
12/09/2026,13:11:45,27.88,71.00,33.07
12/09/2026,13:12:56,27.88,71.00,33.08
12/09/2026,13:14:07,27.90,71.00,33.10
12/09/2026,13:15:18,27.90,71.00,33.10
12/09/2026,13:16:31,27.90,71.00,33.10
12/09/2026,13:17:42,27.90,71.00,33.10
12/09/2026,13:18:53,27.90,71.00,33.10
12/09/2026,13:20:04,27.92,71.00,33.13
12/09/2026,13:21:15,27.97,71.00,33.20
12/09/2026,13:22:28,27.99,71.00,33.24
12/09/2026,13:23:39,27.98,71.00,33.23
12/09/2026,13:24:50,27.91,71.00,33.12
12/09/2026,13:26:01,27.90,71.00,33.10
12/09/2026,13:27:12,27.90,71.00,33.10
12/09/2026,13:28:25,27.85,71.00,33.03
12/09/2026,13:29:36,27.82,71.00,32.98
12/09/2026,13:30:47,27.85,71.85,33.13
12/09/2026,13:31:58,27.90,71.86,33.21
12/09/2026,13:33:09,27.88,71.21,33.10
12/09/2026,13:34:22,27.89,71.00,33.09
12/09/2026,13:35:33,27.88,71.00,33.08
12/09/2026,13:36:44,27.85,71.00,33.03
12/09/2026,13:37:55,27.90,71.00,33.10
12/09/2026,13:39:06,27.90,71.00,33.10
12/09/2026,13:40:19,27.90,71.00,33.10
12/09/2026,13:41:30,27.89,71.00,33.09
12/09/2026,13:42:41,27.89,71.00,33.09
12/09/2026,13:43:52,27.90,71.00,33.10
12/09/2026,13:45:03,27.90,71.00,33.09
12/09/2026,13:46:16,27.90,71.00,33.10
12/09/2026,13:47:27,27.84,71.00,33.01
12/09/2026,13:48:38,27.90,71.00,33.09
12/09/2026,13:49:49,27.90,71.00,33.10
12/09/2026,13:51:00,27.90,71.00,33.09
12/09/2026,13:52:13,27.90,71.00,33.09
12/09/2026,13:53:24,27.89,71.00,33.09
12/09/2026,13:54:35,27.90,71.00,33.10
12/09/2026,13:55:46,27.90,71.00,33.11
12/09/2026,13:56:57,27.90,71.00,33.10
12/09/2026,13:58:10,27.90,71.00,33.10
12/09/2026,13:59:21,27.85,71.00,33.02
12/09/2026,14:00:32,27.82,71.00,32.98
12/09/2026,14:01:43,27.85,71.20,33.05
12/09/2026,14:02:54,27.83,71.08,33.01
12/09/2026,14:04:08,27.81,71.92,33.08
12/09/2026,14:05:19,27.82,71.96,33.09
12/09/2026,14:06:30,27.82,71.96,33.10
12/09/2026,14:07:41,27.82,71.00,32.98
12/09/2026,14:08:52,27.80,70.43,32.87
12/09/2026,14:10:05,27.80,70.00,32.82
12/09/2026,14:11:16,27.80,70.00,32.82
12/09/2026,14:12:27,27.80,69.76,32.79
12/09/2026,14:13:38,27.80,69.00,32.69
12/09/2026,14:14:49,27.80,68.32,32.60
12/09/2026,14:16:02,27.80,68.00,32.56
12/09/2026,14:17:13,27.80,67.42,32.48
12/09/2026,14:18:24,27.79,67.08,32.43
12/09/2026,14:19:35,27.80,67.00,32.43
12/09/2026,14:20:46,27.79,67.00,32.42
12/09/2026,14:21:59,27.80,67.00,32.42
12/09/2026,14:23:10,27.77,67.00,32.39
12/09/2026,14:24:21,27.72,67.00,32.31
12/09/2026,14:25:32,27.71,67.00,32.29
12/09/2026,14:26:43,27.75,66.62,32.31
12/09/2026,14:27:56,27.77,66.04,32.26
12/09/2026,14:29:07,27.76,66.00,32.24
12/09/2026,14:30:18,27.73,66.00,32.20
12/09/2026,14:31:29,27.67,66.00,32.10
12/09/2026,14:32:40,27.65,66.00,32.07
12/09/2026,14:33:53,27.66,66.00,32.09
12/09/2026,14:35:04,27.63,65.91,32.03
12/09/2026,14:36:15,27.60,65.00,31.88
12/09/2026,14:37:26,27.60,65.00,31.87
12/09/2026,14:38:37,27.60,65.00,31.88
12/09/2026,14:39:50,27.65,65.00,31.95
12/09/2026,14:41:01,27.72,65.00,32.05
12/09/2026,14:42:12,27.73,65.00,32.08
12/09/2026,14:43:23,27.70,64.48,31.95
12/09/2026,14:44:34,27.62,64.00,31.78
12/09/2026,14:45:47,27.60,63.84,31.73
12/09/2026,14:46:58,27.60,63.04,31.62
12/09/2026,14:48:09,27.60,63.00,31.62
12/09/2026,14:49:20,27.60,63.00,31.62
12/09/2026,14:50:31,27.60,63.00,31.62
12/09/2026,14:51:45,27.60,63.00,31.62
12/09/2026,14:52:55,27.61,63.00,31.63
12/09/2026,14:54:06,27.62,62.28,31.55
12/09/2026,14:55:17,27.70,62.04,31.64
12/09/2026,14:56:28,27.70,62.00,31.65
12/09/2026,14:57:42,27.71,62.00,31.65
12/09/2026,14:58:53,27.71,62.00,31.65
12/09/2026,15:00:04,27.70,62.00,31.63
12/09/2026,15:01:15,27.69,62.00,31.63
12/09/2026,15:02:25,27.72,62.00,31.66
12/09/2026,15:03:39,27.72,62.00,31.67
12/09/2026,15:04:50,27.71,62.00,31.65
12/09/2026,15:06:00,27.72,61.96,31.66
12/09/2026,15:07:11,27.71,62.00,31.66
12/09/2026,15:08:22,27.71,62.00,31.65
12/09/2026,15:09:36,27.70,62.00,31.64
12/09/2026,15:10:47,27.70,62.00,31.64
12/09/2026,15:11:57,27.70,62.00,31.64
12/09/2026,15:13:08,27.68,61.08,31.49
12/09/2026,15:14:19,27.67,61.00,31.47
12/09/2026,15:15:33,27.72,61.00,31.53
12/09/2026,15:16:44,27.76,61.00,31.59
12/09/2026,15:17:55,27.80,61.00,31.66
12/09/2026,15:19:06,27.80,60.67,31.62
12/09/2026,15:20:17,27.80,61.00,31.66
12/09/2026,15:21:30,27.80,61.00,31.66
12/09/2026,15:22:41,27.80,60.00,31.53
12/09/2026,15:23:52,27.80,60.00,31.52
12/09/2026,15:25:03,27.80,60.04,31.53
12/09/2026,15:26:14,27.79,60.00,31.52
12/09/2026,15:27:27,27.71,60.92,31.51
12/09/2026,15:28:38,27.70,60.96,31.51
12/09/2026,15:29:49,27.68,60.04,31.35
12/09/2026,15:31:00,27.66,60.00,31.32
12/09/2026,15:32:11,27.69,60.00,31.37
12/09/2026,15:33:24,27.70,60.00,31.39
12/09/2026,15:34:35,27.73,60.04,31.44
12/09/2026,15:35:46,27.74,61.00,31.56
12/09/2026,15:36:57,27.70,61.00,31.51
12/09/2026,15:38:08,27.68,61.00,31.49
12/09/2026,15:39:25,27.62,61.00,31.39
12/09/2026,15:40:36,27.60,61.00,31.36
12/09/2026,15:41:47,27.60,61.00,31.37
14/09/2026,07:33:54,27.30,64.00,31.30
14/09/2026,07:35:08,27.29,64.00,31.29
14/09/2026,07:36:19,27.27,64.00,31.26
14/09/2026,07:37:30,27.20,64.77,31.26
14/09/2026,07:38:41,27.20,64.92,31.27
14/09/2026,07:39:52,27.20,64.93,31.27
14/09/2026,07:41:06,27.20,65.00,31.28
14/09/2026,07:42:17,27.20,65.00,31.27
14/09/2026,07:43:28,27.18,65.00,31.25
14/09/2026,07:44:39,27.19,65.00,31.26
14/09/2026,07:45:50,27.20,65.00,31.28
14/09/2026,07:47:03,27.20,65.00,31.28
14/09/2026,07:48:14,27.20,65.00,31.28
14/09/2026,07:49:25,27.20,65.00,31.28
14/09/2026,07:50:36,27.17,65.00,31.24
14/09/2026,07:51:47,27.13,65.00,31.18
14/09/2026,07:53:00,27.09,65.00,31.11
14/09/2026,07:54:11,27.00,64.96,30.97
14/09/2026,07:55:22,26.92,65.00,30.86
14/09/2026,07:56:33,26.99,65.00,30.97
14/09/2026,07:57:44,27.02,65.00,31.01
14/09/2026,07:58:57,27.01,65.00,30.99
14/09/2026,08:00:08,27.00,65.00,30.98
14/09/2026,08:01:19,27.00,65.00,30.99
14/09/2026,08:02:30,27.04,65.00,31.04
14/09/2026,08:03:41,27.10,65.00,31.14
14/09/2026,08:04:54,27.10,65.00,31.14
14/09/2026,08:06:05,27.18,65.00,31.25
14/09/2026,08:07:16,27.20,65.00,31.28
14/09/2026,08:08:27,27.23,64.77,31.30
14/09/2026,08:09:38,27.29,64.08,31.30
14/09/2026,08:10:51,27.30,64.00,31.30
14/09/2026,08:12:02,27.30,64.00,31.31
14/09/2026,08:13:13,27.33,64.00,31.34
14/09/2026,08:14:24,27.31,64.00,31.31
14/09/2026,08:15:35,27.30,64.00,31.31
14/09/2026,08:16:48,27.31,64.00,31.31
14/09/2026,08:17:59,27.38,64.00,31.42
14/09/2026,08:19:10,27.40,64.00,31.45
14/09/2026,08:20:21,27.43,64.00,31.49
14/09/2026,08:21:32,27.50,64.00,31.60
14/09/2026,08:22:45,27.51,64.00,31.61
14/09/2026,08:23:56,27.58,64.00,31.72
14/09/2026,08:25:07,27.58,64.00,31.72
14/09/2026,08:26:18,27.60,64.00,31.75
14/09/2026,08:27:29,27.60,64.00,31.75
14/09/2026,08:28:42,27.60,64.00,31.74
14/09/2026,08:29:53,27.60,64.00,31.75
14/09/2026,08:31:04,27.60,64.00,31.75
14/09/2026,08:32:15,27.60,64.00,31.75
14/09/2026,08:33:26,27.60,64.00,31.75
14/09/2026,08:34:40,27.60,64.00,31.75
14/09/2026,08:35:50,27.60,63.83,31.72
14/09/2026,08:37:01,27.61,63.00,31.64
14/09/2026,08:38:12,27.65,63.32,31.74
14/09/2026,08:39:23,27.70,63.32,31.81
14/09/2026,08:40:37,27.79,63.46,31.96
14/09/2026,08:41:48,27.80,63.00,31.92
14/09/2026,08:42:59,27.81,63.00,31.93
14/09/2026,08:44:10,27.81,63.00,31.93
14/09/2026,08:45:21,27.82,63.00,31.95
14/09/2026,08:46:34,27.82,63.00,31.94
14/09/2026,08:47:45,27.80,63.00,31.92
14/09/2026,08:48:56,27.80,62.25,31.81
14/09/2026,08:50:07,27.79,62.00,31.77
14/09/2026,08:51:18,27.76,62.00,31.73
14/09/2026,08:52:31,27.78,62.00,31.76
14/09/2026,08:53:42,27.74,62.00,31.70
14/09/2026,08:54:53,27.80,61.81,31.76
14/09/2026,08:56:04,27.80,61.08,31.67
14/09/2026,08:57:15,27.80,61.00,31.66
14/09/2026,08:58:28,27.80,61.04,31.66
14/09/2026,08:59:39,27.81,61.00,31.67
14/09/2026,09:00:50,27.81,61.00,31.67
14/09/2026,09:02:01,27.81,61.00,31.68
14/09/2026,09:03:12,27.82,61.00,31.69
14/09/2026,09:04:25,27.85,61.00,31.73
14/09/2026,09:05:36,27.90,61.00,31.81
14/09/2026,09:06:47,27.90,61.29,31.84
14/09/2026,09:07:58,28.00,62.00,32.08
14/09/2026,09:09:09,28.03,62.00,32.13
14/09/2026,09:10:22,28.08,62.00,32.21
14/09/2026,09:11:33,28.10,62.00,32.23
14/09/2026,09:12:44,28.10,62.00,32.23
14/09/2026,09:13:55,28.10,62.00,32.23
14/09/2026,09:15:06,28.10,62.42,32.29
14/09/2026,09:16:20,28.13,63.00,32.41
14/09/2026,15:01:19,28.66,71.42,34.34
14/09/2026,15:02:30,28.70,71.88,34.46
14/09/2026,15:03:41,28.70,71.00,34.35
14/09/2026,15:04:52,28.70,71.00,34.35
14/09/2026,15:06:05,28.70,71.00,34.35
14/09/2026,15:07:16,28.70,71.00,34.35
14/09/2026,15:08:27,28.71,71.00,34.36
14/09/2026,15:09:38,28.70,71.00,34.35
14/09/2026,15:10:49,28.70,71.00,34.35
14/09/2026,15:12:03,28.70,70.38,34.27
14/09/2026,15:13:14,28.70,70.29,34.25
14/09/2026,15:14:25,28.70,70.92,34.34
14/09/2026,15:15:36,28.70,70.04,34.22
14/09/2026,15:16:47,28.64,70.00,34.11
14/09/2026,15:18:00,28.62,70.52,34.17
14/09/2026,15:19:11,28.66,71.00,34.29
14/09/2026,15:20:22,28.70,71.00,34.35
14/09/2026,15:21:33,28.70,71.00,34.35
14/09/2026,15:22:44,28.70,71.00,34.35
14/09/2026,15:23:57,28.70,71.00,34.36
14/09/2026,15:25:08,28.70,71.00,34.35
14/09/2026,15:26:19,28.70,71.00,34.35
14/09/2026,15:27:30,28.70,71.00,34.35
14/09/2026,15:28:41,28.70,71.00,34.35
14/09/2026,15:29:54,28.70,71.00,34.34
14/09/2026,15:31:05,28.70,71.00,34.35
14/09/2026,15:32:16,28.70,71.00,34.34
14/09/2026,15:33:27,28.70,71.00,34.35
14/09/2026,15:34:38,28.70,71.72,34.45
14/09/2026,15:35:51,28.70,72.00,34.49
14/09/2026,15:37:02,28.70,72.00,34.49
14/09/2026,15:38:13,28.69,72.00,34.46
14/09/2026,15:39:24,28.68,71.96,34.45
14/09/2026,15:40:35,28.70,71.65,34.44
14/09/2026,15:41:48,28.70,71.00,34.35
14/09/2026,15:42:59,28.70,71.00,34.35
14/09/2026,15:44:10,28.70,71.00,34.34
14/09/2026,15:45:21,28.68,71.00,34.33
14/09/2026,15:46:32,28.66,71.00,34.28
14/09/2026,15:47:45,28.64,71.00,34.26
14/09/2026,15:48:56,28.61,71.00,34.21
14/09/2026,15:50:07,28.65,71.75,34.38
14/09/2026,15:51:18,28.70,71.96,34.48
14/09/2026,15:52:29,28.70,72.00,34.48
14/09/2026,15:53:42,28.71,71.83,34.48
14/09/2026,15:54:53,28.72,71.79,34.48
14/09/2026,15:56:04,28.76,71.20,34.48
14/09/2026,15:57:15,28.79,71.00,34.49
14/09/2026,15:58:26,28.79,71.04,34.49
14/09/2026,15:59:40,28.74,71.54,34.49
14/09/2026,16:00:51,28.70,71.20,34.38
14/09/2026,16:02:01,28.69,71.00,34.34
14/09/2026,16:03:12,28.70,71.00,34.35
14/09/2026,16:04:23,28.70,71.15,34.37
14/09/2026,16:05:37,28.70,71.91,34.48
14/09/2026,16:06:48,28.70,72.00,34.49
14/09/2026,16:07:59,28.70,72.00,34.49
14/09/2026,16:09:10,28.70,72.00,34.49
14/09/2026,16:10:21,28.70,72.00,34.49
14/09/2026,16:11:34,28.70,72.00,34.49
14/09/2026,16:12:45,28.70,72.00,34.49
14/09/2026,16:13:56,28.70,72.00,34.49
14/09/2026,16:15:07,28.70,72.00,34.49
14/09/2026,16:16:18,28.70,72.00,34.49
14/09/2026,16:17:32,28.70,72.00,34.48
14/09/2026,16:18:42,28.69,72.00,34.47
14/09/2026,16:19:53,28.70,72.00,34.49
14/09/2026,16:21:04,28.69,72.00,34.47
14/09/2026,16:22:15,28.69,72.00,34.47
14/09/2026,16:23:29,28.69,72.00,34.47
14/09/2026,16:24:40,28.63,72.00,34.38
14/09/2026,16:25:51,28.60,72.00,34.32
14/09/2026,16:27:01,28.60,72.00,34.33
14/09/2026,16:28:12,28.59,72.00,34.32
14/09/2026,16:29:26,28.60,72.25,34.36
14/09/2026,16:30:37,28.60,72.76,34.43
14/09/2026,16:31:48,28.58,72.52,34.37
14/09/2026,16:32:59,28.54,72.04,34.24
14/09/2026,16:34:10,28.49,72.31,34.20
14/09/2026,16:35:23,28.50,72.48,34.24
14/09/2026,16:36:34,28.50,73.00,34.30
14/09/2026,16:37:45,28.50,73.00,34.30
14/09/2026,16:38:56,28.52,73.00,34.33
14/09/2026,16:40:07,28.50,73.00,34.30
14/09/2026,16:41:20,28.50,73.00,34.30
14/09/2026,16:42:31,28.57,73.00,34.41
14/09/2026,16:43:42,28.59,73.00,34.45
14/09/2026,16:44:53,28.51,72.00,34.19
14/09/2026,16:46:04,28.49,72.00,34.16
14/09/2026,16:47:17,28.43,72.00,34.07
14/09/2026,16:48:28,28.40,72.00,34.01
14/09/2026,16:49:39,28.40,72.00,34.01
14/09/2026,16:50:50,28.40,72.96,34.14
14/09/2026,16:52:01,28.40,73.00,34.15
14/09/2026,16:53:14,28.40,73.00,34.15
14/09/2026,16:54:25,28.40,73.00,34.15
14/09/2026,16:55:36,28.40,73.00,34.15
14/09/2026,16:56:47,28.39,73.00,34.13
14/09/2026,16:57:58,28.39,73.00,34.13
14/09/2026,16:59:12,28.40,73.00,34.15
14/09/2026,17:00:23,28.40,73.00,34.15
14/09/2026,17:01:34,28.40,72.95,34.14
14/09/2026,17:02:45,28.40,72.00,34.01
14/09/2026,17:03:56,28.40,72.09,34.03
14/09/2026,17:05:09,28.40,73.00,34.14
14/09/2026,17:06:20,28.38,73.00,34.11
14/09/2026,17:07:31,28.35,73.00,34.06
14/09/2026,17:08:42,28.36,73.00,34.08
14/09/2026,17:09:53,28.31,73.00,34.01
14/09/2026,17:11:06,28.33,73.00,34.03
14/09/2026,17:12:17,28.30,73.00,33.99
14/09/2026,17:13:28,28.30,73.00,33.99
14/09/2026,17:14:39,28.30,73.42,34.04
14/09/2026,17:15:50,28.31,74.00,34.14
14/09/2026,17:17:04,28.30,74.00,34.13
14/09/2026,17:18:15,28.31,74.00,34.14
14/09/2026,17:19:26,28.30,74.00,34.12
14/09/2026,17:20:36,28.28,73.12,33.98
14/09/2026,17:21:47,28.25,73.00,33.91
14/09/2026,17:23:01,28.20,73.08,33.85
14/09/2026,17:24:12,28.22,73.92,33.99
14/09/2026,17:25:23,28.22,74.00,33.99
14/09/2026,17:26:34,28.23,74.00,34.02
14/09/2026,17:27:45,28.25,73.67,34.00
14/09/2026,17:28:58,28.24,73.00,33.90
14/09/2026,17:30:09,28.23,73.00,33.88
14/09/2026,17:31:20,28.24,73.00,33.89
14/09/2026,17:32:31,28.28,73.00,33.96
14/09/2026,17:33:42,28.29,73.61,34.06
14/09/2026,17:34:55,28.30,74.00,34.12
14/09/2026,17:36:06,28.30,74.00,34.11
14/09/2026,17:37:17,28.28,74.00,34.08
14/09/2026,17:38:28,28.29,74.00,34.10
14/09/2026,17:39:39,28.29,74.00,34.11
14/09/2026,17:40:52,28.29,74.00,34.11
14/09/2026,17:42:03,28.28,74.00,34.10
14/09/2026,17:43:14,28.29,74.00,34.10
14/09/2026,17:44:25,28.25,74.00,34.04
14/09/2026,17:45:36,28.22,74.00,34.00
14/09/2026,17:46:50,28.25,74.00,34.04
14/09/2026,17:48:01,28.27,74.00,34.07
14/09/2026,17:49:11,28.29,74.00,34.11
14/09/2026,17:50:22,28.30,74.00,34.11
14/09/2026,17:51:33,28.30,74.00,34.13
14/09/2026,17:52:47,28.30,74.00,34.12
14/09/2026,17:53:58,28.30,74.00,34.12
14/09/2026,17:55:09,28.29,74.00,34.11
14/09/2026,17:56:20,28.28,74.00,34.10
14/09/2026,17:57:31,28.28,74.00,34.10
14/09/2026,17:58:44,28.28,74.00,34.10
14/09/2026,17:59:55,28.27,74.44,34.14
14/09/2026,18:01:06,28.27,75.00,34.21
14/09/2026,18:02:17,28.27,75.00,34.21
14/09/2026,18:03:28,28.28,75.00,34.22
14/09/2026,18:04:41,28.21,75.00,34.11
14/09/2026,18:05:52,28.20,75.00,34.10
14/09/2026,18:07:03,28.20,75.29,34.13
14/09/2026,18:08:14,28.21,76.00,34.25
14/09/2026,18:09:25,28.26,76.00,34.32
14/09/2026,18:12:07,28.22,76.00,34.25
14/09/2026,18:13:18,28.24,76.00,34.29
14/09/2026,18:14:29,28.25,76.00,34.31
14/09/2026,18:15:40,28.21,76.00,34.24
14/09/2026,18:16:51,28.21,76.00,34.24
14/09/2026,18:18:04,28.20,76.00,34.23
14/09/2026,18:19:15,28.20,76.00,34.22
14/09/2026,18:20:26,28.20,76.00,34.23
14/09/2026,18:21:37,28.20,76.00,34.23
14/09/2026,18:22:48,28.20,76.00,34.23
14/09/2026,18:24:02,28.20,76.04,34.24
14/09/2026,18:25:12,28.21,76.00,34.25
14/09/2026,18:26:23,28.21,76.00,34.24
14/09/2026,18:27:34,28.20,76.00,34.23
14/09/2026,18:28:45,28.21,76.00,34.25
14/09/2026,18:30:00,28.20,76.00,34.23
14/09/2026,18:31:11,28.21,76.00,34.24
14/09/2026,18:32:22,28.21,76.00,34.24
14/09/2026,18:33:33,28.20,76.00,34.23
14/09/2026,18:34:44,28.21,76.00,34.24
14/09/2026,18:35:57,28.20,76.00,34.23
14/09/2026,18:37:08,28.20,76.00,34.23
14/09/2026,18:38:19,28.20,76.00,34.23
14/09/2026,18:39:30,28.17,76.00,34.17
14/09/2026,18:40:41,28.16,75.72,34.13
14/09/2026,18:41:54,28.17,75.00,34.05
14/09/2026,18:43:05,28.19,75.00,34.08
14/09/2026,18:44:16,28.17,75.74,34.15
14/09/2026,18:45:27,28.17,76.00,34.18
14/09/2026,18:46:38,28.17,76.00,34.17
14/09/2026,18:47:51,28.19,76.00,34.21
14/09/2026,18:49:02,28.20,76.00,34.22
14/09/2026,18:50:13,28.17,76.00,34.18
14/09/2026,18:51:24,28.15,76.00,34.15
14/09/2026,18:52:35,28.16,76.00,34.16
14/09/2026,18:53:48,28.19,76.00,34.21
14/09/2026,18:54:59,28.19,76.00,34.21
14/09/2026,18:56:10,28.17,76.00,34.17
14/09/2026,18:57:21,28.18,76.00,34.19
14/09/2026,18:58:32,28.18,76.00,34.19
14/09/2026,18:59:45,28.16,76.00,34.16
14/09/2026,19:00:56,28.13,76.00,34.12
14/09/2026,19:02:07,28.17,76.00,34.18
14/09/2026,19:03:18,28.20,76.00,34.22
14/09/2026,19:04:29,28.19,76.00,34.21
14/09/2026,19:05:42,28.15,76.00,34.14
14/09/2026,19:06:53,28.14,75.08,34.01
14/09/2026,19:08:04,28.13,75.04,34.00
14/09/2026,19:09:15,28.10,75.00,33.94
14/09/2026,19:10:26,28.10,75.00,33.94
14/09/2026,19:11:40,28.10,74.23,33.84
14/09/2026,19:12:51,28.10,74.00,33.81
14/09/2026,19:14:02,28.12,74.65,33.93
14/09/2026,19:15:13,28.11,74.23,33.85
14/09/2026,19:16:23,28.13,74.04,33.86
14/09/2026,19:17:37,28.13,74.04,33.85
14/09/2026,19:18:48,28.12,74.31,33.88
14/09/2026,19:19:59,28.14,75.00,34.00
14/09/2026,19:21:10,28.14,75.00,34.01
14/09/2026,19:22:21,28.14,75.00,34.00
14/09/2026,19:23:40,28.15,75.00,34.02
14/09/2026,19:24:51,28.12,75.00,33.97
14/09/2026,19:26:02,28.12,75.00,33.96
14/09/2026,19:27:13,28.12,74.04,33.84
14/09/2026,19:28:24,28.10,74.00,33.81
14/09/2026,19:29:37,28.12,74.00,33.84
14/09/2026,19:30:48,28.13,74.23,33.89
14/09/2026,19:31:59,28.17,75.00,34.05
14/09/2026,19:33:10,28.20,75.00,34.09
14/09/2026,19:34:21,28.23,74.50,34.08
14/09/2026,19:35:34,28.30,75.00,34.25
14/09/2026,19:36:45,28.30,75.00,34.26
14/09/2026,19:37:56,28.38,75.00,34.38
14/09/2026,19:39:07,28.40,75.00,34.41
14/09/2026,19:40:18,28.40,75.75,34.51
14/09/2026,19:41:31,28.40,76.00,34.55
14/09/2026,19:42:42,28.44,76.00,34.61
14/09/2026,19:43:53,28.47,76.00,34.66
14/09/2026,19:45:04,28.50,76.00,34.70
14/09/2026,19:46:15,28.49,76.00,34.70
14/09/2026,19:47:28,28.50,76.00,34.71
14/09/2026,19:48:39,28.54,76.00,34.77
14/09/2026,19:49:50,28.59,76.00,34.85
14/09/2026,19:51:01,28.60,76.00,34.87
14/09/2026,19:52:12,28.66,75.85,34.94
14/09/2026,19:53:25,28.70,75.04,34.90
14/09/2026,19:54:36,28.80,75.00,35.05
14/09/2026,19:55:47,28.87,75.04,35.18
14/09/2026,20:02:04,29.00,75.00,35.37
14/09/2026,20:03:15,29.00,75.00,35.38
14/09/2026,20:04:26,28.97,75.00,35.32
14/09/2026,20:05:37,28.92,75.00,35.25
14/09/2026,20:06:47,28.90,75.00,35.22
14/09/2026,20:08:01,28.87,75.00,35.16
14/09/2026,20:09:12,28.82,75.00,35.09
14/09/2026,20:10:23,28.76,75.00,35.00
14/09/2026,20:11:34,28.72,75.00,34.92
14/09/2026,20:12:45,28.71,75.00,34.91
14/09/2026,20:13:58,28.70,75.00,34.89
14/09/2026,20:15:09,28.69,75.00,34.88
14/09/2026,20:16:20,28.70,75.00,34.89
14/09/2026,20:17:31,28.68,75.00,34.86
14/09/2026,20:18:42,28.68,75.21,34.88
14/09/2026,20:19:56,28.67,75.73,34.95
14/09/2026,20:21:07,28.68,75.96,34.99
14/09/2026,20:22:18,28.63,76.00,34.92
14/09/2026,20:23:29,28.66,76.00,34.97
14/09/2026,20:24:40,28.70,76.00,35.02
14/09/2026,20:25:53,28.70,76.00,35.03
14/09/2026,20:27:04,28.70,76.00,35.03
14/09/2026,20:28:15,28.80,72.57,34.71
14/09/2026,20:31:32,28.92,75.00,35.25
14/09/2026,20:32:43,28.86,75.05,35.16
14/09/2026,20:33:54,28.91,75.00,35.23
                                       14/09/2026,20:37:25,28.90,75.00,35.22
14/09/2026,20:38:36,28.90,74.54,35.15
14/09/2026,20:39:47,28.90,74.54,35.15
14/09/2026,20:40:58,28.90,75.00,35.22
14/09/2026,20:42:08,28.89,75.00,35.20
14/09/2026,20:43:23,28.86,75.00,35.16
14/09/2026,20:44:34,28.87,75.04,35.18
14/09/2026,20:45:45,28.80,75.00,35.05
14/09/2026,20:46:56,28.77,75.00,35.01
14/09/2026,20:48:07,28.78,75.00,35.03
14/09/2026,20:49:20,28.71,75.00,34.92
14/09/2026,20:50:31,28.72,75.00,34.93
14/09/2026,20:51:42,28.69,75.00,34.88
14/09/2026,20:52:53,28.73,75.00,34.95
14/09/2026,20:54:04,28.71,75.00,34.91
14/09/2026,20:55:17,28.70,75.00,34.90
14/09/2026,20:56:28,28.70,75.00,34.89
14/09/2026,20:57:39,28.70,75.00,34.90
14/09/2026,20:58:50,28.70,75.00,34.90
14/09/2026,21:00:01,28.70,75.00,34.89
14/09/2026,21:01:14,28.71,75.00,34.91
14/09/2026,21:02:25,28.70,75.00,34.89
14/09/2026,21:03:36,28.70,75.00,34.89
14/09/2026,21:04:47,28.70,75.00,34.89
14/09/2026,21:05:58,28.70,75.00,34.89
14/09/2026,21:07:11,28.70,75.00,34.90
14/09/2026,21:08:22,28.70,75.00,34.90
14/09/2026,21:09:33,28.70,75.00,34.89
14/09/2026,21:10:44,28.70,75.00,34.89
14/09/2026,21:11:55,28.71,75.00,34.91
14/09/2026,21:13:08,28.70,75.00,34.89
14/09/2026,21:14:19,28.70,75.00,34.89
14/09/2026,21:15:30,28.70,75.00,34.89
14/09/2026,21:16:41,28.70,75.00,34.89
14/09/2026,21:17:52,28.70,75.00,34.89
14/09/2026,21:19:05,28.70,75.00,34.89
14/09/2026,21:20:16,28.70,75.00,34.89
14/09/2026,21:21:27,28.69,75.00,34.88
14/09/2026,21:22:38,28.70,74.96,34.88
14/09/2026,21:23:49,28.70,75.00,34.89
14/09/2026,21:25:03,28.67,75.00,34.84
14/09/2026,21:26:14,28.68,75.00,34.86
14/09/2026,21:27:24,28.62,75.00,34.76
14/09/2026,21:28:35,28.60,75.00,34.73
14/09/2026,21:29:46,28.60,74.96,34.73
14/09/2026,21:31:01,28.61,75.00,34.75
14/09/2026,21:32:12,28.60,75.00,34.73
14/09/2026,21:33:23,28.60,74.57,34.67
14/09/2026,21:34:34,28.60,74.00,34.60
14/09/2026,21:35:45,28.60,74.00,34.60
14/09/2026,21:36:58,28.60,74.00,34.60
14/09/2026,21:38:09,28.60,74.00,34.60
14/09/2026,21:39:20,28.60,74.00,34.60
14/09/2026,21:40:31,28.60,74.00,34.60
14/09/2026,21:41:42,28.60,74.00,34.60
14/09/2026,21:42:55,28.60,74.00,34.60
14/09/2026,21:44:06,28.60,74.00,34.60
14/09/2026,21:45:17,28.60,74.00,34.59
14/09/2026,21:46:28,28.59,74.00,34.58
14/09/2026,21:47:39,28.57,74.00,34.55
14/09/2026,21:48:52,28.57,74.00,34.56
14/09/2026,21:50:03,28.56,74.00,34.54
14/09/2026,21:51:14,28.56,74.00,34.54
14/09/2026,21:52:25,28.57,74.00,34.55
14/09/2026,21:53:36,28.54,74.00,34.50
14/09/2026,21:54:50,28.54,74.00,34.51
14/09/2026,21:56:01,28.57,74.00,34.55
14/09/2026,21:57:12,28.55,74.00,34.52
14/09/2026,21:58:22,28.52,74.00,34.47
14/09/2026,21:59:33,28.50,73.79,34.41
14/09/2026,22:00:47,28.49,73.00,34.29
14/09/2026,22:01:58,28.50,73.00,34.30
14/09/2026,22:03:09,28.49,73.00,34.29
14/09/2026,22:04:20,28.47,73.62,34.34
14/09/2026,22:05:31,28.49,73.12,34.31
14/09/2026,22:06:44,28.50,73.12,34.31
15/09/2026,20:52:57,27.80,66.00,32.30
15/09/2026,20:54:12,28.00,77.00,34.03
15/09/2026,20:55:23,28.03,77.00,34.09
15/09/2026,20:56:34,28.10,77.00,34.19
15/09/2026,20:57:45,28.13,77.00,34.24
15/09/2026,20:58:56,28.15,76.60,34.23
15/09/2026,21:00:10,28.10,76.58,34.14
15/09/2026,21:01:21,28.10,76.25,34.10
15/09/2026,21:02:32,28.10,76.00,34.07
15/09/2026,21:03:43,28.10,76.00,34.07
15/09/2026,21:04:54,28.10,76.00,34.06
15/09/2026,21:06:08,28.01,76.00,33.93
15/09/2026,21:07:19,28.00,76.00,33.91
15/09/2026,21:08:30,27.97,76.00,33.86
15/09/2026,21:09:41,27.95,76.00,33.83
15/09/2026,21:10:52,27.98,76.00,33.87
15/09/2026,21:12:05,28.00,76.00,33.91
15/09/2026,21:13:16,28.03,76.00,33.96
15/09/2026,21:14:27,28.07,76.00,34.02
15/09/2026,21:15:38,28.03,76.00,33.96
15/09/2026,21:16:49,28.08,76.00,34.03
15/09/2026,21:18:02,28.10,76.00,34.06
15/09/2026,21:19:13,28.11,76.00,34.08
15/09/2026,21:20:24,28.09,75.26,33.96
15/09/2026,21:21:35,28.10,75.96,34.06
15/09/2026,21:22:46,28.13,76.00,34.11
15/09/2026,21:23:59,28.18,75.80,34.16
15/09/2026,21:25:10,28.10,75.04,33.95
15/09/2026,21:26:21,28.09,75.00,33.92
15/09/2026,21:27:32,28.10,75.00,33.94
15/09/2026,21:28:43,28.10,75.00,33.94
15/09/2026,21:29:56,28.10,75.00,33.94
15/09/2026,21:31:07,28.10,75.00,33.94
15/09/2026,21:32:18,28.09,75.00,33.91
15/09/2026,21:33:29,28.01,74.75,33.76
15/09/2026,21:34:40,28.00,74.48,33.72
15/09/2026,21:35:54,28.02,75.00,33.81
15/09/2026,21:37:04,28.06,75.00,33.88
15/09/2026,21:38:15,28.10,75.00,33.94
15/09/2026,21:39:26,28.04,74.59,33.80
15/09/2026,21:40:37,28.04,75.00,33.84
15/09/2026,21:41:51,28.10,74.54,33.88
15/09/2026,21:43:02,28.11,74.04,33.82
15/09/2026,21:44:13,28.15,74.31,33.92
15/09/2026,21:45:24,28.03,74.00,33.70
15/09/2026,21:46:35,28.00,74.00,33.65
15/09/2026,21:47:48,28.00,74.00,33.64
15/09/2026,21:48:59,28.00,74.00,33.65
15/09/2026,21:50:10,28.03,74.00,33.69
15/09/2026,21:51:21,28.10,74.04,33.80
15/09/2026,21:52:32,28.10,74.00,33.81
15/09/2026,21:53:45,28.11,74.00,33.82
15/09/2026,21:54:56,28.19,74.00,33.94
15/09/2026,21:56:07,28.20,73.24,33.87
15/09/2026,21:57:18,28.20,73.00,33.83
15/09/2026,21:58:29,28.20,72.92,33.82
15/09/2026,21:59:45,28.20,72.04,33.70
15/09/2026,22:00:56,28.20,72.00,33.70
15/09/2026,22:02:07,28.16,72.00,33.63
15/09/2026,22:03:18,28.13,71.92,33.58
15/09/2026,22:04:29,28.11,71.00,33.43
15/09/2026,22:05:42,28.14,71.00,33.48
15/09/2026,22:06:53,28.21,71.00,33.59
15/09/2026,22:08:04,28.20,71.00,33.57
15/09/2026,22:09:15,28.26,71.00,33.66
15/09/2026,22:10:26,28.31,71.00,33.74
15/09/2026,22:11:39,28.38,70.54,33.79
15/09/2026,22:12:50,28.40,70.08,33.76
15/09/2026,22:14:01,28.40,70.00,33.75
15/09/2026,22:15:12,28.40,70.00,33.75
15/09/2026,22:16:23,28.40,70.00,33.75
15/09/2026,22:17:36,28.40,69.30,33.65
15/09/2026,22:18:47,28.36,69.00,33.56
15/09/2026,22:19:58,28.32,69.00,33.48
15/09/2026,22:21:09,28.37,69.00,33.56
15/09/2026,22:22:20,28.36,68.28,33.46
15/09/2026,22:23:33,28.33,68.00,33.37
15/09/2026,22:24:44,28.40,68.00,33.47
15/09/2026,22:25:55,28.39,67.83,33.44
15/09/2026,22:27:06,28.40,67.04,33.35
15/09/2026,22:28:17,28.40,67.00,33.35
15/09/2026,22:29:30,28.40,67.00,33.35
15/09/2026,22:30:41,28.39,66.64,33.28
15/09/2026,22:31:52,28.30,66.73,33.15
15/09/2026,22:33:03,28.29,66.83,33.16
15/09/2026,22:34:14,28.20,66.96,33.03
15/09/2026,22:35:27,28.20,67.00,33.04
15/09/2026,22:36:38,28.25,67.00,33.12
15/09/2026,22:37:49,28.31,66.04,33.08
15/09/2026,22:39:00,28.38,66.00,33.18
15/09/2026,22:40:11,28.40,66.00,33.21
15/09/2026,22:41:24,28.40,65.57,33.15
15/09/2026,22:42:35,28.28,63.72,32.73
15/09/2026,22:43:46,28.20,65.20,32.80
15/09/2026,22:44:57,28.23,65.65,32.90
15/09/2026,22:46:08,28.25,65.48,32.91
15/09/2026,22:47:21,28.30,66.00,33.06
15/09/2026,22:48:32,28.33,66.00,33.10
15/09/2026,22:49:43,28.40,65.67,33.17
15/09/2026,22:50:54,28.40,65.22,33.10
15/09/2026,22:52:05,28.38,65.52,33.12
15/09/2026,22:53:19,28.35,65.00,33.00
15/09/2026,22:54:30,28.28,63.15,32.66
15/09/2026,22:55:41,28.18,63.04,32.49
15/09/2026,22:56:52,28.02,61.42,32.04
15/09/2026,22:58:02,27.90,62.96,32.07
15/09/2026,22:59:16,27.96,64.56,32.35
15/09/2026,23:00:27,28.02,65.00,32.50
15/09/2026,23:01:38,28.10,64.04,32.50
15/09/2026,23:02:49,28.20,63.00,32.52
15/09/2026,23:03:59,28.30,63.00,32.66
15/09/2026,23:05:13,28.38,63.00,32.78
15/09/2026,23:06:24,28.40,63.00,32.81
15/09/2026,23:07:35,28.40,63.00,32.82
15/09/2026,23:08:46,28.42,63.00,32.85
15/09/2026,23:09:56,28.48,63.40,32.99
15/09/2026,23:11:10,28.49,63.00,32.95
15/09/2026,23:12:21,28.50,63.25,33.00
15/09/2026,23:13:32,28.51,63.58,33.05
15/09/2026,23:14:43,28.50,64.00,33.10
15/09/2026,23:15:54,28.49,64.00,33.08
15/09/2026,23:17:07,28.40,63.31,32.86
15/09/2026,23:18:18,28.28,62.96,32.62
15/09/2026,23:19:29,28.07,62.19,32.22
15/09/2026,23:20:40,27.88,62.09,31.92
15/09/2026,23:21:51,27.80,63.70,32.01
15/09/2026,23:23:05,27.79,63.04,31.91
15/09/2026,23:24:16,27.74,64.48,32.01
15/09/2026,23:25:26,27.88,66.00,32.42
15/09/2026,23:26:37,28.01,66.00,32.62
15/09/2026,23:27:48,28.10,66.00,32.75
15/09/2026,23:29:02,28.18,66.00,32.88
15/09/2026,23:30:13,28.23,66.00,32.96
15/09/2026,23:31:24,28.30,66.00,33.05
15/09/2026,23:32:35,28.32,65.16,32.98
15/09/2026,23:33:45,28.36,65.09,33.03
15/09/2026,23:35:01,28.36,65.00,33.01
15/09/2026,23:36:12,28.35,64.60,32.95
15/09/2026,23:37:23,28.30,65.00,32.93
15/09/2026,23:38:34,28.30,65.00,32.92
15/09/2026,23:39:45,28.30,65.00,32.93
15/09/2026,23:40:58,28.30,65.00,32.93
15/09/2026,23:42:09,28.30,65.00,32.93
15/09/2026,23:43:20,28.31,65.38,32.99
15/09/2026,23:44:31,28.31,65.20,32.97
15/09/2026,23:45:42,28.31,64.88,32.92
15/09/2026,23:46:55,28.11,64.00,32.51
15/09/2026,23:48:06,28.00,64.19,32.36
15/09/2026,23:49:17,28.00,65.52,32.54
15/09/2026,23:50:28,28.00,65.00,32.48
15/09/2026,23:51:39,28.08,66.00,32.72
15/09/2026,23:52:52,28.10,65.00,32.62
15/09/2026,23:54:03,27.95,63.28,32.18
15/09/2026,23:55:14,27.67,63.00,31.72
15/09/2026,23:56:25,27.61,63.92,31.75
15/09/2026,23:57:36,27.60,64.60,31.82
15/09/2026,23:58:50,27.44,63.04,31.38
16/09/2026,00:00:01,27.40,65.64,31.66
16/09/2026,00:01:12,27.57,66.25,31.98
16/09/2026,00:02:23,27.55,65.00,31.81
16/09/2026,00:03:34,27.50,64.04,31.61
16/09/2026,00:04:47,27.42,64.00,31.47
16/09/2026,00:05:58,27.48,65.96,31.82
16/09/2026,00:07:09,27.59,65.58,31.94
16/09/2026,00:08:20,27.60,64.96,31.87
16/09/2026,00:09:31,27.45,63.08,31.41
16/09/2026,00:10:44,27.20,62.67,30.98
16/09/2026,00:11:55,27.07,63.00,30.84
16/09/2026,00:13:06,27.00,63.00,30.74
16/09/2026,00:14:17,27.00,63.04,30.74
16/09/2026,00:15:28,26.98,63.00,30.71
16/09/2026,00:16:42,27.00,63.00,30.74
16/09/2026,00:17:53,27.00,63.17,30.76
16/09/2026,00:19:03,27.12,64.72,31.12
16/09/2026,00:20:14,27.30,65.29,31.46
16/09/2026,00:21:25,27.30,63.40,31.22
16/09/2026,00:22:39,27.28,63.92,31.26
16/09/2026,00:23:50,27.20,63.00,31.04
16/09/2026,00:25:01,27.10,63.00,30.88
16/09/2026,00:26:12,27.00,63.27,30.77
16/09/2026,00:27:23,27.14,65.16,31.21
16/09/2026,00:28:36,27.29,64.71,31.37
16/09/2026,00:29:47,27.22,62.88,31.04
16/09/2026,00:30:58,27.04,62.00,30.67
16/09/2026,00:32:09,26.85,62.00,30.40
16/09/2026,00:33:20,26.80,62.58,30.39
16/09/2026,00:34:33,26.80,63.00,30.45
16/09/2026,00:35:44,26.80,63.00,30.44
16/09/2026,00:36:55,26.80,63.00,30.44
16/09/2026,00:38:06,26.80,63.00,30.44
16/09/2026,00:39:17,26.79,63.00,30.43
16/09/2026,00:40:31,26.80,63.21,30.47
16/09/2026,00:41:41,27.02,66.00,31.14
16/09/2026,00:42:52,27.23,65.92,31.43
16/09/2026,00:44:03,27.30,65.00,31.43
16/09/2026,00:45:14,27.30,64.08,31.32
16/09/2026,00:46:28,27.26,63.92,31.23
16/09/2026,00:47:39,27.30,64.96,31.43
16/09/2026,00:48:50,27.38,65.00,31.55
16/09/2026,00:50:01,27.42,65.65,31.68
16/09/2026,00:51:12,27.55,66.00,31.93
16/09/2026,00:53:54,27.90,65.96,32.44
16/09/2026,00:55:05,27.92,66.00,32.49
16/09/2026,00:56:16,28.00,66.00,32.60
16/09/2026,00:57:27,28.02,66.00,32.63
16/09/2026,00:58:38,28.10,65.72,32.71
16/09/2026,00:59:53,28.10,65.04,32.64
16/09/2026,01:01:04,28.11,65.00,32.64
16/09/2026,01:02:15,28.20,65.00,32.77
16/09/2026,01:03:25,28.22,65.08,32.81
16/09/2026,01:04:36,28.12,64.28,32.56
16/09/2026,01:05:50,28.07,64.44,32.50
16/09/2026,01:07:01,27.90,63.64,32.14
16/09/2026,01:08:12,27.90,65.12,32.34
16/09/2026,01:09:23,27.99,65.88,32.57
16/09/2026,01:10:33,27.95,63.88,32.26
16/09/2026,01:11:47,27.94,64.91,32.37
16/09/2026,01:12:58,27.91,63.27,32.11
16/09/2026,01:14:09,27.89,64.16,32.20
16/09/2026,01:15:20,27.93,64.96,32.36
16/09/2026,01:16:31,27.98,64.25,32.35
16/09/2026,01:17:46,27.75,61.62,31.67
16/09/2026,01:18:56,27.31,60.00,30.81
16/09/2026,01:20:07,26.95,59.76,30.27
16/09/2026,01:21:18,26.96,62.52,30.62
16/09/2026,01:22:29,27.07,61.57,30.66
16/09/2026,01:23:43,26.82,60.54,30.17
16/09/2026,01:24:53,27.06,63.08,30.84
16/09/2026,01:26:04,26.93,60.92,30.38
16/09/2026,01:27:15,26.77,61.04,30.16
16/09/2026,01:28:26,26.98,61.76,30.56
16/09/2026,01:29:40,26.92,60.67,30.33
16/09/2026,01:30:51,27.07,61.13,30.60
16/09/2026,01:32:02,26.87,58.41,29.98
16/09/2026,01:33:13,27.00,61.28,30.52
16/09/2026,01:34:24,27.07,60.14,30.49
16/09/2026,01:35:37,27.08,60.42,30.53
16/09/2026,01:36:48,27.28,62.77,31.11
16/09/2026,01:37:59,27.48,63.27,31.47
16/09/2026,01:39:10,27.39,58.96,30.80
16/09/2026,01:40:21,27.32,59.44,30.76
16/09/2026,01:41:34,27.12,57.92,30.29
16/09/2026,01:42:45,27.05,58.12,30.21
16/09/2026,01:43:56,26.84,57.52,29.83
16/09/2026,01:45:07,26.90,59.32,30.14
16/09/2026,01:46:18,26.72,57.61,29.67
16/09/2026,01:47:31,26.53,57.62,29.41
16/09/2026,01:48:42,26.56,57.88,29.48
16/09/2026,01:49:53,26.67,57.75,29.62
16/09/2026,01:51:04,26.61,56.88,29.43
16/09/2026,01:52:15,26.50,56.96,29.29
16/09/2026,01:53:28,26.42,56.04,29.06
16/09/2026,01:54:39,26.40,56.00,29.03
16/09/2026,01:55:50,26.45,56.12,29.12
16/09/2026,01:57:01,26.50,56.00,29.17
16/09/2026,01:58:12,26.50,56.00,29.17
16/09/2026,01:59:26,26.40,56.78,29.13
16/09/2026,02:00:36,26.40,57.00,29.15
16/09/2026,02:01:47,26.55,58.00,29.48
16/09/2026,02:02:58,26.78,58.81,29.90
16/09/2026,02:04:09,26.70,57.48,29.63
16/09/2026,02:05:23,26.69,58.00,29.68
16/09/2026,02:06:34,26.64,58.15,29.63
16/09/2026,02:07:45,26.70,58.77,29.79
16/09/2026,02:08:56,26.77,59.40,29.97
16/09/2026,02:10:07,26.83,60.00,30.12
16/09/2026,02:11:20,26.88,59.77,30.17
16/09/2026,02:12:31,26.99,60.48,30.41
16/09/2026,02:13:42,27.06,60.88,30.57
16/09/2026,02:14:53,27.02,59.29,30.30
16/09/2026,02:16:04,26.92,59.44,30.18
16/09/2026,02:17:17,27.05,61.78,30.66
16/09/2026,02:18:28,26.99,58.96,30.22
16/09/2026,02:19:39,26.80,58.84,29.94
16/09/2026,02:20:50,26.86,60.28,30.20
16/09/2026,02:22:01,26.79,59.00,29.94
16/09/2026,02:23:15,26.51,58.79,29.52
16/09/2026,02:24:26,26.27,59.00,29.20
16/09/2026,02:25:36,26.30,59.00,29.24
16/09/2026,02:26:47,26.33,59.58,29.35
16/09/2026,02:27:58,26.48,60.65,29.70
16/09/2026,02:29:12,26.68,61.12,30.04
16/09/2026,02:30:23,26.83,62.38,30.42
16/09/2026,02:31:34,26.80,60.15,30.10
16/09/2026,02:32:45,26.63,59.04,29.72
16/09/2026,02:33:56,26.62,60.83,29.93
16/09/2026,02:35:09,26.82,62.20,30.37
16/09/2026,02:36:20,26.75,59.50,29.95
16/09/2026,02:37:31,26.57,59.00,29.63
16/09/2026,02:38:42,26.47,59.00,29.49
16/09/2026,02:39:53,26.42,60.20,29.56
16/09/2026,02:41:07,26.56,61.00,29.86
16/09/2026,02:42:18,26.61,60.35,29.84
16/09/2026,02:43:29,26.60,59.96,29.79
16/09/2026,02:44:40,26.60,59.62,29.75
16/09/2026,02:45:51,26.56,60.42,29.78
16/09/2026,02:47:04,26.72,62.12,30.23
16/09/2026,02:48:15,26.95,63.04,30.67
16/09/2026,02:49:26,27.07,61.43,30.65
16/09/2026,02:50:37,27.17,62.54,30.93
16/09/2026,02:51:48,27.20,61.23,30.80
16/09/2026,02:53:01,27.29,62.92,31.15
16/09/2026,02:54:12,27.30,60.58,30.88
16/09/2026,02:55:23,27.30,61.44,30.98
16/09/2026,02:56:34,27.37,62.48,31.21
16/09/2026,02:57:45,27.34,60.76,30.95
16/09/2026,02:58:58,27.40,61.54,31.13
16/09/2026,03:00:09,27.33,60.77,30.95
16/09/2026,03:01:20,27.40,61.44,31.12
16/09/2026,03:02:31,27.46,61.16,31.19
16/09/2026,03:03:42,27.43,60.88,31.10
16/09/2026,03:04:55,27.50,61.64,31.31
16/09/2026,03:06:06,27.43,58.52,30.81
16/09/2026,03:07:17,27.41,60.70,31.05
16/09/2026,03:08:28,27.33,57.28,30.50
16/09/2026,03:09:39,27.03,56.05,29.92
16/09/2026,03:10:52,26.98,57.52,30.03
16/09/2026,03:12:03,26.90,57.80,29.95
16/09/2026,03:13:14,26.94,58.77,30.13
16/09/2026,03:14:25,27.01,59.65,30.34
16/09/2026,03:15:36,27.17,61.65,30.82
16/09/2026,03:16:49,27.29,62.00,31.03
16/09/2026,03:18:00,27.40,61.21,31.10
16/09/2026,03:19:11,27.49,61.00,31.20
16/09/2026,03:20:22,27.44,59.46,30.94
16/09/2026,03:21:33,27.27,58.33,30.55
16/09/2026,03:22:46,27.06,57.12,30.10
16/09/2026,03:23:57,26.78,56.00,29.57
16/09/2026,03:25:08,26.60,56.27,29.35
16/09/2026,03:26:19,26.44,56.00,29.08
16/09/2026,03:27:30,26.20,56.00,28.75
16/09/2026,03:28:43,26.02,56.19,28.53
16/09/2026,03:29:54,25.90,57.00,28.45
16/09/2026,03:31:05,25.82,57.00,28.33
16/09/2026,03:32:16,25.89,56.50,28.38
16/09/2026,03:33:27,25.89,55.24,28.24
16/09/2026,03:34:40,25.91,55.09,28.25
16/09/2026,03:35:51,26.01,55.96,28.48
16/09/2026,03:37:02,26.00,56.04,28.47
16/09/2026,03:38:13,26.05,56.04,28.55
16/09/2026,03:39:24,25.94,56.69,28.47
16/09/2026,03:40:37,26.11,56.38,28.67
16/09/2026,03:41:48,26.10,56.00,28.61
16/09/2026,03:42:59,26.06,56.00,28.56
16/09/2026,03:44:10,25.98,56.00,28.44
16/09/2026,03:45:21,25.90,56.00,28.33
16/09/2026,03:46:34,25.86,56.00,28.27
16/09/2026,03:47:45,25.81,56.00,28.21
16/09/2026,03:48:56,25.89,56.00,28.32
16/09/2026,03:50:07,26.03,56.00,28.52
16/09/2026,03:51:18,26.19,55.25,28.65
16/09/2026,03:52:31,26.19,55.00,28.62
16/09/2026,03:53:42,26.22,55.00,28.67
16/09/2026,03:54:53,26.26,54.20,28.63
16/09/2026,03:56:04,26.20,54.00,28.51
16/09/2026,03:57:15,26.16,54.00,28.46
16/09/2026,03:58:28,26.20,54.00,28.52
16/09/2026,03:59:39,26.30,53.44,28.59
16/09/2026,04:00:50,26.23,53.42,28.49
16/09/2026,04:02:01,26.20,53.88,28.50
16/09/2026,04:03:12,26.20,53.71,28.48
16/09/2026,04:04:25,26.23,53.00,28.44
16/09/2026,04:05:36,26.28,52.61,28.47
16/09/2026,04:06:47,26.11,52.68,28.24
16/09/2026,04:07:58,25.96,53.00,28.07
16/09/2026,04:09:09,25.84,53.00,27.90
16/09/2026,04:10:23,25.71,53.04,27.73
16/09/2026,04:11:34,25.73,54.00,27.88
16/09/2026,04:12:45,25.83,54.00,28.00
16/09/2026,04:13:56,25.80,53.48,27.91
16/09/2026,04:15:07,25.79,54.00,27.96
16/09/2026,04:16:20,25.88,54.00,28.08
16/09/2026,04:17:31,26.02,53.46,28.21
16/09/2026,04:18:42,26.09,53.00,28.25
16/09/2026,04:19:53,25.95,53.04,28.06
16/09/2026,04:21:04,25.90,53.56,28.06
16/09/2026,04:22:17,25.91,53.19,28.03
16/09/2026,04:23:28,25.86,54.00,28.04
16/09/2026,04:24:39,25.90,54.00,28.10
16/09/2026,04:25:50,26.03,54.00,28.29
16/09/2026,04:27:01,26.06,53.12,28.22
16/09/2026,04:28:14,26.09,53.96,28.36
16/09/2026,04:29:25,26.15,53.00,28.34
16/09/2026,04:30:36,26.18,53.00,28.37
16/09/2026,04:31:47,26.14,53.00,28.31
16/09/2026,04:32:58,26.14,53.00,28.32
16/09/2026,04:34:11,26.23,53.00,28.45
16/09/2026,04:35:22,26.30,53.00,28.53
16/09/2026,04:36:33,26.31,53.00,28.56
16/09/2026,04:37:44,26.25,52.15,28.37
16/09/2026,04:38:55,26.18,52.00,28.25
16/09/2026,04:40:08,25.98,52.42,28.04
16/09/2026,04:41:19,25.84,53.00,27.91
16/09/2026,04:42:30,25.80,53.00,27.85
16/09/2026,04:43:41,25.78,53.00,27.83
16/09/2026,04:44:52,25.72,53.00,27.75
16/09/2026,04:46:05,25.76,53.64,27.88
16/09/2026,04:47:16,25.80,53.19,27.87
16/09/2026,04:48:27,25.85,54.00,28.03
16/09/2026,04:49:38,25.90,54.00,28.11
16/09/2026,04:50:49,25.87,54.00,28.06
16/09/2026,04:52:02,25.82,54.00,27.99
16/09/2026,04:53:13,25.82,54.00,28.00
16/09/2026,04:54:24,25.93,54.70,28.22
16/09/2026,04:55:35,25.90,55.00,28.23
16/09/2026,04:56:46,25.92,55.00,28.25
16/09/2026,04:57:59,26.00,55.52,28.42
16/09/2026,04:59:10,26.00,56.30,28.50
16/09/2026,05:00:21,25.90,57.26,28.48
16/09/2026,05:01:32,25.89,58.00,28.55
16/09/2026,05:02:43,25.89,58.69,28.63
16/09/2026,05:03:56,25.90,59.48,28.74
16/09/2026,05:05:07,25.90,60.00,28.80
16/09/2026,05:06:18,25.97,60.88,29.00
16/09/2026,05:07:29,26.06,61.00,29.14
16/09/2026,05:08:40,26.11,61.74,29.30
16/09/2026,05:09:53,26.16,62.00,29.40
16/09/2026,05:11:04,26.12,62.21,29.37
16/09/2026,05:12:15,26.11,63.00,29.44
16/09/2026,05:13:26,26.10,63.00,29.43
16/09/2026,05:14:37,26.12,63.00,29.46
16/09/2026,05:15:50,26.13,63.70,29.56
16/09/2026,05:17:01,26.13,64.00,29.58
16/09/2026,05:18:12,26.02,64.00,29.42
16/09/2026,05:19:23,25.96,64.88,29.44
16/09/2026,05:20:34,26.04,65.00,29.58
16/09/2026,05:21:47,26.04,65.00,29.57
16/09/2026,05:22:58,26.03,65.00,29.56
16/09/2026,05:24:09,26.00,65.00,29.51
16/09/2026,05:25:20,25.97,65.00,29.47
16/09/2026,05:26:31,25.92,65.92,29.51
16/09/2026,05:27:45,25.85,66.00,29.42
16/09/2026,05:28:56,25.89,66.88,29.57
16/09/2026,05:30:06,25.93,67.00,29.64
16/09/2026,05:31:17,25.90,67.00,29.60
16/09/2026,05:32:28,25.90,68.00,29.72
16/09/2026,05:33:42,25.96,68.00,29.80
16/09/2026,05:34:53,26.00,68.04,29.87
16/09/2026,05:36:03,26.06,68.92,30.05
16/09/2026,05:37:14,26.10,69.00,30.13
16/09/2026,05:38:25,26.17,69.00,30.22
16/09/2026,05:39:39,26.20,69.00,30.27
16/09/2026,05:40:49,26.20,69.50,30.33
16/09/2026,05:42:00,26.21,70.00,30.41
16/09/2026,05:43:11,26.22,70.00,30.42
16/09/2026,05:44:22,26.22,70.00,30.43
16/09/2026,05:45:37,26.20,70.24,30.42
16/09/2026,05:46:48,26.22,71.00,30.53
16/09/2026,05:47:59,26.26,71.00,30.60
16/09/2026,05:49:10,26.30,71.15,30.68
16/09/2026,05:50:21,26.20,72.00,30.62
16/09/2026,05:51:34,26.16,72.00,30.57
16/09/2026,05:52:45,26.18,72.12,30.61
16/09/2026,05:53:56,26.19,72.88,30.71
16/09/2026,05:55:07,26.18,73.00,30.71
16/09/2026,05:56:18,26.20,73.00,30.74
16/09/2026,05:57:31,26.20,73.52,30.80
16/09/2026,05:58:42,26.12,74.00,30.74
16/09/2026,05:59:53,26.12,74.00,30.73
16/09/2026,06:01:04,26.20,74.04,30.86
16/09/2026,06:02:15,26.15,74.96,30.90
16/09/2026,06:03:28,26.12,75.00,30.85
16/09/2026,06:04:39,26.10,75.48,30.88
16/09/2026,06:05:50,26.16,76.00,31.03
16/09/2026,06:07:01,26.10,76.00,30.93
16/09/2026,06:08:12,26.12,76.00,30.97
16/09/2026,06:09:25,26.20,76.00,31.10
16/09/2026,06:10:36,26.20,76.00,31.09
16/09/2026,06:11:47,26.20,76.44,31.14
16/09/2026,06:12:58,26.20,77.00,31.21
16/09/2026,06:14:09,26.20,77.00,31.21
16/09/2026,06:15:22,26.09,77.00,31.04
16/09/2026,06:16:33,26.00,77.00,30.90
16/09/2026,06:17:44,26.01,77.44,30.96
16/09/2026,06:18:55,26.06,77.63,31.07
16/09/2026,06:20:06,26.02,78.00,31.05
16/09/2026,06:21:19,25.99,78.00,31.01
16/09/2026,06:22:30,26.00,78.00,31.01
16/09/2026,06:23:41,26.00,78.00,31.02
16/09/2026,06:24:52,25.99,78.09,31.01
16/09/2026,06:26:03,26.03,78.71,31.14
16/09/2026,06:27:17,25.93,79.00,31.02
16/09/2026,06:28:28,25.90,79.00,30.97
16/09/2026,06:29:39,25.90,79.00,30.97
16/09/2026,06:30:50,25.90,79.00,30.98
16/09/2026,06:32:00,25.94,79.00,31.04
16/09/2026,06:33:14,26.01,79.00,31.15
16/09/2026,06:34:25,26.03,79.00,31.17
16/09/2026,06:35:36,26.02,79.00,31.17
16/09/2026,06:36:46,26.08,79.00,31.26
16/09/2026,06:37:57,26.13,79.00,31.33
16/09/2026,06:39:11,26.10,79.00,31.29
16/09/2026,06:40:22,26.12,79.00,31.32
16/09/2026,06:41:33,26.12,79.05,31.32
16/09/2026,06:42:44,26.13,79.88,31.44
16/09/2026,06:43:54,26.13,79.96,31.45
16/09/2026,06:45:08,26.03,80.00,31.29
16/09/2026,06:46:19,26.00,80.00,31.24
16/09/2026,06:47:30,26.02,80.00,31.28
16/09/2026,06:48:41,26.02,80.31,31.31
16/09/2026,06:49:52,26.01,80.79,31.36
16/09/2026,06:51:05,26.09,80.88,31.49
16/09/2026,06:52:16,26.10,81.00,31.51
16/09/2026,06:53:27,26.15,80.96,31.59
16/09/2026,06:54:38,26.11,81.00,31.53
16/09/2026,06:55:49,26.10,81.00,31.52
16/09/2026,06:57:02,26.05,81.00,31.45
16/09/2026,06:58:13,26.04,81.04,31.43
16/09/2026,06:59:24,26.10,81.33,31.56
16/09/2026,07:00:35,26.11,81.00,31.53
16/09/2026,07:01:46,26.10,81.04,31.53
16/09/2026,07:02:59,26.13,81.22,31.59
16/09/2026,07:04:10,26.02,81.84,31.50
16/09/2026,07:05:21,26.00,82.00,31.48
16/09/2026,07:06:32,26.00,82.00,31.49
16/09/2026,07:07:43,26.08,82.00,31.61
16/09/2026,07:08:56,26.10,82.00,31.63
16/09/2026,07:10:07,26.09,82.00,31.62
16/09/2026,07:11:18,26.01,82.00,31.49
16/09/2026,07:12:29,25.98,82.00,31.45
16/09/2026,07:13:40,26.00,82.00,31.47
16/09/2026,07:14:53,26.00,82.00,31.49
16/09/2026,07:16:04,25.90,82.00,31.32
16/09/2026,07:17:15,25.89,82.00,31.30
16/09/2026,07:18:26,25.90,82.04,31.33
16/09/2026,07:19:37,25.92,82.00,31.35
16/09/2026,07:20:50,25.92,82.00,31.35
16/09/2026,07:22:01,25.90,82.00,31.32
16/09/2026,07:23:12,25.90,82.00,31.33
16/09/2026,07:24:23,25.93,82.00,31.37
16/09/2026,07:25:34,25.90,82.00,31.32
16/09/2026,07:26:47,25.90,82.00,31.33
16/09/2026,07:27:58,25.90,82.00,31.33
16/09/2026,07:29:09,26.06,82.00,31.58
16/09/2026,07:30:20,26.20,81.57,31.74
16/09/2026,07:31:31,26.20,81.00,31.68
16/09/2026,07:32:44,26.20,81.00,31.68
16/09/2026,07:33:55,26.25,81.00,31.75
16/09/2026,07:35:06,26.22,81.00,31.71
16/09/2026,07:36:17,26.21,81.00,31.69
16/09/2026,07:37:28,26.24,80.96,31.74
16/09/2026,07:38:41,26.12,81.00,31.56
16/09/2026,07:39:52,26.14,81.00,31.58
16/09/2026,07:41:03,26.13,81.04,31.57
16/09/2026,07:42:14,26.20,81.00,31.68
16/09/2026,07:43:25,26.23,81.00,31.73
16/09/2026,07:44:38,26.30,80.96,31.84
16/09/2026,07:45:49,26.38,80.24,31.88
16/09/2026,07:47:00,26.41,80.00,31.89
16/09/2026,07:48:11,26.28,80.17,31.71
16/09/2026,07:49:22,26.24,81.00,31.75
16/09/2026,07:50:35,26.36,81.00,31.93
16/09/2026,07:51:46,26.40,81.00,32.00
16/09/2026,07:52:57,26.27,81.00,31.79
16/09/2026,07:54:08,26.20,81.92,31.79
16/09/2026,07:55:19,26.22,81.96,31.82
16/09/2026,07:56:32,26.20,82.00,31.80
16/09/2026,07:57:43,26.28,81.96,31.92
16/09/2026,07:58:54,26.34,81.08,31.90
16/09/2026,08:00:05,26.40,81.00,31.99
16/09/2026,08:01:16,26.40,81.00,31.99
16/09/2026,08:02:30,26.30,81.04,31.85
16/09/2026,08:03:41,26.30,81.62,31.90
16/09/2026,08:04:52,26.32,81.81,31.96
16/09/2026,08:06:03,26.34,81.04,31.90
16/09/2026,08:07:14,26.39,81.00,31.98
16/09/2026,08:08:27,26.43,81.00,32.04
16/09/2026,08:09:38,26.50,80.92,32.15
16/09/2026,08:10:49,26.49,80.83,32.12
16/09/2026,08:12:00,26.60,80.05,32.20
16/09/2026,08:13:11,26.69,80.00,32.33
16/09/2026,08:14:24,26.70,79.96,32.34
16/09/2026,08:15:35,26.71,79.21,32.27
16/09/2026,08:16:46,26.79,79.00,32.37
16/09/2026,08:17:57,26.80,79.00,32.38
16/09/2026,08:19:08,26.75,79.28,32.34
16/09/2026,08:20:21,26.70,79.42,32.28
16/09/2026,08:21:32,26.65,79.92,32.26
16/09/2026,08:22:43,26.70,79.72,32.31
16/09/2026,08:23:54,26.77,79.00,32.34
16/09/2026,08:25:05,26.80,79.22,32.41
16/09/2026,08:26:19,26.80,80.00,32.51
16/09/2026,08:27:30,26.90,80.00,32.66
16/09/2026,08:28:41,26.99,80.00,32.81
16/09/2026,08:29:51,27.02,80.00,32.86
16/09/2026,08:31:02,27.10,79.96,32.97
16/09/2026,08:32:16,27.10,79.62,32.94
16/09/2026,08:33:27,27.10,79.00,32.87
16/09/2026,08:34:38,27.09,79.04,32.85
16/09/2026,08:35:49,27.01,79.25,32.74
16/09/2026,08:37:00,27.01,79.40,32.77
16/09/2026,08:38:13,27.10,79.16,32.87
16/09/2026,08:39:24,27.10,79.04,32.86
16/09/2026,08:40:35,27.23,79.00,33.06
16/09/2026,08:41:46,27.29,79.00,33.16
16/09/2026,08:42:57,27.30,79.00,33.17
16/09/2026,08:44:10,27.22,79.00,33.06
16/09/2026,08:45:21,27.20,79.00,33.02
16/09/2026,08:46:32,27.21,79.00,33.03
16/09/2026,08:47:43,27.20,79.00,33.02
16/09/2026,08:48:54,27.20,79.41,33.07
16/09/2026,08:50:07,27.20,79.12,33.04
16/09/2026,08:51:18,27.28,79.00,33.15
16/09/2026,08:52:29,27.30,79.00,33.18
16/09/2026,08:53:40,27.30,79.00,33.17
16/09/2026,08:54:51,27.30,79.00,33.18
16/09/2026,08:56:04,27.37,79.00,33.29
16/09/2026,08:57:15,27.41,78.83,33.33
16/09/2026,08:58:26,27.50,78.00,33.36
16/09/2026,08:59:37,27.50,78.00,33.37
16/09/2026,09:00:48,27.50,78.00,33.38
16/09/2026,09:02:02,27.50,78.00,33.37
16/09/2026,09:03:13,27.53,78.00,33.42
16/09/2026,09:04:24,27.60,78.00,33.52
16/09/2026,09:05:35,27.60,78.00,33.53
16/09/2026,09:06:46,27.61,78.00,33.54
16/09/2026,09:07:59,27.64,78.00,33.60
16/09/2026,09:09:10,27.73,77.96,33.74
16/09/2026,09:10:21,27.78,77.16,33.71
16/09/2026,09:11:32,27.80,77.00,33.72
16/09/2026,09:12:43,27.81,77.00,33.73
16/09/2026,09:13:56,27.80,77.00,33.73
16/09/2026,09:15:07,27.80,77.00,33.72
16/09/2026,09:16:18,27.86,77.00,33.82
16/09/2026,09:17:29,27.85,77.00,33.81
16/09/2026,09:18:40,27.80,77.00,33.73
16/09/2026,09:19:53,27.80,77.00,33.72
16/09/2026,09:21:04,27.77,77.25,33.71
16/09/2026,09:22:15,27.72,77.68,33.68
16/09/2026,09:23:26,27.63,77.91,33.57
16/09/2026,09:24:37,27.60,78.00,33.53
16/09/2026,09:25:50,27.52,78.00,33.40
16/09/2026,09:27:01,27.50,78.00,33.36
16/09/2026,09:28:12,27.42,78.81,33.34
16/09/2026,09:29:23,27.40,78.88,33.32
16/09/2026,09:30:34,27.40,78.85,33.32
16/09/2026,09:31:47,27.33,78.88,33.21
16/09/2026,09:32:58,27.30,79.00,33.18
16/09/2026,09:34:09,27.30,79.00,33.18
16/09/2026,09:35:20,27.30,79.00,33.18
16/09/2026,09:36:31,27.35,79.00,33.25
16/09/2026,09:37:44,27.40,78.96,33.34
16/09/2026,09:38:55,27.45,78.20,33.32
16/09/2026,09:40:06,27.48,78.00,33.34
16/09/2026,09:41:17,27.52,78.00,33.41
16/09/2026,09:42:28,27.62,78.00,33.56
16/09/2026,09:43:41,27.75,77.96,33.77
16/09/2026,09:44:52,27.82,77.00,33.74
16/09/2026,09:46:03,27.81,77.00,33.73
16/09/2026,09:47:14,27.80,77.00,33.72
16/09/2026,09:48:25,27.74,77.64,33.70
16/09/2026,09:49:38,27.67,78.00,33.64
16/09/2026,09:50:49,27.65,78.00,33.61
16/09/2026,09:52:00,27.78,78.00,33.82
16/09/2026,09:53:11,27.86,77.84,33.93
16/09/2026,09:54:22,27.93,77.08,33.94
16/09/2026,09:55:36,28.03,77.00,34.09
16/09/2026,09:56:47,28.10,77.00,34.20
16/09/2026,09:57:58,28.20,77.00,34.35
16/09/2026,09:59:08,28.11,77.00,34.22
16/09/2026,10:00:19,28.11,77.00,34.22
16/09/2026,10:01:33,28.37,76.40,34.55
16/09/2026,10:02:44,28.45,76.00,34.63
16/09/2026,10:03:55,28.35,76.00,34.46
16/09/2026,10:05:06,28.17,76.00,34.18
16/09/2026,10:06:17,28.10,76.04,34.07
16/09/2026,10:07:30,28.09,76.38,34.10
16/09/2026,10:08:41,28.00,77.00,34.05
16/09/2026,10:09:52,27.90,77.00,33.89
16/09/2026,10:11:03,27.88,77.00,33.84
16/09/2026,10:12:14,27.81,77.00,33.73
16/09/2026,10:13:27,27.77,77.32,33.72
16/09/2026,10:14:38,27.77,77.95,33.79
16/09/2026,10:15:49,27.81,78.00,33.87
16/09/2026,10:17:00,27.80,78.00,33.85
16/09/2026,10:18:11,27.78,78.00,33.82
16/09/2026,10:19:24,27.80,78.00,33.85
16/09/2026,10:20:35,27.88,77.08,33.86
16/09/2026,10:21:46,27.89,77.00,33.87
16/09/2026,10:22:57,27.93,77.00,33.93
16/09/2026,10:24:08,28.01,77.00,34.05
16/09/2026,10:25:21,28.03,77.00,34.08
16/09/2026,10:26:32,28.09,77.00,34.18
16/09/2026,10:27:43,28.10,77.00,34.19
16/09/2026,10:28:54,28.10,77.00,34.20
16/09/2026,10:30:05,28.10,77.00,34.20
16/09/2026,10:31:18,28.10,77.00,34.20
16/09/2026,10:32:29,28.12,77.00,34.22
16/09/2026,10:33:40,28.19,77.00,34.35
16/09/2026,10:34:51,28.21,76.46,34.31
16/09/2026,10:36:02,28.18,76.80,34.30
16/09/2026,10:37:21,28.03,77.00,34.09
16/09/2026,10:38:32,28.05,77.00,34.12
16/09/2026,10:39:43,28.10,77.00,34.20
16/09/2026,10:40:54,28.20,77.00,34.35
16/09/2026,10:42:04,28.20,77.00,34.36
16/09/2026,10:43:18,28.29,76.19,34.39
16/09/2026,10:44:29,28.30,76.00,34.39
16/09/2026,10:45:40,28.32,76.00,34.41
16/09/2026,10:46:51,28.20,76.26,34.26
16/09/2026,10:48:02,28.10,77.00,34.19
16/09/2026,10:49:15,28.06,77.00,34.13
16/09/2026,10:50:26,28.02,77.00,34.07
16/09/2026,10:51:37,28.00,77.00,34.04
16/09/2026,10:52:48,28.00,77.00,34.03
16/09/2026,10:53:59,27.99,77.00,34.02
16/09/2026,10:55:12,27.92,77.00,33.90
16/09/2026,10:56:23,27.90,77.00,33.88
16/09/2026,10:57:34,27.85,77.00,33.79
16/09/2026,10:58:45,27.88,77.08,33.86
16/09/2026,10:59:56,27.90,77.19,33.90
16/09/2026,11:01:09,27.90,77.00,33.87
16/09/2026,11:02:20,27.89,77.00,33.87
16/09/2026,11:03:31,27.84,77.00,33.78
16/09/2026,11:04:42,27.90,77.00,33.87
16/09/2026,11:05:53,27.90,77.00,33.87
16/09/2026,11:07:06,27.91,77.00,33.89
16/09/2026,11:08:17,27.92,77.00,33.91
16/09/2026,11:09:28,27.86,77.00,33.82
16/09/2026,11:10:39,27.80,77.00,33.72
16/09/2026,11:11:50,27.80,77.00,33.72
16/09/2026,11:13:03,27.80,77.04,33.72
16/09/2026,11:14:14,27.80,77.00,33.72
16/09/2026,11:15:25,27.79,77.04,33.71
16/09/2026,11:16:36,27.80,77.19,33.74
16/09/2026,11:17:47,27.78,77.26,33.72
16/09/2026,11:19:01,27.71,77.19,33.60
16/09/2026,11:20:11,27.72,77.36,33.64
16/09/2026,11:21:22,27.79,77.08,33.71
16/09/2026,11:22:33,27.83,77.00,33.76
16/09/2026,11:23:44,27.86,77.00,33.81
16/09/2026,11:24:58,27.88,77.00,33.85
16/09/2026,11:26:09,27.90,77.00,33.87
16/09/2026,11:27:20,27.91,77.00,33.90
16/09/2026,11:28:31,27.90,77.00,33.88
16/09/2026,11:29:42,27.89,77.00,33.86
16/09/2026,11:30:55,27.83,77.00,33.77
16/09/2026,11:32:06,27.84,77.00,33.78
16/09/2026,11:33:17,27.87,77.00,33.83
16/09/2026,11:34:28,27.80,77.00,33.72
16/09/2026,11:35:39,27.76,77.00,33.66
16/09/2026,11:36:52,27.74,77.00,33.62
16/09/2026,11:38:03,27.70,76.92,33.55
16/09/2026,11:39:14,27.60,77.00,33.40
16/09/2026,11:40:25,27.63,77.00,33.45
16/09/2026,11:41:36,27.62,76.95,33.42
16/09/2026,11:42:49,27.60,77.00,33.41
16/09/2026,11:44:00,27.60,77.00,33.40
16/09/2026,11:45:11,27.60,77.00,33.40
16/09/2026,11:46:22,27.58,77.00,33.37
16/09/2026,11:47:33,27.52,77.00,33.27
16/09/2026,11:48:46,27.50,77.00,33.24
16/09/2026,11:49:57,27.52,77.00,33.27
16/09/2026,11:51:08,27.60,77.00,33.40
16/09/2026,11:52:19,27.60,77.00,33.40
16/09/2026,11:53:30,27.60,77.00,33.41
16/09/2026,11:54:44,27.60,77.39,33.45
16/09/2026,11:55:55,27.53,77.96,33.41
16/09/2026,11:57:06,27.50,78.00,33.37
16/09/2026,11:58:17,27.50,78.00,33.37
16/09/2026,11:59:28,27.50,78.00,33.36
16/09/2026,12:00:41,27.50,78.00,33.37
16/09/2026,12:01:52,27.50,78.00,33.36
16/09/2026,12:03:03,27.46,78.00,33.31
16/09/2026,12:04:14,27.46,78.00,33.30
16/09/2026,12:05:25,27.49,78.00,33.35
16/09/2026,12:06:38,27.40,78.92,33.33
16/09/2026,12:07:49,27.40,78.61,33.29
16/09/2026,12:09:00,27.39,78.00,33.19
16/09/2026,12:10:11,27.37,78.00,33.16
16/09/2026,12:11:22,27.40,78.00,33.21
16/09/2026,12:12:35,27.40,78.00,33.22
16/09/2026,12:13:46,27.40,78.00,33.20
16/09/2026,12:14:57,27.42,78.00,33.24
16/09/2026,12:16:08,27.50,77.96,33.36
16/09/2026,12:17:19,27.50,78.00,33.38
16/09/2026,12:18:32,27.50,77.15,33.27
16/09/2026,12:19:43,27.54,77.04,33.32
16/09/2026,12:20:54,27.51,77.17,33.28
16/09/2026,12:22:05,27.54,77.20,33.34
16/09/2026,12:23:16,27.54,77.09,33.32
16/09/2026,12:24:29,27.53,77.00,33.30
16/09/2026,12:25:40,27.50,77.44,33.31
16/09/2026,12:26:51,27.50,77.96,33.36
16/09/2026,12:28:02,27.50,77.96,33.36
16/09/2026,12:29:13,27.48,78.00,33.35
16/09/2026,12:30:26,27.44,78.00,33.27
16/09/2026,12:31:37,27.40,78.00,33.21
16/09/2026,12:32:48,27.40,78.00,33.21
16/09/2026,12:33:59,27.44,78.00,33.27
16/09/2026,12:35:10,27.49,78.00,33.35
16/09/2026,12:36:23,27.49,78.00,33.36
16/09/2026,12:37:34,27.44,78.00,33.27
16/09/2026,12:38:45,27.41,78.00,33.22
16/09/2026,12:39:56,27.41,78.00,33.23
16/09/2026,12:41:07,27.42,78.00,33.24
16/09/2026,12:42:20,27.40,78.00,33.22
16/09/2026,12:43:31,27.41,78.04,33.23
16/09/2026,12:44:42,27.43,78.61,33.33
16/09/2026,12:45:53,27.42,78.88,33.35
16/09/2026,12:47:04,27.43,78.96,33.38
16/09/2026,12:48:17,27.42,78.48,33.30
16/09/2026,12:49:28,27.34,78.00,33.12
16/09/2026,12:50:39,27.30,78.00,33.05
16/09/2026,12:51:50,27.30,78.00,33.06
16/09/2026,12:53:01,27.34,78.00,33.11
16/09/2026,12:54:14,27.45,78.00,33.29
16/09/2026,12:55:25,27.50,77.38,33.29
16/09/2026,12:56:36,27.47,77.00,33.20
16/09/2026,12:57:47,27.50,77.00,33.24
16/09/2026,12:58:58,27.50,77.00,33.24
16/09/2026,13:00:12,27.50,77.00,33.25
16/09/2026,13:01:22,27.55,77.00,33.32
16/09/2026,13:02:33,27.59,77.00,33.38
16/09/2026,13:03:44,27.60,76.95,33.40
16/09/2026,13:04:55,27.60,76.11,33.28
16/09/2026,13:06:08,27.60,76.00,33.27
16/09/2026,13:07:19,27.61,76.00,33.29
16/09/2026,13:08:30,27.60,76.12,33.29
16/09/2026,13:09:41,27.60,76.00,33.27
16/09/2026,13:10:52,27.60,76.00,33.27
16/09/2026,13:12:06,27.60,76.00,33.27
16/09/2026,13:13:17,27.60,76.00,33.27
16/09/2026,13:14:28,27.52,76.00,33.15
16/09/2026,13:15:38,27.50,76.00,33.12
16/09/2026,13:16:49,27.43,76.85,33.11
16/09/2026,13:18:03,27.40,77.00,33.08
16/09/2026,13:19:14,27.42,77.00,33.12
16/09/2026,13:20:25,27.40,77.00,33.09
16/09/2026,13:21:36,27.40,77.00,33.08
16/09/2026,13:22:46,27.40,77.00,33.09
16/09/2026,13:24:00,27.44,76.96,33.14
16/09/2026,13:25:11,27.47,76.79,33.16
16/09/2026,13:26:22,27.45,76.20,33.06
16/09/2026,13:27:33,27.46,76.16,33.08
16/09/2026,13:28:44,27.50,76.21,33.14
16/09/2026,13:29:57,27.51,76.23,33.16
16/09/2026,13:31:08,27.50,76.00,33.12
16/09/2026,13:32:19,27.54,76.00,33.18
16/09/2026,13:33:30,27.58,76.00,33.25
16/09/2026,13:34:41,27.59,76.00,33.26
16/09/2026,13:35:54,27.50,76.00,33.12
16/09/2026,13:37:05,27.45,76.09,33.05
16/09/2026,13:38:16,27.41,76.92,33.09
16/09/2026,13:39:27,27.40,77.00,33.09
16/09/2026,13:40:38,27.40,76.96,33.08
16/09/2026,13:41:51,27.40,76.96,33.08
16/09/2026,13:43:02,27.40,76.95,33.07
16/09/2026,13:44:13,27.40,76.50,33.02
16/09/2026,13:45:24,27.40,76.00,32.95
16/09/2026,13:46:35,27.40,76.23,32.99
16/09/2026,13:47:48,27.40,76.75,33.05
16/09/2026,13:48:59,27.39,76.04,32.95
16/09/2026,13:50:10,27.40,76.00,32.96
16/09/2026,13:51:21,27.42,76.00,32.99
16/09/2026,13:52:32,27.42,76.00,32.98
16/09/2026,13:53:45,27.40,76.00,32.95
16/09/2026,13:54:56,27.39,76.00,32.95
16/09/2026,13:56:07,27.40,76.00,32.97
16/09/2026,13:57:18,27.48,76.00,33.08
16/09/2026,13:58:29,27.49,76.00,33.10
16/09/2026,13:59:43,27.43,76.12,33.02
16/09/2026,14:00:54,27.41,76.75,33.07
16/09/2026,14:02:05,27.40,76.96,33.09
16/09/2026,14:03:16,27.44,76.72,33.11
16/09/2026,14:04:27,27.48,76.40,33.13
16/09/2026,14:05:40,27.42,76.96,33.11
16/09/2026,14:06:51,27.37,77.00,33.04
16/09/2026,14:08:02,27.39,77.00,33.07
16/09/2026,14:09:13,27.40,77.00,33.08
16/09/2026,14:10:24,27.40,76.96,33.08
16/09/2026,14:11:37,27.40,76.65,33.04
16/09/2026,14:12:48,27.40,76.25,32.98
16/09/2026,14:13:59,27.34,76.42,32.92
16/09/2026,14:15:10,27.35,77.00,33.01
16/09/2026,14:16:21,27.35,77.00,33.01
16/09/2026,14:17:34,27.37,77.00,33.04
16/09/2026,14:18:45,27.33,77.00,32.98
16/09/2026,14:19:56,27.30,77.00,32.93
16/09/2026,14:21:07,27.31,77.00,32.94
16/09/2026,14:22:18,27.30,77.00,32.93
16/09/2026,14:23:31,27.30,77.00,32.93
16/09/2026,14:24:42,27.30,77.00,32.92
16/09/2026,14:25:53,27.30,77.00,32.93
16/09/2026,14:27:04,27.30,77.65,33.01
16/09/2026,14:28:15,27.30,78.00,33.06
16/09/2026,14:29:28,27.30,78.00,33.05
16/09/2026,14:30:39,27.30,78.00,33.05
16/09/2026,14:31:50,27.30,78.00,33.05
16/09/2026,14:33:01,27.30,78.00,33.05
16/09/2026,14:34:12,27.30,78.00,33.05
16/09/2026,14:35:25,27.30,78.00,33.05
16/09/2026,14:36:36,27.30,78.00,33.05
16/09/2026,14:37:47,27.30,78.00,33.05
16/09/2026,14:38:58,27.30,78.00,33.05
16/09/2026,14:40:09,27.28,77.13,32.92
16/09/2026,14:41:23,27.22,77.00,32.79
16/09/2026,14:42:34,27.23,77.00,32.82
16/09/2026,14:43:45,27.27,77.00,32.88
16/09/2026,14:44:56,27.30,77.00,32.92
16/09/2026,14:46:07,27.30,77.00,32.92
16/09/2026,14:47:21,27.31,77.00,32.94
16/09/2026,14:48:32,27.40,77.00,33.08
16/09/2026,14:49:43,27.49,77.00,33.23
16/09/2026,14:50:54,27.50,77.00,33.25
16/09/2026,14:52:05,27.50,77.00,33.24
16/09/2026,14:53:18,27.50,77.00,33.24
16/09/2026,14:54:29,27.50,77.00,33.24
16/09/2026,14:55:40,27.49,77.00,33.22
16/09/2026,14:56:51,27.41,77.00,33.10
16/09/2026,14:58:02,27.40,77.00,33.09
16/09/2026,14:59:15,27.40,77.00,33.08
16/09/2026,15:00:26,27.40,77.00,33.08
16/09/2026,15:01:37,27.40,77.00,33.08
16/09/2026,15:02:48,27.40,77.00,33.08
16/09/2026,15:03:59,27.40,77.00,33.08
16/09/2026,15:05:13,27.40,77.00,33.08
16/09/2026,15:06:24,27.40,77.00,33.08
16/09/2026,15:07:35,27.45,77.00,33.16
16/09/2026,15:08:46,27.42,77.00,33.12
16/09/2026,15:09:57,27.44,77.00,33.15
16/09/2026,15:11:10,27.45,77.00,33.16
16/09/2026,15:12:21,27.50,77.00,33.24
16/09/2026,15:13:32,27.49,77.00,33.23
16/09/2026,15:14:43,27.47,77.00,33.19
16/09/2026,15:15:54,27.45,77.00,33.17
16/09/2026,15:17:07,27.50,76.48,33.17
16/09/2026,15:18:18,27.50,77.00,33.24
16/09/2026,15:19:29,27.54,77.00,33.30
16/09/2026,15:20:40,27.50,77.00,33.25
16/09/2026,15:21:51,27.50,77.00,33.24
16/09/2026,15:23:05,27.50,77.00,33.24
16/09/2026,15:24:16,27.45,77.00,33.16
16/09/2026,15:25:27,27.41,77.00,33.10
16/09/2026,15:26:37,27.42,77.00,33.12
16/09/2026,15:27:48,27.45,77.00,33.16
16/09/2026,15:29:02,27.48,77.00,33.21
16/09/2026,15:30:13,27.50,77.00,33.24
16/09/2026,15:31:24,27.50,77.00,33.24
16/09/2026,15:32:35,27.50,77.00,33.24
16/09/2026,15:33:46,27.50,76.67,33.20
16/09/2026,15:34:59,27.49,76.00,33.10
16/09/2026,15:36:10,27.48,76.00,33.08
16/09/2026,15:37:21,27.48,76.24,33.12
16/09/2026,15:38:32,27.42,76.38,33.03
16/09/2026,15:39:43,27.40,76.00,32.97
16/09/2026,15:40:57,27.40,76.00,32.96
16/09/2026,15:42:07,27.40,76.08,32.98
16/09/2026,15:43:18,27.40,76.00,32.97
16/09/2026,15:44:29,27.40,76.00,32.96
16/09/2026,15:45:40,27.37,76.04,32.92
16/09/2026,15:46:54,27.31,76.00,32.82
16/09/2026,15:48:05,27.31,76.00,32.81
16/09/2026,15:49:16,27.30,76.00,32.81
16/09/2026,15:50:27,27.30,76.00,32.80
16/09/2026,15:51:38,27.31,76.00,32.82
16/09/2026,15:52:52,27.32,76.00,32.83
16/09/2026,15:54:02,27.30,76.00,32.80
16/09/2026,15:55:13,27.30,76.00,32.80
16/09/2026,15:56:24,27.30,76.00,32.81
16/09/2026,15:57:35,27.35,76.00,32.87
16/09/2026,15:58:49,27.34,76.00,32.87
16/09/2026,16:00:00,27.38,76.00,32.93
16/09/2026,16:01:11,27.39,76.00,32.95
16/09/2026,16:02:22,27.39,76.00,32.95
16/09/2026,16:03:33,27.37,76.00,32.91
16/09/2026,16:04:46,27.39,76.00,32.94
16/09/2026,16:05:57,27.40,76.00,32.96
16/09/2026,16:07:08,27.39,76.00,32.94
16/09/2026,16:08:19,27.39,76.00,32.94
16/09/2026,16:09:30,27.36,76.00,32.90
16/09/2026,16:10:43,27.39,75.80,32.92
16/09/2026,16:11:54,27.38,75.00,32.81
16/09/2026,16:13:05,27.40,75.00,32.83
16/09/2026,16:14:16,27.40,75.00,32.83
16/09/2026,16:15:27,27.40,75.00,32.83
16/09/2026,16:16:40,27.40,75.00,32.83
16/09/2026,16:17:51,27.37,75.36,32.83
16/09/2026,16:19:02,27.34,76.00,32.87
16/09/2026,16:20:13,27.37,76.00,32.91
16/09/2026,16:21:24,27.37,76.00,32.91
16/09/2026,16:22:38,27.40,76.00,32.95
16/09/2026,16:23:49,27.40,76.00,32.96
16/09/2026,16:25:00,27.40,76.00,32.96
16/09/2026,16:26:11,27.40,76.00,32.96
16/09/2026,16:27:22,27.40,75.96,32.95
16/09/2026,16:28:35,27.40,76.00,32.96
16/09/2026,16:29:46,27.40,75.92,32.95
16/09/2026,16:30:57,27.40,75.40,32.88
16/09/2026,16:32:08,27.38,75.77,32.90
16/09/2026,16:33:19,27.34,75.96,32.86
16/09/2026,16:34:32,27.32,76.00,32.84
16/09/2026,16:35:43,27.30,76.00,32.81
16/09/2026,16:36:54,27.30,76.00,32.80
16/09/2026,16:38:05,27.30,76.00,32.80
16/09/2026,16:39:16,27.30,76.00,32.81
16/09/2026,16:40:29,27.30,76.00,32.80
16/09/2026,16:41:40,27.30,76.00,32.80
16/09/2026,16:42:51,27.30,76.00,32.80
16/09/2026,16:44:02,27.30,76.00,32.80
16/09/2026,16:45:13,27.32,76.00,32.83
16/09/2026,16:46:26,27.35,76.00,32.88
16/09/2026,16:47:37,27.40,76.00,32.95
16/09/2026,16:48:48,27.40,76.00,32.96
16/09/2026,16:49:59,27.40,76.00,32.96
16/09/2026,16:51:10,27.40,76.00,32.96
16/09/2026,16:52:25,27.40,76.00,32.95
16/09/2026,16:53:36,27.31,76.00,32.81
16/09/2026,16:54:47,27.30,76.12,32.82
16/09/2026,16:55:58,27.29,76.58,32.86
16/09/2026,16:57:08,27.27,76.19,32.77
16/09/2026,16:58:22,27.22,76.09,32.69
16/09/2026,16:59:33,27.20,76.00,32.65
16/09/2026,17:00:44,27.20,76.00,32.65
16/09/2026,17:01:55,27.21,76.00,32.66
16/09/2026,17:03:06,27.19,76.00,32.63
16/09/2026,17:04:19,27.19,76.10,32.63
16/09/2026,17:05:30,27.22,76.12,32.69
16/09/2026,17:06:41,27.23,76.54,32.76
16/09/2026,17:07:52,27.21,76.87,32.77
16/09/2026,17:09:03,27.20,77.00,32.77
16/09/2026,17:10:16,27.32,76.26,32.86
16/09/2026,17:11:27,27.46,72.27,32.59
16/09/2026,17:12:38,27.85,76.35,33.72
16/09/2026,17:13:49,27.86,75.52,33.62
16/09/2026,17:15:00,27.83,75.00,33.51
16/09/2026,17:29:54,27.93,75.77,33.77
16/09/2026,17:31:05,28.07,76.00,34.03
16/09/2026,17:32:16,28.25,76.12,34.32
16/09/2026,17:33:27,28.40,76.04,34.55
16/09/2026,17:34:38,28.40,75.58,34.49
16/09/2026,17:35:51,28.20,73.54,33.90
16/09/2026,17:37:02,27.67,71.72,32.84
16/09/2026,17:38:13,27.04,70.36,31.71
16/09/2026,17:39:24,26.65,70.58,31.14
16/09/2026,17:40:35,26.72,73.92,31.64
16/09/2026,17:41:48,27.11,75.83,32.48
16/09/2026,17:42:59,27.43,77.00,33.13
16/09/2026,17:44:10,27.66,77.52,33.56
16/09/2026,17:45:21,27.66,75.79,33.35
16/09/2026,17:46:32,27.17,72.67,32.18
16/09/2026,17:47:45,26.56,71.23,31.08
16/09/2026,17:48:56,26.00,71.96,30.31
16/09/2026,17:50:07,25.91,74.24,30.44
16/09/2026,17:51:18,26.37,76.87,31.46
16/09/2026,17:52:29,26.77,78.00,32.22
16/09/2026,17:53:43,27.11,78.30,32.79
16/09/2026,17:54:54,27.29,78.13,33.05
16/09/2026,17:56:05,27.40,77.22,33.12
16/09/2026,17:57:16,27.48,76.48,33.15
16/09/2026,17:58:26,27.57,76.00,33.23
16/09/2026,17:59:40,27.58,76.00,33.25
16/09/2026,18:00:51,27.56,76.00,33.21
16/09/2026,18:02:02,27.53,76.00,33.16
16/09/2026,18:03:13,27.52,76.00,33.15
16/09/2026,18:04:24,27.56,76.00,33.21
16/09/2026,18:05:37,27.59,76.00,33.26
16/09/2026,18:06:48,27.60,76.00,33.27
16/09/2026,18:07:59,27.70,75.81,33.41
16/09/2026,18:09:10,27.80,75.00,33.46
16/09/2026,18:10:21,27.85,75.00,33.54
16/09/2026,18:11:34,27.91,75.00,33.64
16/09/2026,18:12:45,28.00,74.92,33.76
16/09/2026,18:13:56,28.00,74.04,33.65
16/09/2026,18:15:07,28.01,74.00,33.66
16/09/2026,18:16:18,28.04,74.00,33.71
16/09/2026,18:17:32,28.09,74.00,33.79
16/09/2026,18:18:43,28.10,74.00,33.81
16/09/2026,18:19:54,27.96,74.00,33.58
16/09/2026,18:21:04,27.78,74.67,33.39
16/09/2026,18:22:15,27.64,75.00,33.21
16/09/2026,18:23:29,27.58,75.04,33.12
16/09/2026,18:24:40,27.43,76.00,33.01
16/09/2026,18:25:51,27.44,76.00,33.02
16/09/2026,18:27:01,27.50,76.00,33.12
16/09/2026,18:28:12,27.49,76.00,33.10
16/09/2026,18:29:26,27.47,76.00,33.08
16/09/2026,18:30:37,27.40,76.00,32.96
16/09/2026,18:31:48,27.40,76.00,32.96
16/09/2026,18:32:59,27.40,76.00,32.97
16/09/2026,18:34:10,27.40,76.00,32.96
16/09/2026,18:35:23,27.35,76.00,32.88
16/09/2026,18:36:34,27.46,76.00,33.06
16/09/2026,18:37:45,27.50,76.00,33.12
16/09/2026,18:38:56,27.53,76.00,33.16
16/09/2026,18:40:07,27.41,76.00,32.97
16/09/2026,18:41:20,27.26,76.00,32.74
16/09/2026,18:42:31,27.20,76.21,32.67
16/09/2026,18:43:42,27.19,76.96,32.75
16/09/2026,18:44:53,27.20,76.92,32.76
16/09/2026,18:46:04,27.28,76.04,32.78
16/09/2026,18:47:17,27.36,76.00,32.90
16/09/2026,18:48:28,27.38,76.00,32.93
16/09/2026,18:49:39,27.35,76.00,32.87
16/09/2026,18:50:50,27.30,76.04,32.80
16/09/2026,18:52:01,27.29,76.00,32.78
16/09/2026,18:53:14,27.22,76.52,32.74
16/09/2026,18:54:25,27.21,77.00,32.79
16/09/2026,18:55:36,27.23,77.00,32.81
16/09/2026,18:56:47,27.31,77.00,32.94
16/09/2026,18:57:58,27.39,76.26,32.98
16/09/2026,18:59:11,27.35,76.27,32.91
16/09/2026,19:00:22,27.46,76.12,33.08
16/09/2026,19:01:33,27.43,76.00,33.01
16/09/2026,19:02:44,27.48,76.00,33.08
16/09/2026,19:03:55,27.51,76.00,33.13
16/09/2026,19:05:08,27.54,76.00,33.18
16/09/2026,19:06:19,27.50,76.00,33.12
16/09/2026,19:07:30,27.54,76.00,33.18
16/09/2026,19:08:41,27.50,76.00,33.12
16/09/2026,19:09:52,27.48,76.00,33.09
16/09/2026,19:11:07,27.49,76.00,33.10
16/09/2026,19:12:18,27.53,76.00,33.16
16/09/2026,19:13:28,27.58,76.00,33.25
16/09/2026,19:14:39,27.60,76.00,33.27
16/09/2026,19:15:50,27.55,76.04,33.20
16/09/2026,19:17:04,27.50,76.00,33.12
16/09/2026,19:18:15,27.42,76.00,32.99
16/09/2026,19:19:26,27.40,76.00,32.96
16/09/2026,19:20:37,27.43,76.05,33.01
16/09/2026,19:21:48,27.50,76.00,33.12
16/09/2026,19:23:01,27.45,75.96,33.03
16/09/2026,19:24:12,27.32,76.00,32.84
16/09/2026,19:25:23,27.22,76.85,32.77
16/09/2026,19:26:34,27.23,77.00,32.82
16/09/2026,19:27:45,27.28,76.28,32.81
16/09/2026,19:28:58,27.22,76.00,32.67
16/09/2026,19:30:09,27.13,76.00,32.54
16/09/2026,19:31:20,27.14,76.00,32.55
16/09/2026,19:32:31,27.20,77.00,32.76
16/09/2026,19:33:42,27.21,77.00,32.78
16/09/2026,19:34:55,27.21,77.00,32.79
16/09/2026,19:36:06,27.20,77.00,32.77
16/09/2026,19:37:17,27.26,77.16,32.89
16/09/2026,19:38:28,27.26,77.00,32.86
16/09/2026,19:39:39,27.19,77.00,32.75
16/09/2026,19:40:53,27.10,76.96,32.61
16/09/2026,19:42:04,27.09,76.00,32.48
16/09/2026,19:43:15,27.01,76.00,32.35
16/09/2026,19:44:25,26.91,76.92,32.30
16/09/2026,19:45:36,26.96,77.00,32.39
16/09/2026,19:46:50,27.00,77.00,32.46
16/09/2026,19:48:01,27.07,77.00,32.56
16/09/2026,19:49:12,27.10,76.04,32.49
16/09/2026,19:50:23,27.07,76.00,32.45
16/09/2026,19:51:33,27.14,76.00,32.55
16/09/2026,19:52:47,27.21,75.26,32.57
16/09/2026,19:53:58,27.21,75.00,32.53
16/09/2026,19:55:09,27.30,74.96,32.68
16/09/2026,19:56:20,27.24,74.00,32.46
16/09/2026,19:57:31,27.12,74.00,32.27
16/09/2026,19:58:45,27.24,74.00,32.46
16/09/2026,19:59:56,27.38,74.00,32.68
16/09/2026,20:01:07,27.50,73.12,32.76
16/09/2026,20:02:18,27.48,72.96,32.71
16/09/2026,20:03:29,27.49,72.80,32.69
16/09/2026,20:04:43,27.43,72.00,32.51
16/09/2026,20:05:54,27.45,72.00,32.53
16/09/2026,20:07:05,27.50,72.00,32.61
16/09/2026,20:08:16,27.50,72.00,32.61
16/09/2026,20:09:27,27.47,72.00,32.56
16/09/2026,20:10:40,27.39,72.00,32.44
16/09/2026,20:11:51,27.30,72.00,32.30
16/09/2026,20:13:02,27.22,72.00,32.18
16/09/2026,20:14:13,27.11,72.00,32.01
16/09/2026,20:15:24,27.00,72.00,31.85
16/09/2026,20:16:38,27.03,72.00,31.89
16/09/2026,20:17:49,27.06,72.00,31.93
16/09/2026,20:19:00,27.00,72.83,31.94
16/09/2026,20:20:11,26.92,73.00,31.83
16/09/2026,20:21:22,26.80,73.48,31.72
16/09/2026,20:22:36,26.72,74.00,31.66
16/09/2026,20:23:47,26.76,74.00,31.72
16/09/2026,20:24:58,26.79,74.00,31.77
16/09/2026,20:26:09,26.80,74.00,31.78
16/09/2026,20:27:19,26.84,74.00,31.84
16/09/2026,20:28:33,26.92,74.00,31.96
16/09/2026,20:29:44,26.99,73.88,32.06
16/09/2026,20:30:55,27.14,73.00,32.18
16/09/2026,20:32:06,27.25,73.00,32.34
16/09/2026,20:33:17,27.32,72.44,32.38
16/09/2026,20:34:30,27.40,72.00,32.45
16/09/2026,20:35:41,27.44,72.00,32.52
16/09/2026,20:36:52,27.49,72.00,32.60
16/09/2026,20:38:03,27.50,72.00,32.61
16/09/2026,20:39:14,27.50,72.00,32.61
16/09/2026,20:40:27,27.51,72.00,32.63
16/09/2026,20:41:38,27.54,72.04,32.68
16/09/2026,20:42:49,27.59,72.00,32.74
16/09/2026,20:44:00,27.60,72.00,32.77
16/09/2026,20:45:11,27.60,72.00,32.77
16/09/2026,20:46:24,27.60,72.00,32.77
16/09/2026,20:47:35,27.60,72.00,32.77
16/09/2026,20:48:46,27.60,72.00,32.76
16/09/2026,20:49:57,27.58,72.00,32.73
16/09/2026,20:51:08,27.56,72.00,32.70
16/09/2026,20:52:21,27.53,72.00,32.66
16/09/2026,20:53:32,27.56,72.09,32.71
16/09/2026,20:54:43,27.60,72.88,32.88
16/09/2026,20:55:54,27.60,72.76,32.86
16/09/2026,20:57:05,27.60,72.12,32.78
16/09/2026,20:58:19,27.60,72.04,32.77
16/09/2026,20:59:30,27.60,72.00,32.77
16/09/2026,21:00:41,27.60,72.00,32.77
16/09/2026,21:01:51,27.60,72.00,32.77
16/09/2026,21:03:02,27.60,72.00,32.77
16/09/2026,21:04:17,27.61,72.00,32.79
16/09/2026,21:05:28,27.70,72.81,33.02
16/09/2026,21:06:39,27.73,72.92,33.08
16/09/2026,21:07:50,27.70,73.00,33.04
16/09/2026,21:09:01,27.71,73.00,33.07
16/09/2026,21:10:15,27.70,73.00,33.05
16/09/2026,21:11:26,27.72,73.00,33.08
16/09/2026,21:12:37,27.76,73.00,33.14
16/09/2026,21:13:48,27.78,73.00,33.18
16/09/2026,21:14:59,27.80,73.00,33.20
16/09/2026,21:16:13,27.80,73.00,33.20
16/09/2026,21:17:24,27.80,73.00,33.20
16/09/2026,21:18:35,27.80,73.00,33.21
16/09/2026,21:19:46,27.80,73.00,33.21
16/09/2026,21:20:57,27.80,73.00,33.21
16/09/2026,21:22:10,27.81,73.00,33.22
16/09/2026,21:23:21,27.80,73.00,33.21
16/09/2026,21:24:32,27.80,73.00,33.20
16/09/2026,21:25:43,27.80,73.00,33.20
16/09/2026,21:26:54,27.79,73.00,33.19
16/09/2026,21:28:07,27.78,73.00,33.18
16/09/2026,21:29:18,27.76,73.00,33.14
16/09/2026,21:30:29,27.72,73.00,33.07
16/09/2026,21:31:40,27.72,73.00,33.08
16/09/2026,21:32:51,27.71,73.00,33.06
16/09/2026,21:34:04,27.70,73.12,33.06
16/09/2026,21:35:15,27.71,73.60,33.14
16/09/2026,21:36:26,27.78,73.96,33.30
16/09/2026,21:37:37,27.80,73.92,33.32
16/09/2026,21:38:48,27.83,73.28,33.28
16/09/2026,21:40:01,27.90,73.11,33.38
16/09/2026,21:41:12,27.95,73.00,33.44
16/09/2026,21:42:23,27.98,73.04,33.50
16/09/2026,21:43:34,28.00,73.04,33.53
16/09/2026,21:44:45,28.00,73.00,33.52
16/09/2026,21:45:59,27.91,72.43,33.30
16/09/2026,21:47:10,27.73,72.14,32.98
16/09/2026,21:48:21,27.55,72.67,32.78
16/09/2026,21:49:32,27.50,72.38,32.66
16/09/2026,21:50:43,27.30,72.93,32.42
16/09/2026,21:51:56,27.35,73.00,32.51
16/09/2026,21:53:07,27.45,73.00,32.66
16/09/2026,21:54:18,27.51,73.00,32.75
16/09/2026,21:55:29,27.53,73.00,32.78
16/09/2026,21:56:40,27.52,73.00,32.77
16/09/2026,21:57:54,27.56,72.88,32.81
16/09/2026,21:59:05,27.58,72.16,32.75
16/09/2026,22:00:16,27.58,72.00,32.74
16/09/2026,22:01:27,27.60,72.00,32.76
16/09/2026,22:02:37,27.59,72.00,32.75
16/09/2026,22:03:51,27.60,72.20,32.79
16/09/2026,22:05:02,27.60,73.00,32.89
16/09/2026,22:06:13,27.60,73.00,32.89
16/09/2026,22:07:24,27.60,72.78,32.86
16/09/2026,22:08:34,27.60,72.96,32.88
16/09/2026,22:09:48,27.57,73.00,32.84
16/09/2026,22:10:59,27.60,73.00,32.89
16/09/2026,22:12:10,27.52,72.63,32.72
16/09/2026,22:13:21,27.52,73.00,32.77
16/09/2026,22:14:32,27.57,73.00,32.84
16/09/2026,22:15:45,27.60,73.00,32.89
16/09/2026,22:16:56,27.60,73.00,32.89
16/09/2026,22:18:07,27.60,73.00,32.89
16/09/2026,22:19:18,27.60,73.00,32.90
16/09/2026,22:20:29,27.61,73.00,32.90
16/09/2026,22:21:42,27.60,73.00,32.90
16/09/2026,22:22:53,27.64,73.00,32.95
16/09/2026,22:24:04,27.68,73.00,33.02
16/09/2026,22:25:15,27.72,73.00,33.08
16/09/2026,22:26:26,27.78,72.79,33.15
16/09/2026,22:27:39,27.69,72.32,32.94
17/09/2026,15:03:18,26.84,63.07,30.51
17/09/2026,15:04:29,26.94,63.00,30.65
17/09/2026,15:05:40,27.00,62.85,30.72
17/09/2026,15:06:51,26.95,62.08,30.55
17/09/2026,15:08:02,27.00,62.04,30.61
17/09/2026,15:09:17,27.00,62.00,30.61
17/09/2026,15:10:28,26.91,62.00,30.49
17/09/2026,15:11:38,26.80,62.04,30.33
17/09/2026,15:12:49,26.76,62.76,30.35
17/09/2026,15:14:00,26.70,63.00,30.30
17/09/2026,15:15:14,26.67,63.00,30.25
17/09/2026,15:16:25,26.63,63.00,30.19
17/09/2026,15:17:36,26.69,63.00,30.28
17/09/2026,15:18:47,26.70,63.00,30.30
17/09/2026,15:19:58,26.67,63.00,30.25
17/09/2026,15:21:11,26.60,62.80,30.13
17/09/2026,15:22:22,26.59,62.96,30.13
17/09/2026,15:23:33,26.53,63.00,30.05
17/09/2026,15:24:44,26.48,63.00,29.98
17/09/2026,15:25:55,26.43,63.17,29.93
17/09/2026,15:27:10,26.40,64.00,29.98
17/09/2026,15:28:21,26.38,64.00,29.95
17/09/2026,15:29:32,26.38,64.00,29.95
17/09/2026,15:30:43,26.40,64.00,29.97
17/09/2026,15:31:53,26.40,64.00,29.98
17/09/2026,15:33:07,26.40,64.00,29.97
17/09/2026,15:34:18,26.40,64.00,29.98
17/09/2026,15:35:29,26.40,64.00,29.97
17/09/2026,15:36:40,26.41,64.00,29.99
17/09/2026,15:37:51,26.50,64.00,30.13
17/09/2026,15:39:04,26.56,64.00,30.22
17/09/2026,15:40:15,26.60,64.00,30.27
17/09/2026,15:41:26,26.60,63.40,30.20
17/09/2026,15:42:37,26.60,63.00,30.15
17/09/2026,15:43:48,26.61,63.00,30.16
17/09/2026,15:45:01,26.65,63.00,30.23
17/09/2026,15:46:12,26.66,63.00,30.25
17/09/2026,15:47:23,26.70,63.00,30.30
17/09/2026,15:48:34,26.69,63.00,30.29
17/09/2026,15:49:45,26.63,63.00,30.19
17/09/2026,15:50:59,26.70,63.29,30.33
17/09/2026,15:52:10,26.69,63.00,30.28
17/09/2026,15:53:21,26.68,63.00,30.26
17/09/2026,15:54:32,26.63,63.00,30.19
17/09/2026,15:55:43,26.61,63.88,30.27
17/09/2026,15:56:56,26.59,64.00,30.25
17/09/2026,15:58:07,26.60,64.00,30.27
17/09/2026,15:59:18,26.60,64.00,30.27
17/09/2026,16:00:29,26.60,64.00,30.28
17/09/2026,16:01:40,26.62,64.00,30.31
17/09/2026,16:02:54,26.63,64.00,30.32
17/09/2026,16:04:05,26.62,64.00,30.31
17/09/2026,16:05:16,26.61,64.00,30.29
17/09/2026,16:06:27,26.68,64.00,30.40
17/09/2026,16:07:37,26.68,63.36,30.31
17/09/2026,16:08:51,26.60,63.00,30.16
17/09/2026,16:10:02,26.58,63.00,30.12
17/09/2026,16:11:13,26.50,63.00,30.01
17/09/2026,16:12:24,26.50,63.00,30.00
17/09/2026,16:13:35,26.49,63.00,30.00
17/09/2026,16:14:48,26.50,63.00,30.01
17/09/2026,16:15:59,26.53,63.00,30.05
17/09/2026,16:17:10,26.59,63.00,30.14
17/09/2026,16:18:21,26.60,63.00,30.15
17/09/2026,16:19:32,26.53,63.00,30.05
17/09/2026,16:20:46,26.51,63.00,30.02
17/09/2026,16:21:57,26.47,63.25,29.99
17/09/2026,16:23:07,26.41,63.96,29.99
17/09/2026,16:24:18,26.40,64.00,29.97
17/09/2026,16:25:29,26.40,64.00,29.97
17/09/2026,16:26:43,26.32,64.64,29.94
17/09/2026,16:27:54,26.27,65.00,29.90
17/09/2026,16:29:05,26.30,65.00,29.95
17/09/2026,16:30:16,26.40,65.54,30.16
17/09/2026,16:31:27,26.43,66.00,30.26
17/09/2026,16:32:41,26.40,66.00,30.22
17/09/2026,16:33:52,26.31,66.00,30.09
17/09/2026,16:35:02,26.21,66.91,30.05
17/09/2026,16:36:13,26.20,67.00,30.04
17/09/2026,16:37:24,26.20,67.00,30.04
17/09/2026,16:38:38,26.21,67.00,30.06
17/09/2026,16:39:49,26.23,67.00,30.08
17/09/2026,16:41:00,26.20,67.00,30.04
17/09/2026,16:42:10,26.20,67.00,30.05
17/09/2026,16:43:21,26.32,67.00,30.22
17/09/2026,16:44:35,26.41,67.00,30.35
17/09/2026,16:45:46,26.40,67.00,30.34
17/09/2026,16:46:57,26.42,67.00,30.36
17/09/2026,16:48:08,26.41,66.69,30.32
17/09/2026,16:49:19,26.40,66.50,30.28
17/09/2026,16:50:32,26.40,67.00,30.34
17/09/2026,16:51:43,26.40,67.00,30.34
17/09/2026,16:52:54,26.40,67.00,30.34
17/09/2026,16:54:05,26.40,67.12,30.34
17/09/2026,16:55:16,26.36,68.00,30.39
17/09/2026,16:56:29,26.30,68.00,30.31
17/09/2026,16:57:40,26.30,68.00,30.31
17/09/2026,16:58:51,26.22,68.00,30.18
17/09/2026,17:00:02,26.23,68.00,30.20
17/09/2026,17:01:13,26.30,67.96,30.29
17/09/2026,17:02:28,26.29,68.00,30.29
17/09/2026,17:03:39,26.30,68.00,30.31
17/09/2026,17:04:50,26.30,68.00,30.31
17/09/2026,17:06:01,26.30,68.00,30.31
17/09/2026,17:07:12,26.30,68.00,30.31
17/09/2026,17:08:26,26.32,68.00,30.33
17/09/2026,17:09:37,26.35,68.00,30.38
17/09/2026,17:10:48,26.33,68.00,30.34
17/09/2026,17:11:59,26.36,68.08,30.41
17/09/2026,17:13:10,26.43,69.04,30.63
17/09/2026,17:14:24,26.58,68.85,30.82
17/09/2026,17:15:35,26.50,68.04,30.61
17/09/2026,17:16:46,26.50,68.00,30.60
17/09/2026,17:17:57,26.50,68.00,30.61
17/09/2026,17:19:08,26.50,68.00,30.60
17/09/2026,17:20:22,26.50,68.00,30.60
17/09/2026,17:21:33,26.50,68.00,30.61
17/09/2026,17:22:44,26.50,68.00,30.60
17/09/2026,17:23:55,26.43,68.00,30.51
17/09/2026,17:25:06,26.50,68.00,30.60
17/09/2026,17:26:19,26.54,68.44,30.72
17/09/2026,17:27:30,26.71,69.16,31.05
17/09/2026,17:28:41,26.54,68.00,30.66
17/09/2026,17:29:52,26.40,68.00,30.46
17/09/2026,17:31:03,26.37,68.00,30.41
17/09/2026,17:32:17,26.39,68.00,30.44
17/09/2026,17:33:28,26.40,68.00,30.45
17/09/2026,17:34:39,26.46,68.00,30.54
17/09/2026,17:35:50,26.47,68.00,30.56
17/09/2026,17:37:01,26.48,68.00,30.57
17/09/2026,17:38:15,26.49,68.00,30.59
17/09/2026,17:39:26,26.45,68.00,30.53
17/09/2026,17:40:37,26.50,68.00,30.60
17/09/2026,17:41:48,26.60,68.00,30.75
17/09/2026,17:42:59,26.65,68.00,30.82
17/09/2026,17:44:13,26.70,68.29,30.94
17/09/2026,17:45:24,26.70,68.00,30.90
17/09/2026,17:46:35,26.69,68.00,30.89
17/09/2026,17:47:46,26.63,68.00,30.79
17/09/2026,17:48:57,26.52,68.00,30.63
17/09/2026,17:50:11,26.50,68.00,30.60
17/09/2026,17:51:21,26.45,68.00,30.53
17/09/2026,17:52:32,26.40,68.00,30.46
17/09/2026,17:53:43,26.43,68.00,30.50
17/09/2026,17:54:54,26.49,67.46,30.53
17/09/2026,17:56:08,26.47,67.08,30.45
17/09/2026,17:57:19,26.40,67.00,30.34
17/09/2026,17:58:29,26.38,67.00,30.31
17/09/2026,17:59:40,26.32,67.00,30.21
17/09/2026,18:00:51,26.30,67.00,30.19
17/09/2026,18:02:05,26.30,67.00,30.18
17/09/2026,18:03:16,26.29,67.00,30.18
17/09/2026,18:04:27,26.26,67.00,30.13
17/09/2026,18:05:38,26.23,67.00,30.08
17/09/2026,18:06:49,26.20,67.00,30.05
17/09/2026,18:08:03,26.16,67.05,29.99
17/09/2026,18:09:14,26.20,67.00,30.04
17/09/2026,18:10:25,26.20,67.00,30.04
17/09/2026,18:11:36,26.20,67.00,30.03
17/09/2026,18:12:47,26.18,67.00,30.02
17/09/2026,18:14:00,26.20,66.88,30.02
17/09/2026,18:15:11,26.16,66.80,29.95
17/09/2026,18:16:22,26.18,66.12,29.91
17/09/2026,18:17:33,26.20,66.00,29.92
17/09/2026,18:18:44,26.19,66.00,29.91
17/09/2026,18:19:58,26.20,66.00,29.92
17/09/2026,18:21:09,26.20,66.00,29.92
17/09/2026,18:22:20,26.20,66.00,29.92
17/09/2026,18:23:30,26.20,66.00,29.92
17/09/2026,18:24:41,26.21,66.00,29.94
17/09/2026,18:25:55,26.27,66.00,30.02
17/09/2026,18:27:06,26.30,66.00,30.06
17/09/2026,18:28:17,26.30,66.00,30.08
17/09/2026,18:29:28,26.31,66.00,30.08
17/09/2026,18:30:39,26.29,66.00,30.05
17/09/2026,18:31:52,26.25,66.00,30.00
17/09/2026,18:33:03,26.27,66.00,30.03
17/09/2026,18:34:14,26.22,66.00,29.95
17/09/2026,18:35:25,26.22,66.00,29.95
17/09/2026,18:36:36,26.21,66.00,29.93
17/09/2026,18:37:52,26.20,66.00,29.92
17/09/2026,18:39:03,26.20,66.00,29.92
17/09/2026,18:40:14,26.22,66.00,29.95
17/09/2026,18:41:25,26.21,66.00,29.94
17/09/2026,18:42:36,26.21,66.00,29.94
17/09/2026,18:43:50,26.20,66.00,29.92
17/09/2026,18:45:01,26.20,66.00,29.92
17/09/2026,18:46:12,26.20,66.00,29.93
17/09/2026,18:47:23,26.20,66.00,29.92
17/09/2026,18:48:34,26.20,66.00,29.92
17/09/2026,18:49:47,26.20,66.00,29.92
17/09/2026,18:50:58,26.20,66.00,29.92
17/09/2026,18:52:09,26.20,66.00,29.92
17/09/2026,18:53:20,26.20,66.00,29.92
17/09/2026,18:54:31,26.20,66.00,29.92
17/09/2026,18:55:46,26.20,66.00,29.92
17/09/2026,18:56:57,26.20,66.00,29.92
17/09/2026,18:58:08,26.20,66.00,29.92
17/09/2026,18:59:19,26.20,66.00,29.92
17/09/2026,19:00:30,26.20,66.00,29.92
17/09/2026,19:01:48,26.20,66.00,29.92
17/09/2026,19:02:59,26.20,66.00,29.92
17/09/2026,19:04:10,26.20,66.54,29.99
17/09/2026,19:05:21,26.20,67.00,30.04
17/09/2026,19:06:32,26.19,67.00,30.02
17/09/2026,19:07:45,26.18,67.00,30.00
17/09/2026,19:08:56,26.14,67.00,29.95
17/09/2026,19:10:07,26.10,67.00,29.89
17/09/2026,19:11:18,26.03,67.00,29.78
17/09/2026,19:12:29,25.90,67.00,29.61
17/09/2026,19:15:57,25.90,67.92,29.71
17/09/2026,19:17:08,25.91,67.62,29.68
17/09/2026,19:18:19,25.92,67.84,29.72
17/09/2026,19:19:30,25.92,68.00,29.74
17/09/2026,19:20:41,25.98,68.00,29.84
17/09/2026,19:21:54,25.91,68.00,29.73
17/09/2026,19:23:05,25.90,68.00,29.71
17/09/2026,19:24:16,25.90,68.00,29.71
17/09/2026,19:25:27,25.90,68.00,29.71
17/09/2026,19:26:38,25.90,68.00,29.71
17/09/2026,19:27:51,25.90,68.00,29.71
17/09/2026,19:29:02,25.90,68.00,29.71
17/09/2026,19:30:13,25.90,68.00,29.72
17/09/2026,19:31:24,26.00,68.05,29.87
17/09/2026,19:32:35,26.11,68.00,30.02
17/09/2026,19:33:48,26.19,68.00,30.14
17/09/2026,19:34:59,26.19,68.00,30.14
17/09/2026,19:36:10,26.21,68.00,30.17
17/09/2026,19:37:21,26.37,68.00,30.40
17/09/2026,19:38:32,26.48,68.00,30.58
17/09/2026,19:39:46,26.59,67.89,30.72
17/09/2026,19:40:57,26.60,67.00,30.63
17/09/2026,19:42:08,26.60,67.00,30.63
17/09/2026,19:43:18,26.65,67.38,30.75
17/09/2026,19:44:29,26.68,67.48,30.81
17/09/2026,19:45:43,26.65,67.50,30.77
17/09/2026,19:46:54,26.63,67.56,30.75
17/09/2026,19:48:05,26.72,67.72,30.89
17/09/2026,19:49:16,26.71,67.00,30.79
17/09/2026,19:54:39,26.63,66.08,30.56
17/09/2026,19:55:50,26.52,66.00,30.39
17/09/2026,19:57:01,26.47,66.92,30.43
17/09/2026,19:58:12,26.63,67.00,30.68
17/09/2026,19:59:23,26.80,66.96,30.92
17/09/2026,20:00:36,26.80,66.04,30.81
17/09/2026,20:01:47,26.64,66.00,30.58
17/09/2026,20:02:58,26.58,66.00,30.49
17/09/2026,20:04:09,26.61,66.88,30.64
17/09/2026,20:05:20,26.68,67.00,30.74
17/09/2026,20:06:33,26.60,66.00,30.51
17/09/2026,20:07:44,26.50,66.56,30.42
17/09/2026,20:08:55,26.59,66.96,30.62
17/09/2026,20:10:06,26.60,66.16,30.54
17/09/2026,20:11:17,26.64,66.80,30.67
17/09/2026,20:12:30,26.66,66.20,30.63
17/09/2026,20:13:41,26.70,66.81,30.76
17/09/2026,20:14:52,26.66,66.04,30.61
17/09/2026,20:16:03,26.49,66.17,30.37
17/09/2026,20:17:14,26.35,67.00,30.26
17/09/2026,20:18:27,26.39,67.00,30.32
17/09/2026,20:19:38,26.40,67.00,30.34
17/09/2026,20:20:49,26.38,67.00,30.31
17/09/2026,20:22:00,26.36,67.00,30.28
17/09/2026,20:23:11,26.31,67.00,30.20
17/09/2026,20:24:25,26.28,67.00,30.15
17/09/2026,20:25:36,26.21,67.00,30.05
17/09/2026,20:26:47,26.20,67.17,30.06
17/09/2026,20:27:58,26.20,68.00,30.16
17/09/2026,20:29:09,26.20,68.00,30.16
17/09/2026,20:30:22,26.27,68.00,30.26
17/09/2026,20:31:33,26.27,68.00,30.26
17/09/2026,20:32:44,26.23,68.00,30.20
17/09/2026,20:33:55,26.35,68.00,30.38
17/09/2026,20:35:06,26.45,68.00,30.52
17/09/2026,20:36:19,26.65,68.08,30.84
17/09/2026,20:37:30,26.70,67.19,30.80
17/09/2026,20:38:41,26.65,67.00,30.71
17/09/2026,20:39:52,26.59,66.65,30.58
17/09/2026,20:41:03,26.59,67.00,30.62
17/09/2026,20:42:16,26.47,67.00,30.45
17/09/2026,20:43:27,26.38,67.73,30.39
17/09/2026,20:44:38,26.50,68.00,30.60
17/09/2026,20:45:49,26.65,67.42,30.76
17/09/2026,20:47:00,26.70,67.00,30.78
17/09/2026,20:48:14,26.69,67.00,30.77
17/09/2026,20:49:25,26.72,67.40,30.86
17/09/2026,20:50:36,26.82,67.81,31.06
17/09/2026,20:51:47,26.90,67.62,31.16
17/09/2026,20:52:58,27.14,68.35,31.61
17/09/2026,20:54:11,27.28,68.00,31.77
17/09/2026,20:55:22,27.39,67.04,31.81
17/09/2026,20:56:33,27.40,67.00,31.83
17/09/2026,20:57:44,27.47,67.26,31.96
17/09/2026,20:58:55,27.50,67.08,31.98
17/09/2026,21:00:08,27.50,66.88,31.96
17/09/2026,21:01:19,27.44,66.04,31.77
17/09/2026,21:02:30,27.40,66.00,31.70
17/09/2026,21:03:41,27.37,66.00,31.65
17/09/2026,21:04:52,27.36,66.48,31.70
17/09/2026,21:06:05,27.40,66.27,31.74
17/09/2026,21:07:16,27.40,66.00,31.71
17/09/2026,21:08:27,27.44,66.54,31.83
17/09/2026,21:09:38,27.48,66.04,31.83
17/09/2026,21:10:49,27.33,66.00,31.59
17/09/2026,21:12:03,27.19,66.00,31.38
17/09/2026,21:13:14,27.08,66.00,31.23
17/09/2026,21:14:24,27.00,66.00,31.10
17/09/2026,21:15:35,26.92,66.58,31.05
17/09/2026,21:16:46,26.92,67.00,31.10
17/09/2026,21:18:00,26.84,67.00,30.99
17/09/2026,21:19:11,26.80,67.00,30.93
17/09/2026,21:20:22,26.82,67.00,30.96
17/09/2026,21:21:32,26.88,67.00,31.04
17/09/2026,21:22:43,26.89,67.00,31.06
17/09/2026,21:23:58,26.88,67.00,31.05
17/09/2026,21:25:09,26.86,67.00,31.01
17/09/2026,21:26:20,26.80,67.04,30.94
17/09/2026,21:27:31,26.80,67.00,30.93
17/09/2026,21:28:42,26.80,67.00,30.92
17/09/2026,21:29:56,26.71,67.04,30.81
17/09/2026,21:31:07,26.75,67.00,30.85
17/09/2026,21:32:18,26.76,67.08,30.88
17/09/2026,21:33:28,26.65,67.04,30.71
17/09/2026,21:34:39,26.68,68.00,30.88
17/09/2026,21:35:53,26.70,67.75,30.86
17/09/2026,21:37:04,26.66,67.96,30.83
17/09/2026,21:38:15,26.70,68.00,30.90
17/09/2026,21:39:26,26.72,68.00,30.93
17/09/2026,21:40:37,26.74,68.00,30.96
17/09/2026,21:41:50,26.74,68.00,30.96
17/09/2026,21:43:01,26.77,67.81,30.99
17/09/2026,21:44:12,26.70,67.50,30.85
17/09/2026,21:45:23,26.53,67.12,30.55
17/09/2026,21:46:34,26.41,68.00,30.47
17/09/2026,21:47:47,26.53,68.00,30.65
17/09/2026,21:48:58,26.60,68.00,30.75
17/09/2026,21:50:09,26.65,68.00,30.83
17/09/2026,21:51:20,26.70,68.00,30.89
17/09/2026,21:52:31,26.70,68.00,30.91
17/09/2026,21:53:44,26.76,68.00,30.99
17/09/2026,21:54:55,26.80,68.00,31.05
17/09/2026,21:56:06,26.80,68.00,31.04
17/09/2026,21:57:17,26.80,67.92,31.04
17/09/2026,21:58:28,26.80,68.00,31.05
17/09/2026,21:59:41,26.80,68.00,31.05
17/09/2026,22:00:52,26.80,68.00,31.04
17/09/2026,22:02:03,26.80,68.00,31.04
17/09/2026,22:03:14,26.80,68.00,31.05
17/09/2026,22:04:25,26.80,68.00,31.05
17/09/2026,22:05:38,26.76,68.00,31.00
17/09/2026,22:06:49,26.77,68.00,31.01
17/09/2026,22:08:00,26.73,68.00,30.94
18/09/2026,07:39:01,24.37,70.33,27.74
18/09/2026,07:40:12,24.27,71.00,27.66
18/09/2026,07:41:23,24.22,71.00,27.58
18/09/2026,07:42:34,24.30,71.00,27.70
18/09/2026,07:43:45,24.53,71.58,28.10
18/09/2026,07:44:59,24.80,71.00,28.44
18/09/2026,07:46:10,24.90,70.68,28.54
18/09/2026,07:47:21,24.99,70.00,28.60
18/09/2026,07:48:32,25.11,70.00,28.78
18/09/2026,07:49:43,25.18,70.00,28.88
18/09/2026,07:50:56,25.12,70.00,28.78
18/09/2026,07:52:07,25.21,70.00,28.93
18/09/2026,07:53:18,25.29,69.04,28.94
18/09/2026,07:54:29,25.43,69.17,29.16
18/09/2026,07:55:40,25.41,69.00,29.11
18/09/2026,07:56:54,25.40,69.00,29.09
18/09/2026,07:58:05,25.42,68.80,29.09
18/09/2026,07:59:16,25.29,68.69,28.90
18/09/2026,08:00:26,25.20,69.00,28.79
18/09/2026,08:01:37,25.19,69.00,28.79
18/09/2026,08:02:51,25.24,69.00,28.85
18/09/2026,08:04:02,25.38,69.00,29.06
18/09/2026,08:05:13,25.29,68.73,28.90
18/09/2026,08:06:24,25.41,68.96,29.10
18/09/2026,08:07:35,25.40,68.58,29.04
18/09/2026,08:08:48,25.30,68.70,28.92
18/09/2026,08:09:59,25.27,69.00,28.91
18/09/2026,08:11:10,25.27,69.00,28.90
18/09/2026,08:12:21,25.20,69.00,28.80
18/09/2026,08:13:32,25.25,68.08,28.78
18/09/2026,08:14:45,25.20,68.00,28.69
18/09/2026,08:15:56,25.28,68.00,28.80
18/09/2026,08:17:07,25.43,68.07,29.04
18/09/2026,08:18:18,25.53,68.00,29.17
18/09/2026,08:19:29,25.65,68.00,29.35
18/09/2026,08:20:43,25.70,67.92,29.41
18/09/2026,08:21:54,25.79,67.96,29.54
18/09/2026,08:23:05,25.82,67.00,29.49
18/09/2026,08:24:16,25.89,67.00,29.58
18/09/2026,08:25:27,25.90,67.00,29.60
18/09/2026,08:26:40,25.96,66.60,29.64
18/09/2026,08:27:51,25.97,66.00,29.59
18/09/2026,08:29:02,26.02,66.00,29.65
18/09/2026,08:30:13,26.00,64.83,29.49
18/09/2026,08:31:24,26.02,64.60,29.50
18/09/2026,08:32:37,26.11,64.40,29.60
18/09/2026,08:33:48,26.17,64.00,29.65
18/09/2026,08:34:59,26.20,64.00,29.69
18/09/2026,08:36:10,26.26,64.00,29.78
18/09/2026,08:37:21,26.31,64.00,29.85
18/09/2026,08:38:34,26.35,64.00,29.91
18/09/2026,08:39:45,26.39,64.00,29.97
18/09/2026,08:40:56,26.39,64.00,29.96
18/09/2026,08:42:07,26.33,64.00,29.88
18/09/2026,08:43:18,26.33,64.00,29.87
18/09/2026,08:44:31,26.31,64.00,29.85
18/09/2026,08:45:42,26.31,64.00,29.85
18/09/2026,08:46:53,26.31,63.46,29.78
18/09/2026,08:48:04,26.22,62.96,29.60
18/09/2026,08:49:15,26.18,62.16,29.44
18/09/2026,08:50:29,26.06,62.00,29.26
18/09/2026,08:51:40,25.94,62.00,29.08
18/09/2026,08:52:51,25.85,62.00,28.96
18/09/2026,08:54:02,25.77,62.00,28.84
18/09/2026,08:55:13,25.70,62.00,28.74
18/09/2026,08:56:26,25.69,62.00,28.73
18/09/2026,08:57:37,25.63,63.00,28.75
18/09/2026,08:58:48,25.60,62.88,28.70
18/09/2026,08:59:59,25.60,62.08,28.60
18/09/2026,09:01:10,25.55,62.00,28.52
18/09/2026,09:02:23,25.50,62.12,28.47
18/09/2026,09:03:34,25.50,63.00,28.57
18/09/2026,09:04:45,25.50,63.00,28.57
18/09/2026,09:05:56,25.50,63.00,28.57
18/09/2026,09:07:07,25.51,63.00,28.58
18/09/2026,09:08:20,25.56,63.00,28.65
18/09/2026,09:09:31,25.56,62.77,28.63
18/09/2026,09:10:42,25.51,62.00,28.46
18/09/2026,09:11:53,25.50,62.00,28.45
18/09/2026,09:13:04,25.53,62.32,28.53
18/09/2026,09:14:17,25.58,62.12,28.59
18/09/2026,09:15:28,25.60,62.44,28.65
18/09/2026,09:16:39,25.57,62.00,28.55
18/09/2026,09:17:50,25.59,62.29,28.62
18/09/2026,09:19:01,25.60,62.00,28.60
18/09/2026,09:20:14,25.55,61.23,28.44
18/09/2026,09:21:25,25.50,61.00,28.34
18/09/2026,09:22:36,25.49,61.52,28.39
18/09/2026,09:23:47,25.50,62.00,28.45
18/09/2026,09:24:58,25.50,61.88,28.45
18/09/2026,09:26:11,25.61,62.00,28.61
18/09/2026,09:27:22,25.70,62.00,28.73
18/09/2026,09:28:33,25.71,61.72,28.72
18/09/2026,09:29:44,25.77,62.50,28.89
18/09/2026,09:30:55,25.84,62.36,28.97
18/09/2026,09:32:08,25.81,61.96,28.89
18/09/2026,09:33:19,25.84,62.35,28.98
18/09/2026,09:34:30,25.93,63.00,29.18
18/09/2026,09:35:41,26.06,63.00,29.37
18/09/2026,09:36:52,26.12,63.00,29.45
18/09/2026,09:38:05,26.16,63.00,29.52
18/09/2026,09:39:16,26.17,62.22,29.43
18/09/2026,09:40:27,26.05,61.65,29.20
18/09/2026,09:41:38,26.01,62.40,29.23
18/09/2026,09:42:49,25.92,63.39,29.22
18/09/2026,09:44:02,25.90,64.00,29.25
18/09/2026,09:45:13,25.83,64.00,29.16
18/09/2026,09:46:24,25.80,64.00,29.10
18/09/2026,09:47:35,25.77,64.54,29.12
18/09/2026,09:48:46,25.70,65.00,29.08
18/09/2026,09:49:59,25.70,65.00,29.07
18/09/2026,09:51:10,25.66,65.50,29.08
18/09/2026,09:52:21,25.60,66.00,29.05
18/09/2026,09:53:32,25.61,66.00,29.06
18/09/2026,09:54:43,25.61,66.00,29.06
18/09/2026,09:55:56,25.54,66.00,28.96
18/09/2026,09:57:07,25.51,66.00,28.92
18/09/2026,09:58:18,25.54,66.00,28.96
18/09/2026,09:59:29,25.67,66.00,29.14
18/09/2026,10:00:40,25.78,65.12,29.20
18/09/2026,10:01:54,25.79,65.00,29.21
18/09/2026,10:03:05,25.80,65.00,29.22
18/09/2026,10:04:16,25.93,65.00,29.42
18/09/2026,10:05:27,25.90,65.00,29.36
18/09/2026,10:06:38,25.90,65.00,29.37
18/09/2026,10:07:51,25.90,65.00,29.37
18/09/2026,10:09:02,25.87,65.00,29.32
18/09/2026,10:10:13,25.80,65.00,29.22
18/09/2026,10:11:24,25.80,65.00,29.22
18/09/2026,10:12:35,25.79,65.00,29.21
18/09/2026,10:13:48,25.80,65.00,29.22
18/09/2026,10:14:59,25.80,65.00,29.22
18/09/2026,10:16:10,25.85,65.00,29.29
18/09/2026,10:17:21,25.88,65.00,29.34
18/09/2026,10:18:32,25.90,65.00,29.36
18/09/2026,10:19:45,25.94,65.00,29.42
18/09/2026,10:20:56,26.08,65.00,29.63
18/09/2026,10:22:07,26.20,64.04,29.69
18/09/2026,10:23:18,26.20,64.00,29.69
18/09/2026,10:24:29,26.20,64.00,29.69
18/09/2026,10:25:43,26.23,64.00,29.74
18/09/2026,10:26:54,26.30,64.00,29.83
18/09/2026,10:28:04,26.38,63.88,29.94
18/09/2026,10:29:15,26.35,63.00,29.79
18/09/2026,10:30:26,26.40,63.00,29.86
18/09/2026,10:31:40,26.42,63.00,29.88
18/09/2026,10:32:51,26.46,63.00,29.95
18/09/2026,10:34:02,26.50,63.00,30.00
18/09/2026,10:35:13,26.44,63.00,29.92
18/09/2026,10:36:24,26.46,63.00,29.95
18/09/2026,10:37:37,26.51,63.00,30.02
18/09/2026,10:38:48,26.53,63.00,30.05
18/09/2026,10:39:59,26.52,62.57,29.98
18/09/2026,10:41:10,26.50,62.00,29.89
18/09/2026,10:42:21,26.49,62.00,29.88
18/09/2026,10:43:34,26.47,62.00,29.84
18/09/2026,10:44:45,26.48,62.00,29.86
18/09/2026,10:45:56,26.45,61.93,29.80
18/09/2026,10:47:07,26.45,61.92,29.81
18/09/2026,10:48:18,26.40,61.00,29.62
18/09/2026,10:49:31,26.38,61.00,29.60
18/09/2026,10:50:42,26.39,61.00,29.61
18/09/2026,10:51:53,26.40,61.00,29.62
18/09/2026,10:53:04,26.30,61.00,29.49
18/09/2026,10:54:15,26.37,61.00,29.58
18/09/2026,10:55:28,26.40,61.00,29.62
18/09/2026,10:56:39,26.49,61.00,29.75
18/09/2026,10:57:50,26.60,61.00,29.91
18/09/2026,10:59:01,26.65,60.29,29.90
18/09/2026,11:00:12,26.70,60.00,29.94
18/09/2026,11:01:25,26.70,60.00,29.94
18/09/2026,11:02:36,26.82,60.00,30.11
18/09/2026,11:03:47,27.00,60.00,30.36
18/09/2026,11:04:58,27.07,60.00,30.47
18/09/2026,11:06:09,27.05,59.21,30.34
18/09/2026,11:07:22,27.00,59.00,30.24
18/09/2026,11:08:33,27.00,59.96,30.36
18/09/2026,11:09:44,27.00,59.68,30.32
18/09/2026,11:10:55,26.93,59.62,30.22
18/09/2026,11:12:06,26.90,60.00,30.22
18/09/2026,11:13:19,26.86,60.83,30.27
18/09/2026,11:14:30,26.80,61.00,30.20
18/09/2026,11:15:41,26.78,61.00,30.17
18/09/2026,11:16:52,26.70,61.00,30.06
18/09/2026,11:18:03,26.70,61.00,30.06
18/09/2026,11:19:17,26.73,61.00,30.10
18/09/2026,11:20:28,26.70,61.00,30.05
18/09/2026,11:21:39,26.70,61.00,30.05
18/09/2026,11:22:50,26.70,61.00,30.06
18/09/2026,11:24:01,26.68,61.54,30.09
18/09/2026,11:25:14,26.61,61.21,29.95
18/09/2026,11:26:25,26.61,61.86,30.03
18/09/2026,11:27:36,26.64,61.13,29.98
18/09/2026,11:28:47,26.67,61.00,30.02
18/09/2026,11:29:58,26.69,61.00,30.04
18/09/2026,11:31:11,26.70,61.00,30.06
18/09/2026,11:32:22,26.70,61.00,30.06
18/09/2026,11:33:33,26.71,61.00,30.07
18/09/2026,11:34:44,26.75,61.00,30.13
18/09/2026,11:35:55,26.79,61.00,30.18
18/09/2026,11:37:08,26.78,61.00,30.18
18/09/2026,11:38:19,26.80,61.00,30.20
18/09/2026,11:39:30,26.82,61.00,30.23
18/09/2026,11:40:41,26.84,60.96,30.25
18/09/2026,11:41:52,26.88,60.79,30.29
18/09/2026,11:43:05,26.89,60.63,30.29
18/09/2026,11:44:16,26.82,60.00,30.10
18/09/2026,11:45:27,26.85,60.00,30.15
18/09/2026,11:46:38,26.90,60.20,30.24
18/09/2026,11:47:49,26.92,60.04,30.26
18/09/2026,11:49:02,26.90,60.00,30.22
18/09/2026,11:50:13,26.91,60.00,30.24
18/09/2026,11:51:24,26.98,60.00,30.34
18/09/2026,11:52:35,26.94,60.00,30.28
18/09/2026,11:53:46,26.90,60.00,30.23
18/09/2026,11:55:00,26.84,60.00,30.14
18/09/2026,11:56:10,26.80,60.00,30.08
18/09/2026,11:57:21,26.88,59.96,30.18
18/09/2026,11:58:32,26.98,59.15,30.24
18/09/2026,11:59:43,27.01,59.00,30.26
18/09/2026,12:00:57,27.08,59.00,30.36
18/09/2026,12:02:08,27.10,59.00,30.39
18/09/2026,12:03:19,27.08,59.00,30.37
18/09/2026,12:04:30,27.00,59.00,30.25
18/09/2026,12:05:40,27.00,59.00,30.24
18/09/2026,12:06:54,26.98,59.00,30.22
18/09/2026,12:08:05,27.00,59.00,30.24
18/09/2026,12:09:16,27.03,59.00,30.29
18/09/2026,12:10:27,27.10,59.00,30.38
18/09/2026,12:11:38,27.10,59.00,30.38
18/09/2026,12:12:51,27.17,59.00,30.48
18/09/2026,12:14:02,27.16,59.00,30.48
18/09/2026,12:15:13,27.10,59.00,30.38
18/09/2026,12:16:24,27.01,59.00,30.26
18/09/2026,12:17:35,26.97,59.00,30.21
18/09/2026,12:18:48,26.93,59.08,30.15
18/09/2026,12:19:59,26.92,59.50,30.19
18/09/2026,12:21:10,26.84,59.84,30.11
18/09/2026,12:22:21,26.80,59.96,30.08
18/09/2026,12:23:32,26.84,59.04,30.02
18/09/2026,12:24:45,26.89,59.00,30.08
18/09/2026,12:25:56,26.83,59.00,30.01
18/09/2026,12:27:07,26.85,59.00,30.03
18/09/2026,12:28:18,26.88,59.00,30.07
18/09/2026,12:29:29,26.91,59.00,30.11
18/09/2026,12:30:43,26.98,59.00,30.21
18/09/2026,12:31:54,27.00,59.00,30.24
18/09/2026,12:33:05,26.96,59.00,30.19
18/09/2026,12:34:16,26.92,59.00,30.13
18/09/2026,12:35:27,26.83,59.00,30.00
18/09/2026,12:36:40,26.73,59.00,29.85
18/09/2026,12:37:51,26.70,59.00,29.82
18/09/2026,12:39:02,26.67,59.00,29.77
18/09/2026,12:40:13,26.62,59.00,29.70
18/09/2026,12:41:24,26.68,59.00,29.78
18/09/2026,12:42:37,26.70,59.00,29.82
18/09/2026,12:43:48,26.70,59.00,29.82
18/09/2026,12:44:59,26.74,59.00,29.88
18/09/2026,12:46:10,26.76,59.00,29.90
18/09/2026,12:47:21,26.72,59.00,29.85
18/09/2026,12:48:38,26.70,59.00,29.82
18/09/2026,12:49:49,26.69,59.00,29.80
18/09/2026,12:51:00,26.66,59.00,29.76
18/09/2026,12:52:11,26.63,59.00,29.71
18/09/2026,12:53:22,26.62,59.00,29.71
18/09/2026,12:54:35,26.61,59.00,29.69
18/09/2026,12:55:46,26.60,59.00,29.67
18/09/2026,12:56:57,26.60,59.00,29.67
18/09/2026,12:58:08,26.60,59.00,29.67
18/09/2026,12:59:19,26.60,59.00,29.67
18/09/2026,13:00:32,26.60,59.00,29.67
18/09/2026,13:01:43,26.55,59.00,29.60
18/09/2026,13:02:54,26.59,59.00,29.65
18/09/2026,13:04:05,26.59,59.00,29.66
18/09/2026,13:05:16,26.60,59.00,29.67
18/09/2026,13:06:30,26.60,59.00,29.67
18/09/2026,13:07:41,26.60,59.00,29.67
18/09/2026,13:08:52,26.61,59.04,29.69
18/09/2026,13:10:03,26.62,59.00,29.70
18/09/2026,13:11:14,26.60,59.00,29.68
18/09/2026,13:12:27,26.66,59.00,29.75
18/09/2026,13:13:38,26.62,59.00,29.69
18/09/2026,13:14:49,26.60,59.76,29.77
18/09/2026,13:16:00,26.60,60.00,29.79
18/09/2026,13:17:11,26.56,60.00,29.74
18/09/2026,13:18:24,26.55,60.00,29.71
18/09/2026,13:19:35,26.56,60.00,29.73
18/09/2026,13:20:46,26.60,60.00,29.79
18/09/2026,13:21:57,26.60,60.00,29.79
18/09/2026,13:23:08,26.60,60.00,29.79
18/09/2026,13:24:21,26.60,60.00,29.79
18/09/2026,13:25:32,26.60,60.00,29.79
18/09/2026,13:26:43,26.61,60.00,29.81
18/09/2026,13:27:54,26.60,60.00,29.80
18/09/2026,13:29:05,26.60,60.00,29.79
18/09/2026,13:30:18,26.60,60.00,29.79
18/09/2026,13:31:29,26.60,60.00,29.79
18/09/2026,13:32:40,26.59,60.00,29.77
18/09/2026,13:33:51,26.59,60.00,29.78
18/09/2026,13:35:02,26.60,60.00,29.79
18/09/2026,13:36:15,26.60,60.00,29.79
18/09/2026,13:37:26,26.61,60.00,29.80
18/09/2026,13:38:37,26.60,60.00,29.80
18/09/2026,13:39:48,26.60,60.00,29.79
18/09/2026,13:40:59,26.60,60.00,29.79
18/09/2026,13:42:12,26.60,60.00,29.79
18/09/2026,13:43:23,26.60,60.00,29.79
18/09/2026,13:44:34,26.60,60.00,29.80
18/09/2026,13:45:45,26.60,60.00,29.79
18/09/2026,13:46:56,26.60,60.00,29.79
18/09/2026,13:48:09,26.60,60.00,29.79
18/09/2026,13:49:20,26.60,60.00,29.80
18/09/2026,13:50:31,26.60,60.00,29.80
18/09/2026,13:51:42,26.60,60.00,29.79
18/09/2026,13:52:53,26.60,60.04,29.80
18/09/2026,13:54:06,26.62,60.04,29.82
18/09/2026,13:55:17,26.63,60.00,29.84
18/09/2026,13:56:28,26.68,60.00,29.91
18/09/2026,13:57:39,26.70,60.04,29.93
18/09/2026,13:58:50,26.70,60.38,29.98
18/09/2026,14:00:06,26.70,60.04,29.94
18/09/2026,14:01:17,26.70,60.00,29.94
18/09/2026,14:02:28,26.70,60.00,29.94
18/09/2026,14:03:39,26.70,60.00,29.94
18/09/2026,14:04:50,26.70,60.00,29.94
18/09/2026,14:06:03,26.70,60.00,29.94
18/09/2026,14:07:14,26.71,60.89,30.05
18/09/2026,14:08:25,26.73,61.00,30.10
18/09/2026,14:09:36,26.70,60.76,30.03
18/09/2026,14:10:47,26.70,60.77,30.03
18/09/2026,14:12:00,26.70,60.77,30.03
18/09/2026,14:13:11,26.70,60.08,29.95
18/09/2026,14:14:22,26.70,60.00,29.94
18/09/2026,14:15:33,26.73,60.00,29.98
18/09/2026,14:16:44,26.80,60.00,30.07
18/09/2026,14:17:57,26.80,60.00,30.08
18/09/2026,14:19:08,26.81,60.04,30.10
18/09/2026,14:20:19,26.85,60.08,30.16
18/09/2026,14:21:30,26.82,60.40,30.16
18/09/2026,14:22:40,26.78,61.00,30.18
18/09/2026,14:23:55,26.70,61.00,30.06
18/09/2026,14:25:06,26.70,61.00,30.06
18/09/2026,14:26:17,26.70,61.00,30.06
18/09/2026,14:27:28,26.70,61.00,30.06
18/09/2026,14:28:39,26.69,61.00,30.04
18/09/2026,14:29:53,26.62,61.00,29.94
18/09/2026,14:31:04,26.61,61.00,29.92
18/09/2026,14:32:15,26.60,61.00,29.91
18/09/2026,14:33:26,26.60,61.00,29.91
18/09/2026,14:34:37,26.60,61.00,29.92
18/09/2026,14:35:50,26.62,61.00,29.94
18/09/2026,14:37:01,26.66,61.00,29.99
18/09/2026,14:38:12,26.63,61.00,29.96
18/09/2026,14:39:23,26.63,61.00,29.96
18/09/2026,14:40:34,26.66,61.00,30.00
18/09/2026,14:41:47,26.69,61.00,30.04
18/09/2026,14:42:58,26.70,61.00,30.06
18/09/2026,14:44:09,26.70,61.00,30.06
18/09/2026,14:45:20,26.70,61.00,30.05
18/09/2026,14:46:31,26.70,61.08,30.06
18/09/2026,14:47:46,26.62,61.77,30.03
18/09/2026,14:48:56,26.66,62.00,30.12
18/09/2026,14:50:07,26.67,61.96,30.13
18/09/2026,14:51:18,26.70,61.93,30.17
18/09/2026,14:52:29,26.69,61.12,30.06
18/09/2026,14:58:55,26.71,62.00,30.19
18/09/2026,15:00:06,26.72,62.00,30.20
18/09/2026,15:01:17,26.72,62.00,30.20
18/09/2026,15:02:28,26.74,62.00,30.24
18/09/2026,15:03:39,26.79,62.00,30.30
18/09/2026,15:04:52,26.80,62.00,30.32
18/09/2026,15:06:03,26.82,62.00,30.35
18/09/2026,15:07:14,26.91,62.00,30.48
18/09/2026,15:08:25,26.83,62.00,30.37
18/09/2026,15:09:36,26.80,62.00,30.32
18/09/2026,15:10:49,26.71,62.00,30.19
18/09/2026,15:12:00,26.70,62.00,30.18
18/09/2026,15:13:11,26.66,62.00,30.12
18/09/2026,15:14:22,26.65,62.00,30.10
18/09/2026,15:15:33,26.67,62.00,30.13
18/09/2026,15:16:46,26.62,62.35,30.10
18/09/2026,15:17:57,26.60,63.00,30.15
18/09/2026,15:19:08,26.60,62.92,30.14
18/09/2026,15:20:19,26.60,63.00,30.15
18/09/2026,15:21:30,26.60,63.00,30.15
18/09/2026,15:22:43,26.60,63.00,30.15
18/09/2026,15:23:54,26.60,63.00,30.15
18/09/2026,15:25:05,26.60,63.00,30.15
18/09/2026,15:26:16,26.60,63.00,30.15
18/09/2026,15:27:27,26.60,63.00,30.15
18/09/2026,15:28:40,26.60,63.00,30.15
18/09/2026,15:29:51,26.61,63.00,30.16
18/09/2026,15:31:02,26.60,63.00,30.15
18/09/2026,15:32:13,26.60,63.00,30.16
18/09/2026,15:33:24,26.60,63.00,30.15
18/09/2026,15:34:38,26.60,63.00,30.15
18/09/2026,15:35:49,26.60,63.00,30.15
18/09/2026,15:37:00,26.60,63.48,30.21
18/09/2026,15:38:11,26.60,64.00,30.27
18/09/2026,15:39:22,26.60,64.00,30.27
18/09/2026,15:40:36,26.60,64.00,30.27
18/09/2026,15:41:47,26.59,64.00,30.26
18/09/2026,15:42:58,26.60,64.00,30.27
18/09/2026,15:44:09,26.58,64.00,30.24
18/09/2026,15:45:20,26.56,64.00,30.21
18/09/2026,15:46:33,26.54,64.00,30.18
18/09/2026,15:47:44,26.51,64.00,30.14
18/09/2026,15:48:55,26.50,64.00,30.13
18/09/2026,15:50:06,26.50,64.32,30.17
18/09/2026,15:51:17,26.50,65.00,30.24
18/09/2026,15:52:30,26.50,65.00,30.24
18/09/2026,15:53:41,26.49,65.00,30.23
18/09/2026,15:54:52,26.50,65.00,30.24
18/09/2026,15:56:03,26.51,65.00,30.26
18/09/2026,15:57:14,26.50,65.00,30.25
18/09/2026,15:58:28,26.50,65.00,30.24
18/09/2026,15:59:39,26.55,65.00,30.32
18/09/2026,16:00:50,26.57,65.00,30.35
18/09/2026,16:02:01,26.51,65.00,30.26
18/09/2026,16:03:11,26.50,65.00,30.25
18/09/2026,16:04:25,26.57,65.00,30.34
18/09/2026,16:05:36,26.59,65.00,30.38
18/09/2026,16:06:47,26.60,65.00,30.39
18/09/2026,16:07:58,26.60,65.00,30.39
18/09/2026,16:09:09,26.60,65.00,30.40
18/09/2026,16:10:22,26.60,65.00,30.39
18/09/2026,16:11:33,26.60,65.00,30.39
18/09/2026,16:12:44,26.60,65.00,30.39
18/09/2026,16:13:55,26.59,65.00,30.37
18/09/2026,16:15:06,26.59,65.71,30.46
18/09/2026,16:16:19,26.57,66.00,30.47
18/09/2026,16:17:30,26.54,66.00,30.43
18/09/2026,16:18:41,26.57,66.00,30.47
18/09/2026,16:19:52,26.57,66.00,30.47
18/09/2026,16:21:03,26.58,66.00,30.49
18/09/2026,16:22:18,26.60,66.00,30.51
18/09/2026,16:23:29,26.60,66.00,30.51
18/09/2026,16:24:40,26.59,66.00,30.49
18/09/2026,16:25:50,26.57,66.00,30.47
18/09/2026,16:27:01,26.56,66.00,30.45
18/09/2026,16:28:15,26.54,66.00,30.42
18/09/2026,16:29:26,26.51,66.00,30.38
18/09/2026,16:30:37,26.52,66.00,30.39
18/09/2026,16:31:48,26.51,66.00,30.38
18/09/2026,16:32:59,26.52,66.00,30.39
18/09/2026,16:34:12,26.52,66.00,30.39
18/09/2026,16:35:23,26.50,66.00,30.37
18/09/2026,16:36:34,26.50,66.00,30.37
18/09/2026,16:37:45,26.50,66.04,30.37
18/09/2026,16:38:56,26.50,66.00,30.36
18/09/2026,16:40:09,26.52,66.00,30.40
18/09/2026,16:41:20,26.55,66.00,30.44
18/09/2026,16:42:31,26.60,66.00,30.51
18/09/2026,16:43:42,26.58,66.00,30.49
18/09/2026,16:44:53,26.60,66.00,30.51
18/09/2026,16:46:06,26.60,66.00,30.51
18/09/2026,16:47:17,26.60,66.00,30.52
18/09/2026,16:48:28,26.60,66.81,30.60
18/09/2026,16:49:39,26.52,67.00,30.52
18/09/2026,16:50:50,26.50,67.00,30.48
18/09/2026,16:52:05,26.50,66.92,30.47
18/09/2026,16:53:16,26.50,67.00,30.48
18/09/2026,16:54:26,26.50,67.00,30.48
18/09/2026,16:55:37,26.50,67.00,30.48
18/09/2026,16:56:48,26.50,67.00,30.48
18/09/2026,16:58:02,26.49,67.00,30.46
18/09/2026,16:59:13,26.50,67.00,30.48
18/09/2026,17:00:24,26.50,67.00,30.49
18/09/2026,17:01:35,26.49,67.00,30.46
18/09/2026,17:02:46,26.44,67.00,30.40
18/09/2026,17:03:59,26.54,67.00,30.54
18/09/2026,17:05:10,26.50,67.00,30.48
18/09/2026,17:06:21,26.52,67.00,30.51
18/09/2026,17:07:32,26.59,67.00,30.62
18/09/2026,17:08:43,26.60,67.00,30.63
18/09/2026,17:09:57,26.57,67.00,30.59
18/09/2026,17:11:08,26.53,66.04,30.41
18/09/2026,17:12:19,26.49,66.04,30.36
18/09/2026,17:13:30,26.44,66.80,30.37
18/09/2026,17:14:41,26.40,66.50,30.28
18/09/2026,17:15:54,26.40,66.00,30.21
18/09/2026,17:17:05,26.39,66.00,30.21
18/09/2026,17:18:16,26.40,66.00,30.22
18/09/2026,17:19:27,26.40,66.00,30.21
18/09/2026,17:20:38,26.40,66.00,30.22
18/09/2026,17:21:52,26.36,66.00,30.16
18/09/2026,17:23:03,26.30,66.00,30.08
18/09/2026,17:24:14,26.30,66.00,30.08
18/09/2026,17:25:24,26.30,66.00,30.07
18/09/2026,17:26:35,26.30,66.00,30.07
18/09/2026,17:27:49,26.30,66.00,30.07
18/09/2026,17:29:00,26.30,66.00,30.07
18/09/2026,17:30:11,26.30,66.00,30.07
18/09/2026,17:31:22,26.30,66.00,30.07
18/09/2026,17:32:33,26.30,66.00,30.08
18/09/2026,17:33:46,26.31,66.00,30.08
18/09/2026,17:34:57,26.30,66.00,30.06
18/09/2026,17:36:08,26.30,66.00,30.07
18/09/2026,17:37:19,26.30,66.00,30.07
18/09/2026,17:38:30,26.30,66.00,30.07
18/09/2026,17:39:43,26.30,66.00,30.08
18/09/2026,17:40:54,26.29,66.00,30.06
18/09/2026,17:42:05,26.30,66.00,30.07
18/09/2026,17:43:16,26.28,66.00,30.04
18/09/2026,17:44:27,26.24,66.00,29.98
18/09/2026,17:45:41,26.28,66.00,30.04
18/09/2026,17:46:52,26.28,66.00,30.04
18/09/2026,17:48:03,26.28,66.00,30.04
18/09/2026,17:49:14,26.22,66.00,29.95
18/09/2026,17:50:25,26.20,66.00,29.93
18/09/2026,17:51:38,26.21,66.00,29.94
18/09/2026,17:52:49,26.27,66.00,30.03
18/09/2026,17:54:00,26.30,66.00,30.07
18/09/2026,17:55:11,26.28,66.04,30.04
18/09/2026,17:56:22,26.24,66.04,29.99
18/09/2026,17:57:35,26.20,66.00,29.93
18/09/2026,17:58:46,26.21,66.00,29.94
18/09/2026,17:59:57,26.20,66.00,29.92
18/09/2026,18:01:08,26.21,66.00,29.93
18/09/2026,18:02:19,26.20,66.00,29.92
18/09/2026,18:03:32,26.20,66.92,30.04
18/09/2026,18:04:43,26.20,67.00,30.04
18/09/2026,18:05:54,26.20,66.96,30.03
18/09/2026,18:07:05,26.20,66.93,30.03
18/09/2026,18:08:16,26.20,66.91,30.02
18/09/2026,18:09:29,26.20,66.78,30.01
18/09/2026,18:10:40,26.16,67.00,29.98
18/09/2026,18:11:51,26.11,67.08,29.92
18/09/2026,18:13:02,26.10,67.96,30.01
18/09/2026,18:14:13,26.10,68.00,30.00
18/09/2026,18:15:26,26.05,68.00,29.94
18/09/2026,18:16:37,26.06,68.00,29.95
18/09/2026,18:17:48,26.07,68.00,29.96
18/09/2026,18:18:59,26.07,68.00,29.96
18/09/2026,18:20:10,26.03,68.00,29.91
18/09/2026,18:21:23,26.00,68.00,29.87
18/09/2026,18:22:34,26.01,68.12,29.89
18/09/2026,18:23:45,26.04,69.00,30.04
18/09/2026,18:24:56,26.08,69.00,30.10
18/09/2026,18:26:07,26.10,69.23,30.15
18/09/2026,18:27:21,26.10,69.46,30.18
18/09/2026,18:28:32,26.10,69.00,30.13
18/09/2026,18:29:43,26.10,69.00,30.13
18/09/2026,18:30:54,26.09,69.00,30.11
18/09/2026,18:32:05,26.07,69.00,30.08
18/09/2026,18:33:19,26.03,69.00,30.02
18/09/2026,18:34:30,26.00,69.00,29.98
18/09/2026,18:35:41,26.00,69.00,29.98
18/09/2026,18:36:52,25.99,69.00,29.96
18/09/2026,18:38:02,26.00,69.00,29.98
18/09/2026,18:39:16,26.01,69.00,29.99
18/09/2026,18:40:27,26.00,69.00,29.98
18/09/2026,18:41:38,26.01,69.00,29.99
18/09/2026,18:42:49,26.00,69.00,29.98
18/09/2026,18:44:00,26.00,69.00,29.98
18/09/2026,18:45:13,26.00,69.00,29.98
18/09/2026,18:46:24,26.00,69.00,29.98
18/09/2026,18:47:35,25.99,69.00,29.96
18/09/2026,18:48:46,25.97,69.00,29.94
18/09/2026,18:49:57,26.00,69.00,29.98
18/09/2026,18:51:10,26.00,69.00,29.98
18/09/2026,18:52:21,26.03,69.00,30.02
18/09/2026,18:53:32,26.04,69.00,30.04
18/09/2026,18:54:43,26.01,69.00,29.99
18/09/2026,18:55:54,26.00,69.00,29.98
18/09/2026,18:57:07,25.92,68.58,29.81
18/09/2026,18:58:18,25.90,68.22,29.73
18/09/2026,18:59:29,25.90,68.00,29.71
18/09/2026,19:00:40,25.89,68.21,29.72
18/09/2026,19:01:51,25.90,68.54,29.78
18/09/2026,19:03:05,25.92,68.84,29.84
18/09/2026,19:04:16,25.91,68.92,29.83
18/09/2026,19:05:27,25.91,68.50,29.78
18/09/2026,19:06:38,25.92,68.00,29.74
18/09/2026,19:07:49,25.92,68.00,29.75
18/09/2026,19:09:02,25.90,68.00,29.72
18/09/2026,19:10:13,25.92,68.00,29.74
18/09/2026,19:11:24,25.91,68.00,29.72
18/09/2026,19:12:35,25.90,68.00,29.71
18/09/2026,19:13:46,25.89,68.00,29.70
18/09/2026,19:14:59,25.90,68.00,29.71
18/09/2026,19:16:10,25.89,68.00,29.70
18/09/2026,19:17:21,25.90,68.00,29.71
18/09/2026,19:18:32,25.90,68.00,29.71
18/09/2026,19:19:43,25.90,68.00,29.71
18/09/2026,19:20:56,25.89,68.00,29.70
18/09/2026,19:22:07,25.88,68.00,29.69
18/09/2026,19:23:18,25.89,69.00,29.82
18/09/2026,19:24:29,25.89,69.00,29.81
18/09/2026,19:25:40,25.90,68.83,29.80
18/09/2026,19:26:53,25.90,68.78,29.80
18/09/2026,19:28:04,25.90,68.96,29.82
18/09/2026,19:29:15,25.90,69.00,29.83
18/09/2026,19:30:26,25.89,68.31,29.73
18/09/2026,19:31:37,25.89,68.00,29.70
18/09/2026,19:32:50,25.82,68.00,29.59
18/09/2026,19:34:01,25.81,68.00,29.58
18/09/2026,19:35:12,25.80,68.12,29.58
18/09/2026,19:36:23,25.80,68.92,29.67
18/09/2026,19:37:34,25.81,68.96,29.69
18/09/2026,19:38:47,25.80,69.00,29.69
18/09/2026,19:39:58,25.80,69.00,29.69
18/09/2026,19:41:09,25.80,69.00,29.68
18/09/2026,19:42:20,25.80,69.00,29.67
18/09/2026,19:43:31,25.80,69.00,29.68
18/09/2026,19:44:44,25.80,69.00,29.68
18/09/2026,19:45:55,25.78,69.00,29.65
18/09/2026,19:47:06,25.78,69.00,29.65
18/09/2026,19:48:17,25.78,69.00,29.65
18/09/2026,19:49:28,25.79,69.00,29.67
18/09/2026,19:50:43,25.80,69.00,29.68
18/09/2026,19:51:54,25.80,69.00,29.68
18/09/2026,19:53:05,25.80,68.70,29.65
18/09/2026,19:54:16,25.81,69.00,29.69
18/09/2026,19:55:27,25.80,69.00,29.69
18/09/2026,19:56:40,25.81,69.00,29.69
18/09/2026,19:57:51,25.80,69.00,29.68
18/09/2026,19:59:02,25.80,69.00,29.68
18/09/2026,20:00:13,25.80,69.00,29.68
18/09/2026,20:01:24,25.80,69.00,29.68
18/09/2026,20:02:37,25.80,68.96,29.68
18/09/2026,20:03:48,25.81,68.00,29.58
18/09/2026,20:04:59,25.83,68.00,29.61
18/09/2026,20:06:10,25.83,68.00,29.61
18/09/2026,20:07:21,25.88,68.00,29.68
18/09/2026,20:08:35,25.82,68.00,29.60
18/09/2026,20:09:46,25.80,68.00,29.57
18/09/2026,20:10:57,25.80,68.00,29.57
18/09/2026,20:12:07,25.81,68.00,29.58
18/09/2026,20:13:18,25.82,68.21,29.61
18/09/2026,20:14:32,25.80,68.92,29.66
18/09/2026,20:15:43,25.80,69.00,29.68
18/09/2026,20:16:54,25.80,69.00,29.68
18/09/2026,20:18:05,25.80,68.88,29.67
18/09/2026,20:19:16,25.81,68.17,29.60
18/09/2026,20:20:29,25.81,68.00,29.58
18/09/2026,20:21:40,25.81,68.00,29.58
18/09/2026,20:22:51,25.81,68.00,29.58
18/09/2026,20:24:02,25.80,68.00,29.57
18/09/2026,20:25:13,25.81,68.00,29.58
18/09/2026,20:26:26,25.87,68.00,29.66
18/09/2026,20:27:37,25.90,68.00,29.71
18/09/2026,20:28:48,25.90,68.04,29.72
18/09/2026,20:29:59,25.90,68.28,29.74
18/09/2026,20:31:10,25.89,68.78,29.79
18/09/2026,20:32:24,25.87,69.00,29.79
18/09/2026,20:33:35,25.87,69.00,29.79
18/09/2026,20:34:46,25.89,69.00,29.82
18/09/2026,20:35:57,25.90,69.00,29.82
18/09/2026,20:37:08,25.89,69.00,29.81
18/09/2026,20:39:50,25.84,69.00,29.75
18/09/2026,20:41:01,25.88,69.00,29.80
18/09/2026,20:42:12,25.89,69.00,29.81
18/09/2026,20:43:23,25.89,69.00,29.81
18/09/2026,20:44:34,25.89,69.00,29.82
18/09/2026,20:45:47,25.90,69.00,29.83
18/09/2026,20:46:58,25.90,69.00,29.83
18/09/2026,20:48:09,25.90,69.00,29.83
18/09/2026,20:49:20,25.90,69.00,29.83
18/09/2026,20:50:31,25.90,69.00,29.83
18/09/2026,20:51:44,25.90,68.96,29.83
18/09/2026,20:52:55,25.91,68.85,29.83
18/09/2026,20:54:06,25.90,69.00,29.83
18/09/2026,20:55:17,25.90,69.00,29.83
18/09/2026,20:56:28,25.90,69.00,29.83
18/09/2026,20:57:41,25.90,69.00,29.83
18/09/2026,20:58:52,25.90,69.00,29.83
18/09/2026,21:00:03,25.91,69.00,29.85
18/09/2026,21:01:14,25.90,69.00,29.83
18/09/2026,21:02:25,25.92,68.96,29.85
18/09/2026,21:03:39,25.95,68.88,29.88
18/09/2026,21:04:49,25.96,68.84,29.89
18/09/2026,21:06:00,25.98,68.70,29.91
18/09/2026,21:07:11,26.00,68.85,29.95
18/09/2026,21:08:22,26.00,69.00,29.97
18/09/2026,21:09:36,26.00,68.96,29.97
18/09/2026,21:10:46,26.00,69.00,29.97
18/09/2026,21:11:57,26.00,68.96,29.97
18/09/2026,21:13:08,25.97,69.00,29.94
18/09/2026,21:14:19,26.00,68.96,29.97
18/09/2026,21:15:33,26.00,69.00,29.98
18/09/2026,21:16:44,26.00,68.96,29.97
18/09/2026,21:17:54,26.00,68.96,29.97
18/09/2026,21:19:05,26.01,69.00,29.99
18/09/2026,21:20:16,26.00,69.00,29.98
18/09/2026,21:21:30,26.00,69.00,29.98
18/09/2026,21:22:41,26.00,69.00,29.98
18/09/2026,21:23:52,26.00,69.00,29.98
18/09/2026,21:25:02,26.02,69.00,30.01
18/09/2026,21:26:13,26.04,69.00,30.03
18/09/2026,21:27:27,26.08,69.00,30.09
18/09/2026,21:28:38,26.08,69.00,30.10
18/09/2026,21:29:49,26.10,69.00,30.12
18/09/2026,21:31:00,26.10,69.00,30.12
18/09/2026,21:32:11,26.07,69.00,30.09
18/09/2026,21:33:24,26.10,69.00,30.12
18/09/2026,21:34:35,26.10,69.00,30.13
18/09/2026,21:35:46,26.08,69.00,30.10
18/09/2026,21:36:57,26.10,69.00,30.13
18/09/2026,21:38:08,26.11,69.00,30.14
18/09/2026,21:39:22,26.11,69.00,30.14
18/09/2026,21:40:33,26.11,69.00,30.14
18/09/2026,21:41:44,26.11,69.00,30.14
18/09/2026,21:42:55,26.10,69.00,30.13
18/09/2026,21:44:06,26.12,69.00,30.16
18/09/2026,21:45:19,26.12,69.00,30.15
18/09/2026,21:46:30,26.11,69.00,30.14
18/09/2026,21:47:41,26.13,69.00,30.17
18/09/2026,21:48:52,26.14,69.00,30.19
18/09/2026,21:50:03,26.13,69.00,30.17
18/09/2026,21:51:16,26.17,69.00,30.22
18/09/2026,21:52:27,26.18,69.00,30.25
18/09/2026,21:53:38,26.18,69.00,30.24
18/09/2026,21:54:49,26.19,69.00,30.26
18/09/2026,21:56:00,26.20,69.00,30.27
18/09/2026,21:57:14,26.20,69.00,30.27
18/09/2026,21:58:25,26.20,69.00,30.27
18/09/2026,21:59:36,26.19,69.00,30.26
18/09/2026,22:00:47,26.19,69.00,30.26
18/09/2026,22:01:58,26.20,69.00,30.27
18/09/2026,22:03:11,26.20,69.00,30.27
18/09/2026,22:04:22,26.19,69.00,30.26
18/09/2026,22:05:33,26.18,69.00,30.25
18/09/2026,22:06:44,26.18,69.00,30.25
18/09/2026,22:07:55,26.18,69.00,30.24
18/09/2026,22:09:08,26.16,69.00,30.22
18/09/2026,22:10:19,26.17,69.00,30.23
18/09/2026,22:11:30,26.11,69.00,30.14
18/09/2026,22:12:41,26.14,69.00,30.18
18/09/2026,22:13:52,26.13,69.00,30.17
18/09/2026,22:15:06,26.13,69.00,30.17
18/09/2026,22:16:17,26.13,69.00,30.17
18/09/2026,22:17:27,26.12,69.00,30.16
18/09/2026,22:18:38,26.17,69.00,30.23
18/09/2026,22:19:49,26.15,69.00,30.20
18/09/2026,22:21:03,26.16,69.00,30.22
18/09/2026,22:22:14,26.19,69.00,30.26
18/09/2026,22:23:25,26.17,69.04,30.24
18/09/2026,22:24:36,26.19,69.00,30.26
18/09/2026,22:25:46,26.17,69.00,30.23
18/09/2026,22:27:01,26.12,69.00,30.16
18/09/2026,22:28:12,26.13,69.00,30.17
18/09/2026,22:29:23,26.14,69.00,30.19
18/09/2026,22:30:34,26.15,69.00,30.20
18/09/2026,22:31:45,26.15,69.04,30.21
18/09/2026,22:32:58,26.18,69.00,30.24
18/09/2026,22:34:09,26.18,69.00,30.25
18/09/2026,22:35:20,26.19,69.00,30.26
18/09/2026,22:36:31,26.18,69.00,30.24
18/09/2026,22:37:42,26.19,69.00,30.26
18/09/2026,22:38:56,26.20,69.00,30.27
18/09/2026,22:40:06,26.20,69.00,30.27
18/09/2026,22:41:17,26.20,69.00,30.27
18/09/2026,22:42:28,26.20,69.00,30.27
18/09/2026,22:43:39,26.20,69.00,30.27
18/09/2026,22:44:53,26.20,69.00,30.27
18/09/2026,22:46:04,26.20,69.00,30.27
18/09/2026,22:47:14,26.20,69.00,30.27
18/09/2026,22:48:25,26.20,69.00,30.27
18/09/2026,22:49:36,26.19,69.00,30.26
18/09/2026,22:50:50,26.20,69.00,30.27
18/09/2026,22:52:01,26.20,69.00,30.27
18/09/2026,22:53:12,26.20,69.00,30.27
18/09/2026,22:54:23,26.20,69.00,30.27
18/09/2026,22:55:34,26.19,69.00,30.26
18/09/2026,22:56:47,26.18,69.00,30.25
18/09/2026,22:57:58,26.20,69.33,30.31
18/09/2026,22:59:09,26.20,69.77,30.36
18/09/2026,23:00:20,26.20,69.42,30.32
18/09/2026,23:01:31,26.20,69.42,30.32
18/09/2026,23:02:44,26.20,69.84,30.37
18/09/2026,23:03:55,26.19,69.96,30.37
18/09/2026,23:05:06,26.20,69.89,30.38
18/09/2026,23:06:17,26.19,69.54,30.32
18/09/2026,23:07:28,26.20,69.12,30.29
18/09/2026,23:08:42,26.20,69.71,30.36
18/09/2026,23:09:52,26.20,69.58,30.34
18/09/2026,23:11:03,26.20,69.54,30.34
18/09/2026,23:12:14,26.20,69.63,30.35
18/09/2026,23:13:25,26.20,69.00,30.27
18/09/2026,23:14:39,26.20,69.08,30.28
18/09/2026,23:15:50,26.20,69.88,30.38
18/09/2026,23:17:01,26.20,69.96,30.39
18/09/2026,23:18:12,26.20,69.88,30.38
18/09/2026,23:19:23,26.20,69.92,30.38
18/09/2026,23:20:36,26.20,69.78,30.36
18/09/2026,23:21:47,26.20,69.15,30.29
18/09/2026,23:22:58,26.20,69.19,30.29
18/09/2026,23:24:09,26.20,69.00,30.27
18/09/2026,23:25:20,26.20,69.00,30.27
18/09/2026,23:26:33,26.20,69.00,30.27
18/09/2026,23:27:44,26.20,69.00,30.27
18/09/2026,23:28:55,26.20,69.00,30.27
18/09/2026,23:30:06,26.20,69.00,30.27
18/09/2026,23:31:17,26.19,69.00,30.26
18/09/2026,23:32:30,26.20,69.00,30.27
18/09/2026,23:33:41,26.18,69.00,30.24
18/09/2026,23:34:52,26.18,69.00,30.25
18/09/2026,23:36:03,26.19,69.00,30.26
18/09/2026,23:37:14,26.18,69.00,30.25
18/09/2026,23:38:27,26.16,69.00,30.21
18/09/2026,23:39:38,26.15,69.00,30.19
18/09/2026,23:40:49,26.16,69.00,30.22
18/09/2026,23:42:00,26.18,69.00,30.25
18/09/2026,23:43:11,26.15,69.00,30.20
18/09/2026,23:44:24,26.17,69.00,30.23
18/09/2026,23:45:35,26.19,69.00,30.26
18/09/2026,23:46:46,26.17,69.00,30.23
18/09/2026,23:47:57,26.19,69.00,30.25
18/09/2026,23:49:08,26.18,69.00,30.24
18/09/2026,23:50:21,26.13,69.00,30.17
18/09/2026,23:51:32,26.17,69.00,30.23
18/09/2026,23:52:43,26.18,69.00,30.24
18/09/2026,23:53:54,26.15,69.00,30.21
18/09/2026,23:55:05,26.13,69.00,30.17
18/09/2026,23:56:19,26.11,69.00,30.14
18/09/2026,23:57:30,26.12,69.00,30.16
18/09/2026,23:58:41,26.11,69.00,30.14
18/09/2026,23:59:52,26.15,69.00,30.20
19/09/2026,00:01:02,26.13,69.00,30.16
19/09/2026,00:02:16,26.16,69.00,30.21
19/09/2026,00:03:27,26.13,69.00,30.17
19/09/2026,00:04:38,26.14,69.00,30.19
19/09/2026,00:05:49,26.15,69.00,30.20
19/09/2026,00:07:00,26.14,69.00,30.18
19/09/2026,00:08:13,26.15,69.04,30.20
19/09/2026,00:09:24,26.16,69.00,30.22
19/09/2026,00:10:35,26.12,69.00,30.16
19/09/2026,00:11:46,26.17,69.00,30.23
19/09/2026,00:12:57,26.16,69.00,30.21
19/09/2026,00:14:10,26.12,69.00,30.15
19/09/2026,00:15:21,26.12,69.00,30.15
19/09/2026,00:16:32,26.14,69.00,30.19
19/09/2026,00:17:43,26.12,69.00,30.15
19/09/2026,00:18:54,26.10,69.00,30.13
19/09/2026,00:20:07,26.10,69.00,30.13
19/09/2026,00:21:18,26.10,69.00,30.13
19/09/2026,00:22:29,26.10,69.00,30.13
19/09/2026,00:23:40,26.10,69.00,30.12
19/09/2026,00:24:51,26.10,69.00,30.13
19/09/2026,00:26:04,26.09,69.00,30.11
19/09/2026,00:27:15,26.10,69.00,30.12
19/09/2026,00:28:26,26.10,69.00,30.12
19/09/2026,00:29:37,26.10,69.00,30.13
19/09/2026,00:30:48,26.10,69.00,30.13
19/09/2026,00:32:01,26.10,69.00,30.13
19/09/2026,00:33:12,26.10,69.00,30.12
19/09/2026,00:34:23,26.09,69.00,30.11
19/09/2026,00:35:34,26.08,69.00,30.10
19/09/2026,00:36:45,26.07,69.00,30.09
19/09/2026,00:37:58,26.09,69.00,30.11
19/09/2026,00:39:09,26.07,69.00,30.07
19/09/2026,00:40:20,26.07,69.00,30.08
19/09/2026,00:41:31,26.06,69.00,30.06
19/09/2026,00:42:42,26.06,69.00,30.06
19/09/2026,00:43:55,26.05,69.00,30.06
19/09/2026,00:45:06,26.02,69.00,30.01
19/09/2026,00:46:17,26.04,69.00,30.04
19/09/2026,00:47:28,26.03,69.00,30.02
19/09/2026,00:48:39,26.04,69.00,30.03
19/09/2026,00:49:52,26.05,69.00,30.04
19/09/2026,00:51:03,26.05,69.00,30.05
19/09/2026,00:52:14,26.07,69.00,30.09
19/09/2026,00:53:25,26.05,69.00,30.04
19/09/2026,00:54:36,26.04,69.00,30.04
19/09/2026,00:55:50,26.02,69.00,30.00
19/09/2026,00:57:00,26.03,69.00,30.02
19/09/2026,00:58:11,26.01,69.00,30.00
19/09/2026,00:59:22,26.01,69.00,29.99
19/09/2026,01:00:33,26.03,69.00,30.02
19/09/2026,01:01:47,26.02,69.00,30.00
19/09/2026,01:02:58,26.01,69.00,30.00
19/09/2026,01:04:09,26.01,69.00,29.99
19/09/2026,01:05:20,26.00,69.00,29.98
19/09/2026,01:06:31,26.02,69.00,30.00
19/09/2026,01:07:44,26.02,69.00,30.00
19/09/2026,01:08:55,26.02,69.00,30.01
19/09/2026,01:10:06,26.02,69.00,30.00
19/09/2026,01:11:17,26.01,69.00,29.99
19/09/2026,01:12:28,26.00,69.00,29.98
19/09/2026,01:13:41,26.00,69.00,29.98
19/09/2026,01:14:52,26.00,69.00,29.98
19/09/2026,01:16:03,26.00,69.00,29.98
19/09/2026,01:17:14,26.00,69.00,29.98
19/09/2026,01:18:25,26.00,69.00,29.97
19/09/2026,01:19:38,26.01,69.00,29.99
19/09/2026,01:20:49,26.00,69.00,29.98
19/09/2026,01:22:00,26.00,69.00,29.98
19/09/2026,01:23:11,26.00,69.00,29.98
19/09/2026,01:24:22,26.00,69.00,29.98
19/09/2026,01:25:35,26.00,69.00,29.98
19/09/2026,01:26:46,26.00,69.00,29.98
19/09/2026,01:27:57,26.00,69.00,29.98
19/09/2026,01:29:08,26.00,69.00,29.98
19/09/2026,01:30:19,26.00,69.00,29.98
19/09/2026,01:31:32,26.00,69.00,29.98
19/09/2026,01:32:43,26.00,69.00,29.98
19/09/2026,01:33:54,25.99,69.00,29.96
19/09/2026,01:35:05,26.00,69.00,29.98
19/09/2026,01:36:16,26.00,69.00,29.98
19/09/2026,01:37:29,26.00,69.00,29.98
19/09/2026,01:38:40,26.00,69.00,29.97
19/09/2026,01:39:51,26.00,69.00,29.97
19/09/2026,01:41:02,26.00,69.00,29.98
19/09/2026,01:42:13,25.99,69.00,29.96
19/09/2026,01:43:26,26.00,69.00,29.98
19/09/2026,01:44:37,26.00,69.00,29.97
19/09/2026,01:45:48,25.99,69.00,29.96
19/09/2026,01:46:59,25.99,69.00,29.96
19/09/2026,01:48:10,26.00,69.00,29.97
19/09/2026,01:49:23,25.99,69.00,29.96
19/09/2026,01:50:34,25.99,69.00,29.97
19/09/2026,01:51:45,25.98,69.00,29.95
19/09/2026,01:52:56,25.98,69.00,29.95
19/09/2026,01:54:07,25.99,69.00,29.96
19/09/2026,01:55:21,25.98,69.00,29.95
19/09/2026,01:56:32,26.00,69.00,29.97
19/09/2026,01:57:42,26.00,69.00,29.98
19/09/2026,01:58:53,25.98,69.00,29.95
19/09/2026,02:00:04,25.97,69.00,29.93
19/09/2026,02:01:18,25.99,69.00,29.96
19/09/2026,02:02:29,25.97,69.00,29.94
19/09/2026,02:03:40,25.99,69.00,29.96
19/09/2026,02:04:51,25.99,69.00,29.96
19/09/2026,02:06:02,25.97,69.00,29.93
19/09/2026,02:07:15,25.98,69.00,29.95
19/09/2026,02:08:26,25.98,69.00,29.95
19/09/2026,02:09:37,25.97,69.00,29.94
19/09/2026,02:10:48,25.97,69.00,29.93
19/09/2026,02:11:59,25.98,69.00,29.94
19/09/2026,02:13:12,26.02,68.96,30.00
19/09/2026,02:14:23,25.95,69.00,29.91
19/09/2026,02:15:34,25.94,69.00,29.88
19/09/2026,02:16:45,25.93,69.00,29.87
19/09/2026,02:17:56,25.95,69.00,29.90
19/09/2026,02:19:10,25.98,69.00,29.95
19/09/2026,02:20:21,25.99,69.00,29.96
19/09/2026,02:21:32,25.96,68.96,29.92
19/09/2026,02:22:42,25.95,69.00,29.90
19/09/2026,02:23:53,25.91,69.00,29.85
19/09/2026,02:25:07,25.93,69.00,29.87
19/09/2026,02:26:18,25.97,69.00,29.93
19/09/2026,02:27:29,25.91,69.00,29.84
19/09/2026,02:28:40,25.90,69.00,29.83
19/09/2026,02:29:50,25.91,69.00,29.85
19/09/2026,02:31:04,25.91,69.00,29.85
19/09/2026,02:32:15,25.91,69.00,29.84
19/09/2026,02:33:26,25.90,69.00,29.83
19/09/2026,02:34:37,25.93,69.00,29.87
19/09/2026,02:35:48,25.92,69.00,29.85
19/09/2026,02:37:01,25.92,69.00,29.86
19/09/2026,02:38:12,25.92,69.00,29.85
19/09/2026,02:39:23,25.92,69.00,29.85
19/09/2026,02:40:34,25.96,69.00,29.92
19/09/2026,02:41:45,25.93,69.00,29.87
19/09/2026,02:42:58,25.93,69.00,29.87
19/09/2026,02:44:09,25.93,69.00,29.88
19/09/2026,02:45:20,25.90,68.96,29.83
19/09/2026,02:46:30,25.91,69.00,29.85
19/09/2026,02:47:41,25.93,69.00,29.87
19/09/2026,02:48:55,25.93,69.04,29.87
19/09/2026,02:50:05,25.92,69.00,29.85
19/09/2026,02:51:16,25.91,69.00,29.84
19/09/2026,02:52:27,25.92,68.92,29.85
19/09/2026,02:53:38,25.92,69.00,29.86
19/09/2026,02:54:52,25.93,68.84,29.86
19/09/2026,02:56:02,25.94,68.76,29.85
19/09/2026,02:57:13,25.93,68.85,29.85
19/09/2026,02:58:24,25.92,68.87,29.84
19/09/2026,02:59:35,25.91,68.93,29.84
19/09/2026,03:00:49,25.91,68.87,29.83
19/09/2026,03:02:00,25.90,68.96,29.83
19/09/2026,03:03:11,25.91,68.92,29.83
19/09/2026,03:04:22,25.90,68.96,29.83
19/09/2026,03:05:32,25.90,69.00,29.83
19/09/2026,03:06:46,25.90,68.96,29.83
19/09/2026,03:07:57,25.90,68.92,29.83
19/09/2026,03:09:08,25.90,68.96,29.83
19/09/2026,03:10:18,25.90,68.95,29.82
19/09/2026,03:11:29,25.90,69.00,29.83
19/09/2026,03:12:43,25.90,69.00,29.83
19/09/2026,03:13:54,25.90,68.92,29.83
19/09/2026,03:15:05,25.90,68.96,29.83
19/09/2026,03:16:16,25.90,69.00,29.83
19/09/2026,03:17:27,25.90,69.00,29.82
19/09/2026,03:18:40,25.90,69.00,29.83
19/09/2026,03:19:51,25.90,69.00,29.83
19/09/2026,03:21:02,25.90,69.00,29.83
19/09/2026,03:22:13,25.90,68.93,29.82
19/09/2026,03:23:24,25.90,68.91,29.81
19/09/2026,03:24:37,25.90,68.96,29.83
19/09/2026,03:25:48,25.90,68.96,29.82
19/09/2026,03:26:59,25.90,68.96,29.82
19/09/2026,03:28:10,25.90,68.91,29.82
19/09/2026,03:29:21,25.90,68.92,29.82
19/09/2026,03:30:34,25.90,68.88,29.81
19/09/2026,03:31:45,25.91,68.28,29.76
19/09/2026,03:32:56,25.90,68.04,29.72
19/09/2026,03:34:07,25.90,68.09,29.72
19/09/2026,03:35:18,25.90,68.22,29.74
19/09/2026,03:36:31,25.90,68.29,29.75
19/09/2026,03:37:42,25.90,68.70,29.79
19/09/2026,03:38:53,25.90,68.52,29.77
19/09/2026,03:40:04,25.90,68.20,29.74
19/09/2026,03:41:15,25.90,68.38,29.76
19/09/2026,03:42:28,25.90,68.61,29.78
19/09/2026,03:43:39,25.90,68.83,29.80
19/09/2026,03:44:50,25.90,68.96,29.82
19/09/2026,03:46:01,25.90,68.96,29.82
19/09/2026,03:47:12,25.90,68.91,29.82
19/09/2026,03:48:25,25.90,68.40,29.76
19/09/2026,03:49:36,25.90,68.40,29.76
19/09/2026,03:50:47,25.90,68.54,29.78
19/09/2026,03:51:58,25.90,68.92,29.82
19/09/2026,03:53:09,25.90,69.00,29.82
19/09/2026,03:54:22,25.90,69.00,29.83
19/09/2026,03:55:33,25.90,69.00,29.82
19/09/2026,03:56:44,25.90,68.92,29.82
19/09/2026,03:57:55,25.90,68.88,29.81
19/09/2026,03:59:06,25.89,68.96,29.81
19/09/2026,04:00:19,25.89,69.00,29.82
19/09/2026,04:01:30,25.87,69.00,29.78
19/09/2026,04:02:41,25.86,69.00,29.77
19/09/2026,04:03:52,25.87,69.00,29.78
19/09/2026,04:05:03,25.89,68.93,29.80
19/09/2026,04:06:16,25.90,68.77,29.80
19/09/2026,04:07:27,25.89,68.54,29.76
19/09/2026,04:08:38,25.88,68.76,29.77
19/09/2026,04:09:49,25.86,68.81,29.74
19/09/2026,04:11:00,25.87,68.31,29.71
19/09/2026,04:12:13,25.87,68.17,29.68
19/09/2026,04:13:24,25.83,68.17,29.63
19/09/2026,04:14:35,25.81,68.22,29.61
19/09/2026,04:15:46,25.83,68.15,29.62
19/09/2026,04:16:57,25.82,68.04,29.61
19/09/2026,04:18:10,25.84,68.00,29.62
19/09/2026,04:19:21,25.87,68.00,29.67
19/09/2026,04:20:32,25.84,68.00,29.63
19/09/2026,04:21:43,25.84,68.00,29.62
19/09/2026,04:22:54,25.85,68.00,29.65
19/09/2026,04:24:07,25.82,68.00,29.60
19/09/2026,04:25:18,25.82,68.00,29.60
19/09/2026,04:26:29,25.82,68.00,29.60
19/09/2026,04:27:40,25.81,68.00,29.58
19/09/2026,04:28:51,25.82,68.00,29.59
19/09/2026,04:30:04,25.85,68.00,29.64
19/09/2026,04:31:15,25.84,68.00,29.63
19/09/2026,04:32:26,25.81,68.00,29.58
19/09/2026,04:33:37,25.82,68.00,29.59
19/09/2026,04:34:48,25.82,68.00,29.60
19/09/2026,04:36:01,25.80,68.00,29.57
19/09/2026,04:37:12,25.80,68.00,29.57
19/09/2026,04:38:23,25.80,68.00,29.57
19/09/2026,04:39:34,25.81,68.00,29.58
19/09/2026,04:40:45,25.80,68.00,29.57
19/09/2026,04:41:58,25.81,68.00,29.58
19/09/2026,04:43:09,25.81,68.00,29.58
19/09/2026,04:44:20,25.84,68.00,29.63
19/09/2026,04:45:31,25.86,68.00,29.65
19/09/2026,04:46:42,25.85,68.00,29.64
19/09/2026,04:47:55,25.85,68.00,29.64
19/09/2026,04:49:06,25.89,68.00,29.70
19/09/2026,04:50:17,25.88,68.00,29.68
19/09/2026,04:51:28,25.88,68.00,29.69
19/09/2026,04:52:39,25.89,68.00,29.70
19/09/2026,04:53:52,25.87,68.00,29.67
19/09/2026,04:55:03,25.90,67.96,29.71
19/09/2026,04:56:14,25.83,68.00,29.61
19/09/2026,04:57:25,25.82,68.00,29.60
19/09/2026,04:58:36,25.80,68.00,29.57
19/09/2026,04:59:49,25.80,68.00,29.57
19/09/2026,05:01:00,25.81,68.00,29.58
19/09/2026,05:02:11,25.81,68.00,29.58
19/09/2026,05:03:22,25.81,68.00,29.58
19/09/2026,05:04:33,25.81,68.00,29.58
19/09/2026,05:05:47,25.80,68.00,29.57
19/09/2026,05:06:57,25.80,67.96,29.56
19/09/2026,05:08:08,25.80,68.00,29.57
19/09/2026,05:09:19,25.80,68.00,29.57
19/09/2026,05:10:30,25.80,68.00,29.56
19/09/2026,05:11:44,25.80,68.00,29.57
19/09/2026,05:12:54,25.80,68.00,29.57
19/09/2026,05:14:05,25.80,68.00,29.57
19/09/2026,05:15:16,25.80,68.00,29.57
19/09/2026,05:16:27,25.80,68.00,29.57
19/09/2026,05:17:41,25.80,67.60,29.52
19/09/2026,05:18:52,25.80,67.29,29.49
19/09/2026,05:20:03,25.80,67.04,29.46
19/09/2026,05:21:13,25.80,67.41,29.49
19/09/2026,05:22:24,25.80,67.84,29.55
19/09/2026,05:23:38,25.80,67.96,29.56
19/09/2026,05:24:49,25.80,67.44,29.50
19/09/2026,05:26:00,25.81,67.00,29.46
19/09/2026,05:27:11,25.82,67.27,29.51
19/09/2026,05:28:22,25.80,67.76,29.54
19/09/2026,05:29:35,25.80,67.92,29.56
19/09/2026,05:30:46,25.80,67.54,29.51
19/09/2026,05:31:57,25.80,67.28,29.48
19/09/2026,05:33:08,25.80,67.00,29.45
19/09/2026,05:34:19,25.80,67.04,29.45
19/09/2026,05:35:32,25.80,67.08,29.46
19/09/2026,05:36:43,25.80,67.08,29.46
19/09/2026,05:37:54,25.80,67.00,29.45
19/09/2026,05:39:05,25.80,67.00,29.45
19/09/2026,05:40:16,25.80,67.00,29.45
19/09/2026,05:41:29,25.80,67.00,29.45
19/09/2026,05:42:40,25.80,67.04,29.45
19/09/2026,05:43:51,25.80,67.12,29.46
19/09/2026,05:45:02,25.80,67.00,29.45
19/09/2026,05:46:13,25.80,67.00,29.46
19/09/2026,05:47:26,25.80,67.00,29.45
19/09/2026,05:48:37,25.80,67.00,29.45
19/09/2026,05:49:48,25.79,67.00,29.44
19/09/2026,05:50:59,25.80,67.00,29.46
19/09/2026,05:52:10,25.80,67.00,29.45
19/09/2026,05:53:23,25.80,67.00,29.46
19/09/2026,05:54:34,25.80,67.00,29.45
19/09/2026,05:55:45,25.80,67.00,29.45
19/09/2026,05:56:56,25.80,67.00,29.45
19/09/2026,05:58:07,25.80,67.00,29.45
19/09/2026,05:59:21,25.80,67.00,29.46
19/09/2026,06:00:32,25.80,67.00,29.45
19/09/2026,06:01:43,25.80,67.00,29.45
19/09/2026,06:02:54,25.80,67.00,29.45
19/09/2026,06:04:05,25.79,67.00,29.44
19/09/2026,06:05:18,25.80,67.00,29.45
19/09/2026,06:06:29,25.80,67.00,29.45
19/09/2026,06:07:40,25.80,67.00,29.45
19/09/2026,06:08:51,25.80,67.00,29.45
19/09/2026,06:10:02,25.80,67.00,29.45
19/09/2026,06:11:15,25.80,67.00,29.45
19/09/2026,06:12:26,25.80,67.00,29.45
19/09/2026,06:13:37,25.80,67.00,29.45
19/09/2026,06:14:48,25.80,67.00,29.45
19/09/2026,06:15:59,25.80,67.00,29.45
19/09/2026,06:17:12,25.78,67.00,29.42
19/09/2026,06:18:23,25.75,67.00,29.38
19/09/2026,06:19:34,25.73,67.00,29.36
19/09/2026,06:20:45,25.75,67.00,29.37
19/09/2026,06:21:56,25.76,67.00,29.40
19/09/2026,06:23:10,25.77,67.00,29.41
19/09/2026,06:24:21,25.77,67.00,29.41
19/09/2026,06:25:31,25.78,67.00,29.42
19/09/2026,06:26:42,25.77,67.00,29.41
19/09/2026,06:27:53,25.74,67.00,29.37
19/09/2026,06:29:07,25.74,67.00,29.37
19/09/2026,06:30:18,25.73,67.00,29.36
19/09/2026,06:31:29,25.75,67.00,29.37
19/09/2026,06:32:40,25.74,67.00,29.36
19/09/2026,06:33:51,25.77,67.00,29.41
19/09/2026,06:35:04,25.79,67.00,29.44
19/09/2026,06:36:15,25.76,67.00,29.40
19/09/2026,06:37:26,25.74,67.00,29.37
19/09/2026,06:38:37,25.71,67.00,29.32
19/09/2026,06:39:48,25.72,67.00,29.33
19/09/2026,06:41:01,25.70,67.00,29.31
19/09/2026,06:42:12,25.70,67.00,29.31
19/09/2026,06:43:23,25.72,67.00,29.34
19/09/2026,06:44:34,25.72,67.00,29.33
19/09/2026,06:45:45,25.71,67.00,29.32
19/09/2026,06:46:59,25.72,67.00,29.33
19/09/2026,06:48:10,25.70,67.00,29.31
19/09/2026,06:49:21,25.70,67.00,29.31
19/09/2026,06:50:32,25.70,67.00,29.31
19/09/2026,06:51:43,25.71,67.00,29.32
19/09/2026,06:52:56,25.70,67.00,29.31
19/09/2026,06:54:07,25.70,67.00,29.31
19/09/2026,06:55:18,25.70,67.00,29.31
19/09/2026,06:56:29,25.70,67.00,29.31
19/09/2026,06:57:40,25.70,67.00,29.31
19/09/2026,06:58:53,25.70,67.00,29.31
19/09/2026,07:00:04,25.70,67.00,29.31
19/09/2026,07:01:15,25.70,67.00,29.31
19/09/2026,07:02:26,25.70,67.00,29.31
19/09/2026,07:03:37,25.70,67.00,29.31
19/09/2026,07:04:50,25.70,67.00,29.31
19/09/2026,07:06:01,25.70,67.00,29.31
19/09/2026,07:07:12,25.70,67.00,29.31
19/09/2026,07:08:23,25.70,67.00,29.31
19/09/2026,07:09:34,25.70,67.00,29.31
19/09/2026,07:10:48,25.70,67.00,29.31
19/09/2026,07:11:59,25.71,67.00,29.32
19/09/2026,07:13:10,25.70,67.00,29.31
19/09/2026,07:14:21,25.70,67.00,29.31
19/09/2026,07:15:32,25.70,67.00,29.31
19/09/2026,07:16:45,25.70,67.00,29.31
19/09/2026,07:17:56,25.70,67.00,29.30
19/09/2026,07:19:07,25.70,67.00,29.31
19/09/2026,07:20:18,25.70,67.00,29.31
19/09/2026,07:21:29,25.70,67.00,29.30
19/09/2026,07:22:42,25.70,67.00,29.31
19/09/2026,07:23:53,25.70,67.00,29.31
19/09/2026,07:25:04,25.70,67.00,29.31
19/09/2026,07:26:15,25.70,67.00,29.31
19/09/2026,07:27:26,25.70,67.00,29.31
19/09/2026,07:28:40,25.70,67.00,29.30
19/09/2026,07:29:51,25.70,67.00,29.31
19/09/2026,07:31:02,25.70,67.00,29.30
19/09/2026,07:32:13,25.70,67.00,29.31
19/09/2026,07:33:23,25.70,67.00,29.31
19/09/2026,07:34:37,25.70,67.00,29.31
19/09/2026,07:35:48,25.70,67.00,29.30
19/09/2026,07:36:59,25.70,67.00,29.31
19/09/2026,07:38:10,25.72,67.00,29.33
19/09/2026,07:39:21,25.73,67.00,29.35
19/09/2026,07:40:35,25.77,67.00,29.40
19/09/2026,07:41:46,25.76,67.00,29.39
19/09/2026,07:42:57,25.76,67.00,29.40
19/09/2026,07:44:08,25.77,67.00,29.41
19/09/2026,07:45:19,25.80,67.00,29.45
19/09/2026,07:46:32,25.80,67.00,29.45
19/09/2026,07:47:43,25.79,67.00,29.44
19/09/2026,07:48:54,25.80,67.00,29.45
19/09/2026,07:50:05,25.80,67.00,29.45
19/09/2026,07:51:16,25.80,67.00,29.45
19/09/2026,07:52:30,25.80,67.00,29.45
19/09/2026,07:53:41,25.82,67.00,29.47
19/09/2026,07:54:52,25.88,67.00,29.57
19/09/2026,07:56:02,25.90,67.00,29.59
19/09/2026,07:57:13,25.90,67.00,29.60
19/09/2026,07:58:27,25.90,67.00,29.60
19/09/2026,07:59:38,25.90,67.00,29.60
19/09/2026,08:00:49,25.91,67.00,29.62
19/09/2026,08:02:00,25.92,67.00,29.63
19/09/2026,08:03:11,25.99,67.00,29.73
19/09/2026,08:04:24,26.02,66.92,29.76
19/09/2026,08:05:35,26.08,66.08,29.76
19/09/2026,08:06:46,26.10,66.00,29.78
19/09/2026,08:07:57,26.10,66.15,29.79
19/09/2026,08:09:08,26.10,67.00,29.90
19/09/2026,08:10:21,26.09,67.00,29.87
19/09/2026,08:11:32,26.06,67.00,29.83
19/09/2026,08:12:43,26.04,67.00,29.80
19/09/2026,08:13:54,26.01,67.00,29.76
19/09/2026,08:15:05,26.09,67.00,29.88
19/09/2026,08:16:34,26.12,67.00,29.92
19/09/2026,08:17:45,26.16,67.00,29.98
19/09/2026,08:18:56,26.20,67.00,30.04
19/09/2026,08:20:07,26.21,67.00,30.06
19/09/2026,08:21:18,26.28,67.00,30.15
19/09/2026,08:22:32,26.30,67.00,30.19
19/09/2026,08:23:43,26.37,67.00,30.29
19/09/2026,08:24:54,26.40,67.00,30.34
19/09/2026,08:26:05,26.40,66.58,30.29
19/09/2026,08:27:15,26.43,66.19,30.28
19/09/2026,08:30:21,26.45,66.06,30.30
19/09/2026,08:31:46,26.50,66.00,30.37
19/09/2026,08:32:57,26.52,66.00,30.39
19/09/2026,08:34:08,26.53,66.00,30.41
19/09/2026,08:35:19,26.59,66.00,30.50
19/09/2026,08:36:30,26.60,66.00,30.51
19/09/2026,08:37:44,26.61,66.00,30.53
19/09/2026,08:38:55,26.70,66.00,30.66
19/09/2026,08:40:06,26.70,66.00,30.66
19/09/2026,08:41:16,26.75,65.65,30.69
19/09/2026,08:42:27,26.79,65.12,30.68
19/09/2026,08:43:41,26.80,65.20,30.71
19/09/2026,08:44:52,26.80,65.40,30.73
19/09/2026,08:46:03,26.80,65.22,30.71
19/09/2026,08:47:14,26.76,65.12,30.64
19/09/2026,08:48:25,26.70,65.74,30.63
19/09/2026,08:49:38,26.70,65.14,30.56
19/09/2026,08:50:49,26.70,65.42,30.59
19/09/2026,08:52:00,26.70,65.08,30.54
19/09/2026,08:53:11,26.68,65.00,30.50
19/09/2026,08:54:22,26.68,65.04,30.51
19/09/2026,08:55:36,26.69,65.00,30.52
19/09/2026,08:56:46,26.70,65.08,30.55
19/09/2026,08:57:57,26.70,65.38,30.59
19/09/2026,08:59:08,26.70,65.36,30.58
19/09/2026,09:00:19,26.70,65.00,30.55
19/09/2026,09:01:33,26.70,65.00,30.54
19/09/2026,09:02:44,26.71,65.00,30.55
19/09/2026,09:03:55,26.79,65.00,30.67
19/09/2026,09:05:06,26.80,65.00,30.69
19/09/2026,09:06:17,26.80,65.00,30.69
19/09/2026,09:07:30,26.80,65.00,30.69
19/09/2026,09:08:41,26.83,65.00,30.73
19/09/2026,09:09:52,26.90,65.00,30.83
19/09/2026,09:11:03,26.91,65.00,30.85
19/09/2026,09:12:14,26.99,65.00,30.97
19/09/2026,09:13:27,27.00,65.00,30.98
19/09/2026,09:14:38,27.00,65.00,30.98
19/09/2026,09:15:49,27.00,65.00,30.98
19/09/2026,09:17:00,27.00,65.00,30.98
19/09/2026,09:18:11,27.00,65.00,30.98
19/09/2026,09:19:24,27.00,65.00,30.99
19/09/2026,09:20:35,26.98,64.70,30.91
19/09/2026,09:21:46,26.98,65.00,30.95
19/09/2026,09:22:57,26.98,65.00,30.96
19/09/2026,09:24:08,26.96,65.00,30.92
19/09/2026,09:25:22,26.97,64.58,30.89
19/09/2026,09:26:33,26.99,64.48,30.90
19/09/2026,09:27:44,27.00,64.96,30.98
19/09/2026,09:28:55,27.00,65.00,30.99
19/09/2026,09:30:05,27.00,65.00,30.98
19/09/2026,09:31:19,27.00,65.00,30.99
19/09/2026,09:32:30,27.00,65.00,30.98
19/09/2026,09:33:41,27.00,65.00,30.98
19/09/2026,09:34:52,27.00,64.29,30.89
19/09/2026,09:36:03,27.00,64.00,30.86
19/09/2026,09:37:16,27.00,64.38,30.91
19/09/2026,09:38:27,27.00,65.00,30.98
19/09/2026,09:39:38,27.02,65.00,31.01
19/09/2026,09:40:49,27.09,65.00,31.12
19/09/2026,09:42:00,27.10,65.00,31.13
19/09/2026,09:43:13,27.10,65.00,31.13
19/09/2026,09:44:24,27.13,64.96,31.18
19/09/2026,09:45:35,27.11,64.81,31.13
19/09/2026,09:46:46,27.16,64.04,31.10
19/09/2026,09:47:57,27.20,64.00,31.15
19/09/2026,09:49:11,27.21,64.00,31.17
19/09/2026,09:50:22,27.29,64.00,31.28
19/09/2026,09:51:33,27.28,64.00,31.28
19/09/2026,09:52:44,27.26,63.12,31.13
19/09/2026,09:53:55,27.21,63.00,31.05
19/09/2026,09:55:08,27.29,63.00,31.17
19/09/2026,09:56:19,27.29,62.04,31.04
19/09/2026,09:57:30,27.30,62.00,31.05
19/09/2026,09:58:41,27.30,62.00,31.05
19/09/2026,09:59:52,27.32,62.00,31.08
19/09/2026,10:01:05,27.37,62.00,31.15
19/09/2026,10:02:16,27.39,62.00,31.18
19/09/2026,10:03:27,27.40,62.00,31.19
19/09/2026,10:04:38,27.37,62.00,31.16
19/09/2026,10:05:49,27.44,62.00,31.26
19/09/2026,10:07:03,27.58,62.00,31.46
19/09/2026,10:08:14,27.60,62.00,31.50
19/09/2026,10:09:25,27.68,61.96,31.61
19/09/2026,10:10:35,27.68,61.56,31.56
19/09/2026,10:11:46,27.70,62.00,31.63
19/09/2026,10:13:00,27.78,62.00,31.76
19/09/2026,10:14:11,27.80,62.00,31.79
19/09/2026,10:15:22,27.80,62.00,31.79
19/09/2026,10:16:33,27.79,62.00,31.77
19/09/2026,10:17:44,27.73,62.00,31.69
19/09/2026,10:18:57,27.69,62.00,31.62
19/09/2026,10:20:08,27.60,62.00,31.50
19/09/2026,10:21:19,27.60,62.00,31.49
19/09/2026,10:22:30,27.50,62.00,31.35
19/09/2026,10:23:41,27.50,62.00,31.35
19/09/2026,10:24:54,27.50,62.00,31.35
19/09/2026,10:26:05,27.50,62.00,31.34
19/09/2026,10:27:16,27.50,62.35,31.39
19/09/2026,10:28:27,27.50,63.00,31.47
19/09/2026,10:29:38,27.50,63.00,31.47
19/09/2026,10:30:51,27.50,63.00,31.47
19/09/2026,10:32:02,27.49,63.00,31.46
19/09/2026,10:33:13,27.50,63.00,31.47
19/09/2026,10:34:24,27.50,63.00,31.47
19/09/2026,10:35:35,27.50,63.00,31.47
19/09/2026,10:36:49,27.50,63.00,31.47
19/09/2026,10:38:00,27.51,63.00,31.48
19/09/2026,10:39:11,27.51,63.00,31.49
19/09/2026,10:40:21,27.50,63.00,31.48
19/09/2026,10:41:32,27.54,63.00,31.53
19/09/2026,10:42:46,27.50,63.00,31.48
19/09/2026,10:43:57,27.52,63.12,31.52
19/09/2026,10:45:08,27.50,64.00,31.60
19/09/2026,10:46:19,27.50,64.00,31.60
19/09/2026,10:47:30,27.50,64.00,31.60
19/09/2026,10:48:43,27.50,64.00,31.60
19/09/2026,10:49:54,27.49,64.12,31.60
19/09/2026,10:51:05,27.42,64.95,31.60
19/09/2026,10:52:16,27.40,64.96,31.58
19/09/2026,10:53:27,27.38,65.00,31.54
19/09/2026,10:54:41,27.31,65.00,31.45
19/09/2026,10:55:52,27.30,65.00,31.43
19/09/2026,10:57:02,27.28,65.04,31.41
19/09/2026,10:58:13,27.26,65.36,31.42
19/09/2026,10:59:24,27.28,65.32,31.44
19/09/2026,11:00:38,27.29,66.00,31.53
19/09/2026,11:01:49,27.29,65.96,31.53
19/09/2026,11:03:00,27.29,66.00,31.54
19/09/2026,11:04:11,27.30,66.00,31.55
19/09/2026,11:05:22,27.30,66.00,31.55
19/09/2026,11:06:36,27.30,66.00,31.55
19/09/2026,11:07:47,27.29,66.00,31.54
19/09/2026,11:08:58,27.23,66.00,31.45
19/09/2026,11:10:08,27.20,66.00,31.40
19/09/2026,11:11:19,27.20,66.00,31.40
19/09/2026,11:12:33,27.20,66.00,31.41
19/09/2026,11:13:44,27.20,66.00,31.40
19/09/2026,11:14:55,27.13,66.00,31.30
19/09/2026,11:16:06,27.09,66.00,31.24
19/09/2026,11:17:17,27.07,66.00,31.21
19/09/2026,11:18:30,27.00,66.00,31.11
19/09/2026,11:19:41,27.00,66.00,31.10
19/09/2026,11:20:52,27.00,66.00,31.10
19/09/2026,11:22:03,27.00,66.00,31.10
19/09/2026,11:23:14,27.00,66.00,31.10
19/09/2026,11:24:28,27.00,66.00,31.10
19/09/2026,11:25:39,27.00,66.00,31.10
19/09/2026,11:26:50,27.02,66.00,31.13
19/09/2026,11:28:01,27.01,66.00,31.12
19/09/2026,11:29:12,27.00,66.00,31.10
19/09/2026,11:30:25,26.99,66.00,31.09
19/09/2026,11:31:36,27.01,66.00,31.12
19/09/2026,11:32:47,27.02,66.00,31.14
19/09/2026,11:33:58,27.08,66.00,31.23
19/09/2026,11:35:09,27.09,66.00,31.24
19/09/2026,11:36:22,27.08,66.00,31.23
19/09/2026,11:37:33,27.04,66.04,31.17
19/09/2026,11:38:44,27.05,66.00,31.17
19/09/2026,11:39:55,27.01,66.04,31.12
19/09/2026,11:41:06,27.00,66.00,31.11
19/09/2026,11:42:19,27.00,66.25,31.14
19/09/2026,11:43:30,27.00,66.12,31.12
19/09/2026,11:44:41,27.00,66.71,31.20
19/09/2026,11:45:52,27.00,67.00,31.23
19/09/2026,11:47:03,27.00,67.00,31.23
19/09/2026,11:48:17,27.00,67.00,31.23
19/09/2026,11:49:28,26.99,67.00,31.22
19/09/2026,11:50:39,26.99,67.00,31.22
19/09/2026,11:51:50,26.99,67.00,31.22
19/09/2026,11:53:00,27.00,67.00,31.23
19/09/2026,11:54:14,26.99,67.00,31.21
19/09/2026,11:55:25,26.93,67.00,31.12
19/09/2026,11:56:36,26.91,67.00,31.09
19/09/2026,11:57:47,26.88,67.04,31.06
19/09/2026,11:58:58,26.81,67.88,31.05
19/09/2026,12:00:11,26.81,68.00,31.06
19/09/2026,12:01:22,26.80,67.17,30.96
19/09/2026,12:02:33,26.80,67.00,30.93
19/09/2026,12:03:44,26.80,67.00,30.93
19/09/2026,12:04:55,26.80,67.00,30.92
19/09/2026,12:06:08,26.80,67.04,30.93
19/09/2026,12:07:19,26.77,67.00,30.88
19/09/2026,12:08:30,26.79,67.08,30.92
19/09/2026,12:09:41,26.81,66.72,30.91
19/09/2026,12:10:52,26.80,67.63,31.01
19/09/2026,12:12:05,26.80,68.00,31.05
19/09/2026,12:13:16,26.80,68.00,31.05
19/09/2026,12:14:27,26.80,68.00,31.05
19/09/2026,12:15:38,26.80,68.00,31.04
19/09/2026,12:16:49,26.75,68.00,30.98
23/09/2026,17:30:47,26.48,55.81,29.12
23/09/2026,17:31:58,27.92,58.29,31.48
23/09/2026,17:33:09,27.98,58.00,31.53
23/09/2026,17:34:20,28.01,57.12,31.46
23/09/2026,17:35:34,28.00,57.00,31.43
23/09/2026,17:36:45,28.02,57.00,31.47
23/09/2026,17:37:56,28.07,56.76,31.50
23/09/2026,17:39:07,28.17,57.35,31.72
23/09/2026,17:40:18,28.20,56.81,31.70
23/09/2026,17:41:31,28.19,57.00,31.71
23/09/2026,17:42:42,28.17,57.00,31.68
23/09/2026,17:45:04,28.08,56.47,31.48
23/09/2026,17:46:15,28.10,57.00,31.58
23/09/2026,17:47:28,28.15,56.08,31.52
23/09/2026,17:48:39,28.19,57.00,31.71
23/09/2026,17:49:50,28.20,57.00,31.72
23/09/2026,17:51:01,28.21,57.00,31.74
23/09/2026,17:52:12,28.28,57.00,31.84
23/09/2026,17:53:25,28.27,56.92,31.82
23/09/2026,17:54:36,28.21,57.62,31.82
23/09/2026,17:55:47,28.13,58.00,31.75
23/09/2026,17:56:59,28.11,58.00,31.72
23/09/2026,17:58:10,28.09,58.00,31.69
23/09/2026,17:59:24,28.08,58.00,31.68
23/09/2026,18:00:35,28.10,58.00,31.71
23/09/2026,18:01:46,28.16,58.00,31.80
23/09/2026,18:02:57,28.14,58.00,31.77
23/09/2026,18:04:08,28.11,58.00,31.72
23/09/2026,18:05:22,28.10,58.00,31.71
23/09/2026,18:06:32,28.10,58.00,31.71
23/09/2026,18:07:43,28.13,58.00,31.76
23/09/2026,18:08:54,28.20,58.00,31.85
23/09/2026,18:10:05,28.20,57.69,31.81
23/09/2026,18:11:19,28.20,57.69,31.82
23/09/2026,18:12:30,28.26,57.46,31.87
23/09/2026,18:13:41,28.30,57.36,31.91
23/09/2026,18:14:52,28.27,57.52,31.90
23/09/2026,18:16:03,28.22,58.00,31.88
23/09/2026,18:17:16,28.22,58.00,31.89
23/09/2026,18:18:27,28.20,58.00,31.85
23/09/2026,18:19:38,28.20,58.00,31.85
23/09/2026,18:20:49,28.20,58.00,31.85
23/09/2026,18:22:00,28.27,58.00,31.95
23/09/2026,18:23:13,28.31,58.00,32.02
23/09/2026,18:24:24,28.30,58.00,32.00
23/09/2026,18:25:35,28.26,58.00,31.94
23/09/2026,18:26:46,28.21,58.00,31.87
23/09/2026,18:27:57,28.20,58.00,31.85
23/09/2026,18:29:10,28.20,58.00,31.85
23/09/2026,18:30:21,28.13,58.00,31.74
23/09/2026,18:31:32,28.17,58.00,31.80
23/09/2026,18:32:43,28.20,58.00,31.86
23/09/2026,18:33:54,28.19,58.00,31.84
23/09/2026,18:35:08,28.14,58.00,31.77
23/09/2026,18:36:19,28.10,58.00,31.71
23/09/2026,18:37:30,28.10,58.00,31.71
23/09/2026,18:38:41,28.12,58.00,31.73
23/09/2026,18:39:52,28.10,58.00,31.71
23/09/2026,18:41:05,28.13,58.00,31.75
23/09/2026,18:42:16,28.20,58.00,31.85
23/09/2026,18:43:27,28.20,58.04,31.86
23/09/2026,18:44:38,28.20,58.17,31.88
23/09/2026,18:45:49,28.20,58.84,31.96
23/09/2026,18:47:02,28.19,59.00,31.97
23/09/2026,18:48:13,28.26,59.00,32.08
23/09/2026,18:49:24,28.31,59.00,32.14
23/09/2026,18:50:35,28.30,59.00,32.13
23/09/2026,18:51:46,28.25,59.00,32.06
23/09/2026,18:53:00,28.30,59.00,32.13
23/09/2026,18:54:11,28.28,59.00,32.10
23/09/2026,18:55:21,28.25,59.00,32.06
23/09/2026,18:56:32,28.28,59.00,32.11
23/09/2026,18:57:43,28.30,59.00,32.14
23/09/2026,18:58:57,28.30,59.00,32.12
23/09/2026,19:00:08,28.25,59.00,32.06
23/09/2026,19:01:19,28.28,59.00,32.10
23/09/2026,19:02:30,28.28,59.00,32.10
23/09/2026,19:03:41,28.24,59.00,32.04
23/09/2026,19:04:54,28.22,59.17,32.03
23/09/2026,19:06:05,28.20,59.00,31.99
23/09/2026,19:07:16,28.16,59.00,31.92
23/09/2026,19:08:27,28.10,59.74,31.93
23/09/2026,19:09:38,28.11,60.00,31.98
23/09/2026,19:10:51,28.19,60.00,32.10
23/09/2026,19:12:02,28.15,59.32,31.96
23/09/2026,19:13:13,28.15,59.96,32.04
23/09/2026,19:14:24,28.26,60.00,32.21
23/09/2026,19:15:35,28.35,60.00,32.33
23/09/2026,19:16:48,28.33,59.04,32.18
23/09/2026,19:17:59,28.32,59.00,32.16
23/09/2026,19:19:10,28.33,59.29,32.21
23/09/2026,19:20:21,28.40,59.62,32.36
23/09/2026,19:21:32,28.43,60.00,32.46
23/09/2026,19:22:46,28.41,59.04,32.30
23/09/2026,19:23:57,28.40,59.74,32.38
23/09/2026,19:25:07,28.40,60.00,32.41
23/09/2026,19:26:18,28.38,60.00,32.38
23/09/2026,19:27:29,28.30,60.96,32.39
23/09/2026,19:28:43,28.30,60.80,32.37
23/09/2026,19:29:54,28.21,61.36,32.31
23/09/2026,19:31:05,28.14,62.00,32.29
23/09/2026,19:32:16,28.22,62.00,32.41
23/09/2026,19:33:27,28.30,62.00,32.53
23/09/2026,19:34:40,28.30,62.00,32.54
23/09/2026,19:35:51,28.30,62.00,32.52
23/09/2026,19:37:02,28.30,62.75,32.63
23/09/2026,19:38:13,28.24,63.00,32.57
23/09/2026,19:39:24,28.15,63.00,32.44
23/09/2026,19:40:37,28.11,63.00,32.37
23/09/2026,19:41:48,28.20,63.00,32.52
23/09/2026,19:42:59,28.28,62.84,32.60
23/09/2026,19:44:10,28.23,62.00,32.42
23/09/2026,19:45:21,28.16,62.68,32.42
23/09/2026,19:46:34,28.08,63.00,32.34
23/09/2026,19:47:45,28.01,63.76,32.32
23/09/2026,19:48:56,28.02,64.00,32.37
23/09/2026,19:50:07,28.05,64.00,32.43
23/09/2026,19:51:18,28.03,64.00,32.39
23/09/2026,19:52:32,28.08,63.23,32.36
23/09/2026,19:53:43,28.01,63.12,32.24
23/09/2026,19:54:54,28.00,63.88,32.33
23/09/2026,19:56:05,28.00,64.00,32.34
23/09/2026,19:57:16,28.01,64.00,32.36
23/09/2026,19:58:29,28.00,64.00,32.35
23/09/2026,19:59:40,28.00,64.00,32.35
23/09/2026,20:00:51,28.01,64.00,32.36
23/09/2026,20:02:02,28.07,64.00,32.45
23/09/2026,20:03:13,28.09,64.00,32.48
23/09/2026,20:04:28,28.18,63.74,32.58
23/09/2026,20:05:39,28.12,63.00,32.40
23/09/2026,20:06:50,28.03,63.04,32.26
23/09/2026,20:08:01,27.99,64.00,32.33
23/09/2026,20:09:12,28.00,64.00,32.34
23/09/2026,20:10:26,28.00,64.00,32.34
23/09/2026,20:11:36,28.01,64.00,32.36
23/09/2026,20:12:47,28.04,64.00,32.41
23/09/2026,20:13:58,28.01,64.00,32.36
23/09/2026,20:15:09,28.10,64.00,32.49
23/09/2026,20:16:23,28.10,64.00,32.49
23/09/2026,20:17:34,28.10,64.00,32.49
23/09/2026,20:18:45,28.08,63.68,32.42
23/09/2026,20:19:56,28.01,63.42,32.29
23/09/2026,20:21:07,28.00,64.00,32.35
23/09/2026,20:22:20,27.98,64.00,32.32
23/09/2026,20:23:31,27.97,64.00,32.31
23/09/2026,20:24:42,27.94,64.00,32.25
23/09/2026,20:25:53,27.93,64.00,32.23
23/09/2026,20:27:04,27.97,64.00,32.30
23/09/2026,20:28:18,27.92,64.00,32.23
23/09/2026,20:29:29,27.91,64.00,32.21
23/09/2026,20:30:40,27.90,64.00,32.19
23/09/2026,20:31:51,27.88,64.00,32.16
23/09/2026,20:33:01,27.85,64.00,32.13
23/09/2026,20:34:15,27.90,64.00,32.19
23/09/2026,20:35:26,27.90,64.00,32.19
23/09/2026,20:36:37,27.90,64.00,32.19
23/09/2026,20:37:48,27.88,64.00,32.17
23/09/2026,20:38:59,27.90,64.00,32.19
23/09/2026,20:40:12,27.90,64.00,32.19
23/09/2026,20:41:23,27.89,64.00,32.17
23/09/2026,20:42:34,27.86,64.00,32.14
23/09/2026,20:43:45,27.81,64.00,32.06
23/09/2026,20:44:56,27.88,64.38,32.21
23/09/2026,20:46:09,27.90,64.04,32.19
23/09/2026,20:47:20,27.90,64.00,32.19
23/09/2026,20:48:31,27.88,64.04,32.17
23/09/2026,20:49:42,27.80,64.16,32.07
23/09/2026,20:50:53,27.81,64.96,32.19
23/09/2026,20:52:07,27.84,65.00,32.24
23/09/2026,20:53:17,27.84,65.00,32.23
23/09/2026,20:54:28,27.82,64.92,32.20
23/09/2026,20:55:39,27.84,64.46,32.16
23/09/2026,20:56:50,27.82,64.00,32.08
23/09/2026,20:58:04,27.83,64.00,32.10
23/09/2026,20:59:15,27.81,64.00,32.06
23/09/2026,21:00:26,27.80,64.00,32.05
23/09/2026,21:01:36,27.80,64.00,32.04
23/09/2026,21:02:47,27.79,64.00,32.03
23/09/2026,21:04:01,27.75,64.00,31.96
23/09/2026,21:05:12,27.70,64.00,31.90
23/09/2026,21:06:23,27.70,64.00,31.89
23/09/2026,21:07:34,27.66,64.00,31.83
23/09/2026,21:08:45,27.61,64.00,31.76
23/09/2026,21:09:58,27.61,64.00,31.77
23/09/2026,21:11:09,27.60,64.00,31.75
23/09/2026,21:12:20,27.60,64.00,31.75
23/09/2026,21:13:31,27.60,64.00,31.75
23/09/2026,21:14:42,27.60,64.00,31.75
23/09/2026,21:15:56,27.60,64.00,31.75
23/09/2026,21:17:06,27.64,64.00,31.80
23/09/2026,21:18:17,27.61,64.00,31.76
23/09/2026,21:19:28,27.60,64.24,31.78
23/09/2026,21:20:39,27.60,64.92,31.86
23/09/2026,21:21:53,27.58,65.00,31.85
23/09/2026,21:23:04,27.58,65.00,31.84
23/09/2026,21:24:15,27.59,65.00,31.86
23/09/2026,21:25:26,27.60,65.00,31.87
23/09/2026,21:26:37,27.60,65.00,31.87
23/09/2026,21:27:50,27.60,65.00,31.87
23/09/2026,21:29:01,27.60,65.00,31.87
23/09/2026,21:30:12,27.60,65.00,31.87
23/09/2026,21:31:23,27.60,65.00,31.87
23/09/2026,21:32:34,27.59,65.00,31.86
23/09/2026,21:33:48,27.55,65.00,31.80
23/09/2026,21:34:59,27.51,65.00,31.74
23/09/2026,21:36:10,27.51,65.11,31.76
23/09/2026,21:37:21,27.50,65.00,31.73
23/09/2026,21:38:32,27.58,65.00,31.85
23/09/2026,21:39:45,27.58,65.00,31.84
23/09/2026,21:40:56,27.60,65.00,31.87
23/09/2026,21:42:07,27.61,65.00,31.89
23/09/2026,21:43:18,27.64,65.00,31.94
23/09/2026,21:44:29,27.64,65.00,31.93
23/09/2026,21:45:42,27.70,65.00,32.02
23/09/2026,21:46:53,27.68,65.00,32.00
23/09/2026,21:48:04,27.64,65.00,31.94
23/09/2026,21:49:15,27.66,65.00,31.96
23/09/2026,21:50:26,27.61,65.00,31.89
23/09/2026,21:51:39,27.60,65.29,31.91
23/09/2026,21:52:50,27.60,66.00,32.00
23/09/2026,21:54:01,27.60,66.00,32.00
23/09/2026,21:55:12,27.60,66.00,32.00
23/09/2026,21:56:23,27.60,66.00,32.00
23/09/2026,21:57:37,27.60,66.00,32.00
23/09/2026,21:58:48,27.60,66.00,32.00
23/09/2026,21:59:58,27.60,66.00,32.00
23/09/2026,22:01:09,27.61,66.00,32.02
23/09/2026,22:02:20,27.62,65.75,32.01
23/09/2026,22:03:34,27.62,65.62,31.98
23/09/2026,22:04:45,27.62,65.80,32.00
23/09/2026,22:05:56,27.65,65.30,31.99
23/09/2026,22:07:07,27.66,65.12,31.98
23/09/2026,22:08:18,27.68,65.04,31.99
23/09/2026,22:09:32,27.63,65.81,32.03
23/09/2026,22:10:43,27.62,66.00,32.04
23/09/2026,22:11:53,27.65,66.00,32.08
23/09/2026,22:13:04,27.62,66.00,32.04
23/09/2026,22:14:15,27.62,66.00,32.04
23/09/2026,22:15:29,27.62,66.00,32.04
23/09/2026,22:16:40,27.60,66.00,32.01
23/09/2026,22:17:51,27.60,66.00,32.00
23/09/2026,22:19:02,27.60,66.00,32.01
23/09/2026,22:20:13,27.60,66.00,32.00
23/09/2026,22:21:26,27.60,66.00,32.00
23/09/2026,22:22:37,27.60,66.00,32.00
23/09/2026,22:23:48,27.60,66.00,32.00
23/09/2026,22:24:59,27.60,66.00,32.00
23/09/2026,22:26:10,27.60,66.00,32.00
23/09/2026,22:27:23,27.60,66.00,32.00
23/09/2026,22:28:34,27.60,66.00,32.01
23/09/2026,22:29:45,27.60,66.00,32.00
23/09/2026,22:30:56,27.60,66.00,32.01
23/09/2026,22:32:07,27.60,66.00,32.00
23/09/2026,22:33:21,27.60,66.00,32.00
23/09/2026,22:34:32,27.60,66.00,32.00
23/09/2026,22:35:43,27.60,66.00,32.00
23/09/2026,22:36:54,27.60,66.00,32.00
23/09/2026,22:38:04,27.60,65.96,32.00
23/09/2026,22:39:18,27.60,66.00,32.00
23/09/2026,22:40:29,27.60,65.96,32.00
23/09/2026,22:41:40,27.60,66.00,32.00
23/09/2026,22:42:51,27.60,66.00,32.01
23/09/2026,22:44:02,27.60,66.00,32.00
23/09/2026,22:45:16,27.60,66.00,32.00
23/09/2026,22:46:27,27.60,66.00,32.00
23/09/2026,22:47:37,27.60,65.96,32.00
23/09/2026,22:48:48,27.60,65.96,32.00
23/09/2026,22:49:59,27.60,65.95,32.00
23/09/2026,22:51:13,27.60,65.83,31.98
23/09/2026,22:52:24,27.60,65.88,31.99
23/09/2026,22:53:35,27.60,66.00,32.00
23/09/2026,22:54:46,27.60,66.00,32.00
23/09/2026,22:55:57,27.60,66.00,32.00
23/09/2026,22:57:11,27.60,66.00,32.00
23/09/2026,22:58:22,27.60,66.00,32.00
23/09/2026,22:59:33,27.60,66.00,32.00
23/09/2026,23:00:44,27.60,66.00,32.00
23/09/2026,23:01:55,27.60,66.00,32.00
23/09/2026,23:03:08,27.60,66.00,32.01
23/09/2026,23:04:19,27.60,66.00,32.00
23/09/2026,23:05:30,27.60,66.00,32.00
23/09/2026,23:06:41,27.60,66.00,32.00
23/09/2026,23:07:52,27.60,66.00,32.00
23/09/2026,23:09:06,27.60,66.00,32.00
23/09/2026,23:10:16,27.60,65.96,32.00
23/09/2026,23:11:27,27.60,66.00,32.00
23/09/2026,23:12:38,27.60,66.00,32.00
23/09/2026,23:13:49,27.59,66.00,31.99
23/09/2026,23:15:03,27.60,66.00,32.00
23/09/2026,23:16:14,27.60,65.96,32.00
23/09/2026,23:17:25,27.60,66.00,32.00
23/09/2026,23:18:36,27.60,66.00,32.00
23/09/2026,23:19:47,27.60,66.00,32.00
23/09/2026,23:21:00,27.60,66.00,32.00
23/09/2026,23:22:11,27.60,66.00,32.00
23/09/2026,23:23:22,27.60,66.00,32.00
23/09/2026,23:24:33,27.60,66.00,32.00
23/09/2026,23:25:44,27.60,66.00,32.00
23/09/2026,23:26:57,27.60,66.00,32.00
23/09/2026,23:28:08,27.60,66.00,32.00
23/09/2026,23:29:19,27.60,66.00,32.00
23/09/2026,23:30:30,27.60,66.00,32.00
23/09/2026,23:31:41,27.60,66.00,32.00
23/09/2026,23:32:55,27.60,65.96,32.00
23/09/2026,23:34:06,27.60,66.00,32.00
23/09/2026,23:35:17,27.60,66.00,32.00
23/09/2026,23:36:28,27.61,65.92,32.00
23/09/2026,23:37:39,27.60,65.57,31.95
23/09/2026,23:38:52,27.61,65.50,31.95
23/09/2026,23:40:03,27.61,65.76,31.99
23/09/2026,23:41:14,27.61,65.08,31.90
23/09/2026,23:42:25,27.60,65.57,31.95
23/09/2026,23:43:36,27.60,65.96,32.00
23/09/2026,23:44:50,27.60,66.00,32.00
23/09/2026,23:46:01,27.60,65.17,31.90
23/09/2026,23:47:12,27.60,65.23,31.90
23/09/2026,23:48:23,27.60,65.84,31.98
23/09/2026,23:49:34,27.60,65.48,31.94
23/09/2026,23:50:48,27.60,65.05,31.88
23/09/2026,23:51:59,27.60,65.04,31.88
23/09/2026,23:53:10,27.60,65.88,31.99
23/09/2026,23:54:21,27.60,66.00,32.00
23/09/2026,23:55:32,27.60,65.83,31.98
23/09/2026,23:56:46,27.60,66.00,32.00
23/09/2026,23:57:57,27.60,66.00,32.00
23/09/2026,23:59:08,27.60,66.00,32.00
24/09/2026,00:00:19,27.60,66.00,32.00
24/09/2026,00:01:30,27.60,66.00,32.00
24/09/2026,00:02:44,27.59,66.00,31.99
24/09/2026,00:03:55,27.60,66.00,32.00
24/09/2026,00:05:06,27.60,66.00,32.00
24/09/2026,00:06:16,27.59,66.00,31.98
24/09/2026,00:07:27,27.60,66.00,32.00
24/09/2026,00:08:42,27.60,66.00,32.00
24/09/2026,00:09:53,27.60,65.95,32.00
24/09/2026,00:11:04,27.60,66.00,32.00
24/09/2026,00:12:15,27.60,65.04,31.88
24/09/2026,00:13:25,27.60,65.31,31.91
24/09/2026,00:14:39,27.60,65.00,31.87
24/09/2026,00:15:50,27.60,65.00,31.87
24/09/2026,00:17:01,27.60,65.00,31.87
24/09/2026,00:18:12,27.60,65.00,31.87
24/09/2026,00:19:23,27.60,65.00,31.87
24/09/2026,00:20:36,27.60,65.00,31.87
24/09/2026,00:21:47,27.60,65.00,31.87
24/09/2026,00:22:58,27.60,65.00,31.87
24/09/2026,00:24:09,27.59,65.00,31.86
24/09/2026,00:25:20,27.60,65.00,31.87
24/09/2026,00:29:49,27.59,65.00,31.86
24/09/2026,00:31:00,27.60,65.00,31.87
24/09/2026,00:32:10,27.59,65.00,31.86
24/09/2026,00:33:21,27.60,65.00,31.87
24/09/2026,00:34:32,27.60,65.00,31.87
24/09/2026,00:35:46,27.60,65.33,31.92
24/09/2026,00:36:57,27.60,65.96,31.99
24/09/2026,00:38:08,27.60,65.23,31.90
24/09/2026,00:39:19,27.60,65.57,31.95
24/09/2026,00:40:30,27.60,66.00,32.00
24/09/2026,00:41:43,27.60,65.14,31.89
24/09/2026,00:42:54,27.60,65.00,31.87
24/09/2026,00:44:05,27.60,65.00,31.87
24/09/2026,00:45:16,27.60,65.00,31.87
24/09/2026,00:46:27,27.60,65.00,31.88
24/09/2026,00:47:41,27.60,65.00,31.87
24/09/2026,00:48:52,27.59,65.00,31.86
24/09/2026,00:50:03,27.52,64.81,31.73
24/09/2026,00:51:14,27.48,65.00,31.70
24/09/2026,00:52:25,27.40,64.96,31.57
24/09/2026,00:53:38,27.33,65.00,31.47
24/09/2026,00:54:49,27.32,65.00,31.46
24/09/2026,00:56:00,27.37,65.00,31.53
24/09/2026,00:57:11,27.40,65.00,31.58
24/09/2026,00:58:22,27.44,65.00,31.63
24/09/2026,00:59:35,27.47,64.88,31.67
24/09/2026,01:00:46,27.48,64.00,31.57
24/09/2026,01:01:57,27.50,64.00,31.60
24/09/2026,01:03:08,27.50,64.92,31.71
24/09/2026,01:04:19,27.50,65.00,31.72
24/09/2026,01:05:32,27.50,64.20,31.62
24/09/2026,01:06:43,27.50,64.52,31.67
24/09/2026,01:07:54,27.50,64.00,31.60
24/09/2026,01:09:05,27.50,64.00,31.60
24/09/2026,01:10:16,27.50,64.24,31.63
24/09/2026,01:11:35,27.50,64.00,31.60
24/09/2026,01:12:46,27.49,64.04,31.59
24/09/2026,01:13:57,27.50,64.00,31.59
24/09/2026,01:15:08,27.50,64.00,31.60
24/09/2026,01:16:18,27.50,64.00,31.60
24/09/2026,01:17:33,27.50,64.00,31.59
24/09/2026,01:18:44,27.50,64.00,31.59
24/09/2026,01:19:55,27.50,64.00,31.60
24/09/2026,01:21:06,27.50,64.00,31.60
24/09/2026,01:22:17,27.49,64.00,31.58
24/09/2026,01:23:30,27.50,64.00,31.60
24/09/2026,01:24:41,27.50,64.00,31.60
24/09/2026,01:25:52,27.50,64.00,31.59
24/09/2026,01:27:03,27.50,64.00,31.60
24/09/2026,01:28:14,27.50,64.00,31.60
24/09/2026,01:29:28,27.50,64.00,31.60
24/09/2026,01:30:39,27.49,64.00,31.59
24/09/2026,01:31:50,27.49,64.00,31.58
24/09/2026,01:33:01,27.48,64.00,31.57
24/09/2026,01:34:12,27.49,64.00,31.58
24/09/2026,01:35:25,27.49,64.00,31.58
24/09/2026,01:36:36,27.46,64.00,31.54
24/09/2026,01:37:47,27.44,64.00,31.51
24/09/2026,01:38:58,27.41,64.00,31.46
24/09/2026,01:40:09,27.40,64.00,31.46
24/09/2026,01:41:23,27.40,64.00,31.45
24/09/2026,01:42:34,27.39,64.00,31.44
24/09/2026,01:43:44,27.40,64.00,31.45
24/09/2026,01:44:55,27.40,64.00,31.46
24/09/2026,01:46:06,27.40,64.00,31.45
24/09/2026,01:47:20,27.40,64.00,31.46
24/09/2026,01:48:31,27.41,64.00,31.46
24/09/2026,01:49:42,27.41,64.00,31.47
24/09/2026,01:50:53,27.40,64.00,31.46
24/09/2026,01:52:03,27.41,64.00,31.47
24/09/2026,01:53:17,27.41,64.00,31.46
24/09/2026,01:54:28,27.41,64.00,31.46
24/09/2026,01:55:39,27.40,63.72,31.42
24/09/2026,01:56:50,27.40,63.44,31.38
24/09/2026,01:58:01,27.39,63.00,31.31
24/09/2026,01:59:14,27.39,63.31,31.35
24/09/2026,02:00:25,27.36,64.00,31.39
24/09/2026,02:01:36,27.36,64.00,31.39
24/09/2026,02:02:47,27.39,63.88,31.42
24/09/2026,02:03:58,27.40,64.00,31.45
24/09/2026,02:05:12,27.40,64.00,31.45
24/09/2026,02:06:22,27.40,64.00,31.45
24/09/2026,02:07:33,27.40,64.00,31.46
24/09/2026,02:08:44,27.43,64.00,31.49
24/09/2026,02:09:55,27.44,63.96,31.50
24/09/2026,02:11:09,27.40,64.00,31.46
24/09/2026,02:12:20,27.40,63.95,31.44
24/09/2026,02:13:31,27.42,64.00,31.47
24/09/2026,02:14:42,27.40,64.00,31.46
24/09/2026,02:15:53,27.40,64.00,31.45
24/09/2026,02:17:06,27.40,64.00,31.45
24/09/2026,02:18:17,27.40,63.44,31.39
24/09/2026,02:19:28,27.41,63.50,31.40
24/09/2026,02:20:39,27.41,63.04,31.34
24/09/2026,02:21:50,27.41,63.00,31.34
24/09/2026,02:23:03,27.40,63.00,31.33
24/09/2026,02:24:14,27.40,63.00,31.33
24/09/2026,02:25:25,27.40,63.00,31.32
24/09/2026,02:26:36,27.40,63.00,31.33
24/09/2026,02:27:47,27.40,62.92,31.31
24/09/2026,02:29:01,27.40,62.96,31.32
24/09/2026,02:30:11,27.40,63.00,31.32
24/09/2026,02:31:22,27.40,63.00,31.32
24/09/2026,02:32:33,27.40,63.00,31.32
24/09/2026,02:33:44,27.40,63.00,31.32
24/09/2026,02:34:58,27.40,63.00,31.32
24/09/2026,02:36:09,27.40,62.65,31.28
24/09/2026,02:37:20,27.40,63.00,31.33
24/09/2026,02:38:31,27.40,62.19,31.22
24/09/2026,02:39:42,27.38,62.00,31.17
24/09/2026,02:40:57,27.30,62.00,31.06
24/09/2026,02:42:08,27.29,62.00,31.04
24/09/2026,02:43:19,27.30,62.42,31.10
24/09/2026,02:44:30,27.29,61.88,31.02
24/09/2026,02:45:41,27.30,61.58,31.00
24/09/2026,02:46:55,27.30,61.96,31.05
24/09/2026,02:48:06,27.31,62.00,31.06
24/09/2026,02:49:17,27.32,61.92,31.06
24/09/2026,02:50:28,27.31,62.00,31.07
24/09/2026,02:51:39,27.30,62.00,31.05
24/09/2026,02:52:52,27.32,62.00,31.07
24/09/2026,02:54:03,27.32,62.00,31.08
24/09/2026,02:55:14,27.30,62.00,31.05
24/09/2026,02:56:25,27.20,62.00,30.91
24/09/2026,02:57:36,27.17,62.00,30.86
24/09/2026,02:59:03,27.19,62.00,30.89
24/09/2026,03:00:14,27.20,62.00,30.91
24/09/2026,03:01:24,27.22,62.00,30.94
24/09/2026,03:02:35,27.26,62.00,30.99
24/09/2026,03:03:46,27.27,62.00,31.00
24/09/2026,03:05:00,27.27,61.20,30.90
24/09/2026,03:06:11,27.26,61.12,30.88
24/09/2026,03:07:22,27.25,61.04,30.86
24/09/2026,03:08:33,27.25,61.04,30.86
24/09/2026,03:09:44,27.21,60.84,30.78
24/09/2026,03:10:57,27.18,61.00,30.75
24/09/2026,03:12:08,27.10,60.38,30.56
24/09/2026,03:13:19,27.10,59.82,30.49
24/09/2026,03:14:30,27.10,59.96,30.51
24/09/2026,03:15:41,27.12,60.16,30.55
24/09/2026,03:16:54,27.15,60.24,30.61
24/09/2026,03:18:05,27.13,59.77,30.53
24/09/2026,03:19:16,27.17,60.48,30.68
24/09/2026,03:20:27,27.14,60.00,30.58
24/09/2026,03:21:38,27.14,60.00,30.58
24/09/2026,03:22:51,27.11,59.64,30.48
24/09/2026,03:24:02,27.09,60.00,30.50
24/09/2026,03:25:13,27.00,60.00,30.37
24/09/2026,03:26:24,27.00,59.62,30.32
24/09/2026,03:27:35,27.00,59.67,30.33
24/09/2026,03:28:49,27.00,60.00,30.37
24/09/2026,03:30:00,27.02,60.00,30.39
24/09/2026,03:31:11,27.07,60.00,30.47
24/09/2026,03:32:22,27.10,60.36,30.56
24/09/2026,03:33:33,27.10,60.00,30.51
24/09/2026,03:34:46,27.10,60.36,30.56
24/09/2026,03:35:57,27.09,60.00,30.50
24/09/2026,03:37:08,27.10,60.26,30.54
24/09/2026,03:38:19,27.10,60.78,30.60
24/09/2026,03:39:30,27.01,61.00,30.51
24/09/2026,03:40:43,26.87,61.00,30.30
24/09/2026,03:41:54,26.81,61.00,30.21
24/09/2026,03:43:05,26.82,61.00,30.24
24/09/2026,03:44:16,26.91,61.00,30.36
24/09/2026,03:45:27,26.98,61.00,30.47
24/09/2026,03:46:40,27.00,61.00,30.50
24/09/2026,03:47:51,27.00,61.00,30.50
24/09/2026,03:49:02,27.03,61.00,30.54
24/09/2026,03:50:13,27.09,61.00,30.62
24/09/2026,03:51:24,27.09,61.00,30.62
24/09/2026,03:52:38,27.10,61.00,30.64
24/09/2026,03:53:49,27.10,61.00,30.64
24/09/2026,03:55:00,27.12,61.88,30.77
24/09/2026,03:56:11,27.13,62.00,30.80
24/09/2026,03:57:22,27.16,62.00,30.84
24/09/2026,03:58:35,27.12,62.00,30.79
24/09/2026,03:59:46,27.12,62.00,30.78
24/09/2026,04:00:57,27.12,62.00,30.79
24/09/2026,04:02:08,27.14,62.00,30.82
24/09/2026,04:03:19,27.12,62.00,30.78
24/09/2026,04:04:33,27.12,62.00,30.79
24/09/2026,04:05:44,27.15,62.00,30.83
24/09/2026,04:06:55,27.12,62.00,30.79
24/09/2026,04:08:06,27.15,62.00,30.83
24/09/2026,04:09:17,27.14,62.00,30.82
24/09/2026,04:10:30,27.12,62.00,30.78
24/09/2026,04:11:41,27.11,62.00,30.78
24/09/2026,04:12:52,27.10,62.00,30.76
24/09/2026,04:14:03,27.10,62.00,30.76
24/09/2026,04:15:14,27.10,62.00,30.76
24/09/2026,04:16:27,27.10,62.00,30.76
24/09/2026,04:17:38,27.10,62.00,30.75
24/09/2026,04:18:49,27.09,62.00,30.74
24/09/2026,04:20:00,27.08,62.00,30.73
24/09/2026,04:21:11,27.06,62.00,30.70
24/09/2026,04:22:25,27.06,62.00,30.70
24/09/2026,04:23:36,27.06,62.00,30.70
24/09/2026,04:24:47,27.07,62.00,30.72
24/09/2026,04:25:58,27.03,62.00,30.65
24/09/2026,04:27:09,27.01,62.00,30.63
24/09/2026,04:28:22,27.02,62.00,30.64
24/09/2026,04:29:33,27.06,62.00,30.69
24/09/2026,04:30:44,27.10,62.00,30.75
24/09/2026,04:31:55,27.10,62.00,30.76
24/09/2026,04:33:06,27.10,62.00,30.76
24/09/2026,04:34:33,27.10,62.00,30.76
24/09/2026,04:35:44,27.10,62.00,30.76
24/09/2026,04:36:55,27.10,62.00,30.75
24/09/2026,04:38:06,27.08,62.00,30.73
24/09/2026,04:39:17,27.08,62.00,30.72
24/09/2026,04:40:30,27.09,62.00,30.75
24/09/2026,04:41:41,27.09,62.00,30.75
24/09/2026,04:42:52,27.10,62.00,30.75
24/09/2026,04:44:03,27.10,62.00,30.75
24/09/2026,04:45:14,27.08,62.00,30.73
24/09/2026,04:46:29,27.03,62.00,30.66
24/09/2026,04:47:40,27.00,62.00,30.62
24/09/2026,04:48:51,27.02,62.00,30.64
24/09/2026,04:50:02,27.01,62.00,30.62
24/09/2026,04:51:13,27.02,62.00,30.64
24/09/2026,04:52:26,27.03,62.00,30.66
24/09/2026,04:53:37,27.01,62.00,30.63
24/09/2026,04:54:48,27.01,61.26,30.54
24/09/2026,04:55:59,27.00,61.63,30.57
24/09/2026,04:57:10,27.00,61.50,30.55
24/09/2026,04:58:23,27.00,62.00,30.62
24/09/2026,04:59:34,27.00,62.00,30.61
24/09/2026,05:00:45,27.02,62.00,30.64
24/09/2026,05:01:56,27.01,62.00,30.63
24/09/2026,05:03:07,27.01,62.00,30.63
24/09/2026,05:04:20,27.00,61.96,30.61
24/09/2026,05:05:31,27.00,61.00,30.50
24/09/2026,05:06:42,27.00,61.00,30.50
24/09/2026,05:07:53,27.01,61.00,30.50
24/09/2026,05:09:04,27.01,61.00,30.50
24/09/2026,05:10:18,27.00,61.00,30.49
24/09/2026,05:11:29,27.00,61.00,30.49
24/09/2026,05:12:40,27.00,61.00,30.50
24/09/2026,05:13:51,27.01,61.00,30.51
24/09/2026,05:15:02,27.01,61.00,30.50
24/09/2026,05:16:16,27.01,61.00,30.51
24/09/2026,05:17:27,27.01,61.00,30.51
24/09/2026,05:18:38,27.01,61.00,30.50
24/09/2026,05:19:48,27.01,61.00,30.50
24/09/2026,05:20:59,27.00,61.00,30.50
24/09/2026,05:22:13,27.00,61.00,30.49
24/09/2026,05:23:24,27.01,61.00,30.50
24/09/2026,05:24:35,27.01,61.00,30.50
24/09/2026,05:25:46,27.02,61.00,30.51
24/09/2026,05:26:57,27.03,61.00,30.53
24/09/2026,05:28:11,27.01,61.00,30.51
24/09/2026,05:29:22,27.00,61.00,30.50
24/09/2026,05:30:33,27.00,61.00,30.49
24/09/2026,05:31:44,27.01,61.00,30.50
24/09/2026,05:32:55,27.00,61.00,30.49
24/09/2026,05:34:08,27.00,61.00,30.50
24/09/2026,05:35:19,27.00,61.00,30.49
24/09/2026,05:36:30,27.00,61.00,30.49
24/09/2026,05:37:41,27.00,61.00,30.49
24/09/2026,05:38:52,27.01,61.00,30.50
24/09/2026,05:40:05,27.00,61.00,30.50
24/09/2026,05:41:16,27.00,61.00,30.49
24/09/2026,05:42:27,27.00,61.00,30.49
24/09/2026,05:43:38,27.00,61.00,30.49
24/09/2026,05:44:49,27.00,61.00,30.49
24/09/2026,05:46:03,26.99,61.00,30.48
24/09/2026,05:47:14,27.00,61.00,30.50
24/09/2026,05:48:25,27.00,61.00,30.49
24/09/2026,05:49:36,27.00,61.00,30.50
24/09/2026,05:50:47,27.00,61.00,30.50
24/09/2026,05:52:00,27.01,61.00,30.51
24/09/2026,05:53:11,27.00,61.00,30.49
24/09/2026,05:54:22,27.01,61.00,30.50
24/09/2026,05:55:33,27.00,61.04,30.49
24/09/2026,05:56:44,27.00,61.00,30.49
24/09/2026,05:57:58,27.00,61.00,30.49
24/09/2026,05:59:08,27.00,61.00,30.49
24/09/2026,06:00:19,27.01,61.00,30.51
24/09/2026,06:01:30,27.00,61.00,30.49
24/09/2026,06:02:41,27.00,61.12,30.51
24/09/2026,06:03:56,27.00,61.00,30.49
24/09/2026,06:05:07,27.00,61.00,30.50
24/09/2026,06:06:18,27.00,61.00,30.50
24/09/2026,06:07:29,27.00,61.00,30.49
24/09/2026,06:08:40,27.00,61.00,30.49
24/09/2026,06:09:53,27.00,61.00,30.50
24/09/2026,06:11:04,27.00,61.00,30.49
24/09/2026,06:12:15,27.00,61.00,30.50
24/09/2026,06:13:26,27.00,61.00,30.49
24/09/2026,06:14:37,27.00,61.00,30.49
24/09/2026,06:15:55,27.00,61.00,30.49
24/09/2026,06:17:06,27.00,61.00,30.49
24/09/2026,06:18:17,27.01,61.00,30.51
24/09/2026,06:19:28,27.01,61.00,30.50
24/09/2026,06:20:39,27.00,61.00,30.48
24/09/2026,06:21:52,27.00,61.00,30.50
24/09/2026,06:23:03,27.00,61.00,30.50
24/09/2026,06:24:14,27.01,61.00,30.50
24/09/2026,06:25:25,27.03,61.00,30.53
24/09/2026,06:26:36,27.00,61.00,30.49
24/09/2026,06:27:49,27.01,61.00,30.51
24/09/2026,06:29:00,27.00,61.00,30.50
24/09/2026,06:30:11,27.00,61.00,30.49
24/09/2026,06:31:22,27.00,61.00,30.50
24/09/2026,06:32:33,27.00,61.00,30.49
24/09/2026,06:33:47,27.00,61.00,30.49
24/09/2026,06:34:58,27.00,61.00,30.49
24/09/2026,06:36:09,27.00,61.05,30.49
24/09/2026,06:37:20,27.00,61.00,30.49
24/09/2026,06:38:31,27.00,61.08,30.51
24/09/2026,06:39:44,27.01,61.00,30.50
24/09/2026,06:40:55,27.00,61.52,30.55
24/09/2026,06:42:06,27.00,61.84,30.59
24/09/2026,06:43:17,27.00,61.54,30.56
24/09/2026,06:44:28,27.00,61.15,30.51
24/09/2026,06:45:41,27.00,61.85,30.59
24/09/2026,06:46:52,27.00,61.32,30.54
24/09/2026,06:48:03,27.00,61.88,30.60
24/09/2026,06:49:14,27.00,62.00,30.61
24/09/2026,06:50:25,27.00,61.40,30.55
24/09/2026,06:51:38,27.00,61.79,30.59
24/09/2026,06:52:49,27.00,62.00,30.61
24/09/2026,06:54:00,27.00,62.00,30.61
24/09/2026,06:55:11,27.00,62.00,30.61
24/09/2026,06:56:22,27.00,62.00,30.61
24/09/2026,06:57:42,27.00,61.79,30.59
24/09/2026,06:58:53,27.00,62.00,30.61
24/09/2026,07:00:04,27.00,61.88,30.60
24/09/2026,07:01:15,26.96,61.00,30.43
24/09/2026,07:02:26,26.94,61.00,30.40
24/09/2026,07:03:39,26.97,61.00,30.45
24/09/2026,07:04:50,26.95,61.00,30.42
24/09/2026,07:06:01,26.96,61.00,30.43
24/09/2026,07:07:12,26.96,61.00,30.44
24/09/2026,07:08:23,27.00,61.00,30.49
24/09/2026,07:09:36,27.00,61.00,30.48
24/09/2026,07:10:47,27.00,61.00,30.48
24/09/2026,07:11:58,27.00,61.00,30.48
24/09/2026,07:13:09,27.00,61.00,30.49
24/09/2026,07:14:20,27.00,61.00,30.50
24/09/2026,07:15:33,27.02,61.00,30.52
24/09/2026,07:16:44,27.08,61.64,30.68
24/09/2026,07:17:55,27.09,61.22,30.65
24/09/2026,07:19:06,27.08,61.04,30.62
24/09/2026,07:20:17,27.10,61.00,30.64
24/09/2026,07:21:30,27.11,61.04,30.65
24/09/2026,07:22:41,27.11,61.50,30.71
24/09/2026,07:23:52,27.13,61.21,30.70
24/09/2026,07:25:03,27.16,61.00,30.72
24/09/2026,07:26:14,27.17,61.00,30.73
24/09/2026,07:27:28,27.16,61.00,30.73
24/09/2026,07:28:39,27.17,61.00,30.73
24/09/2026,07:29:49,27.17,61.00,30.73
24/09/2026,07:31:00,27.16,61.00,30.73
24/09/2026,07:32:11,27.18,61.00,30.76
24/09/2026,07:33:25,27.20,60.75,30.75
24/09/2026,07:34:36,27.27,61.00,30.89
24/09/2026,07:35:47,27.36,61.00,31.01
24/09/2026,07:36:58,27.40,61.00,31.07
24/09/2026,07:38:09,27.40,61.00,31.07
24/09/2026,07:39:22,27.40,60.83,31.05
24/09/2026,07:40:33,27.36,60.00,30.89
24/09/2026,07:41:44,27.30,60.00,30.80
24/09/2026,07:42:55,27.30,59.21,30.70
24/09/2026,07:44:06,27.30,59.00,30.68
24/09/2026,07:45:19,27.30,59.04,30.68
24/09/2026,07:46:30,27.30,59.00,30.68
24/09/2026,07:47:41,27.34,59.12,30.75
24/09/2026,07:48:52,27.39,59.00,30.80
24/09/2026,07:50:03,27.40,59.00,30.81
24/09/2026,07:51:16,27.38,59.80,30.90
24/09/2026,07:52:27,27.40,59.79,30.91
24/09/2026,07:53:38,27.36,59.50,30.82
24/09/2026,07:54:49,27.38,59.16,30.81
24/09/2026,07:56:00,27.39,59.88,30.92
24/09/2026,07:57:13,27.40,59.00,30.82
24/09/2026,07:58:24,27.40,59.46,30.88
24/09/2026,07:59:35,27.40,59.19,30.85
24/09/2026,08:00:46,27.40,59.83,30.93
24/09/2026,08:01:57,27.41,59.88,30.94
24/09/2026,08:03:10,27.41,59.50,30.90
24/09/2026,08:04:21,27.45,59.00,30.89
24/09/2026,08:05:32,27.50,59.00,30.97
24/09/2026,08:06:43,27.50,59.00,30.97
24/09/2026,08:07:54,27.50,59.00,30.97
24/09/2026,08:09:07,27.48,59.00,30.94
24/09/2026,08:10:18,27.50,59.00,30.97
24/09/2026,08:11:29,27.50,59.00,30.96
24/09/2026,08:12:40,27.50,59.00,30.97
24/09/2026,08:13:51,27.50,59.00,30.97
24/09/2026,08:15:06,27.50,59.00,30.97
24/09/2026,08:16:17,27.50,59.00,30.97
24/09/2026,08:17:28,27.55,59.00,31.03
24/09/2026,08:18:39,27.58,59.00,31.09
24/09/2026,08:19:49,27.60,59.00,31.10
24/09/2026,08:21:03,27.60,59.00,31.11
24/09/2026,08:22:14,27.60,59.00,31.11
24/09/2026,08:23:25,27.60,59.00,31.11
24/09/2026,08:24:36,27.59,59.00,31.10
24/09/2026,08:25:47,27.60,59.00,31.10
24/09/2026,08:27:00,27.60,59.00,31.11
24/09/2026,08:28:11,27.60,59.00,31.11
24/09/2026,08:29:22,27.60,59.00,31.12
24/09/2026,08:30:33,27.63,59.00,31.16
24/09/2026,08:31:44,27.64,59.00,31.17
24/09/2026,08:32:57,27.68,59.00,31.23
24/09/2026,08:34:08,27.72,59.00,31.28
24/09/2026,08:35:19,27.80,59.00,31.40
24/09/2026,08:36:30,27.72,59.00,31.28
24/09/2026,08:37:41,27.65,59.00,31.18
24/09/2026,08:38:54,27.64,59.00,31.16
24/09/2026,08:40:05,27.61,59.00,31.12
24/09/2026,08:41:16,27.63,59.00,31.15
24/09/2026,08:42:27,27.67,59.00,31.21
24/09/2026,08:43:38,27.68,59.00,31.23
24/09/2026,08:44:51,27.68,59.00,31.22
24/09/2026,08:46:02,27.69,59.00,31.24
24/09/2026,08:47:13,27.70,59.00,31.26
24/09/2026,08:48:24,27.73,59.00,31.30
24/09/2026,08:49:35,27.79,59.00,31.39
24/09/2026,08:50:49,27.80,59.00,31.40
24/09/2026,08:52:00,27.80,59.00,31.40
24/09/2026,08:53:11,27.80,59.00,31.40
24/09/2026,08:54:22,27.80,59.00,31.41
24/09/2026,08:55:33,27.80,59.00,31.41
24/09/2026,08:56:46,27.84,59.00,31.46
24/09/2026,08:57:57,27.86,59.00,31.49
24/09/2026,08:59:08,27.90,59.00,31.54
24/09/2026,09:00:19,27.90,59.00,31.54
24/09/2026,09:01:30,27.90,59.00,31.55
24/09/2026,09:02:43,27.90,59.00,31.55
24/09/2026,09:03:54,27.94,59.00,31.60
24/09/2026,09:05:05,28.00,59.00,31.69
24/09/2026,09:06:16,28.02,59.00,31.73
24/09/2026,09:07:27,28.09,59.00,31.83
24/09/2026,09:08:40,28.09,59.00,31.83
24/09/2026,09:09:51,28.10,59.00,31.83
24/09/2026,09:11:02,28.09,59.00,31.83
24/09/2026,09:12:13,28.10,59.00,31.83
24/09/2026,09:13:24,28.10,59.38,31.89
24/09/2026,09:14:37,28.11,60.00,31.98
24/09/2026,09:15:48,28.16,60.00,32.06
24/09/2026,09:16:59,28.19,60.00,32.10
24/09/2026,09:18:10,28.20,60.00,32.12
24/09/2026,09:19:21,28.20,60.00,32.12
24/09/2026,09:20:35,28.21,60.00,32.14
24/09/2026,09:21:46,28.21,60.00,32.13
24/09/2026,09:22:57,28.23,60.00,32.16
24/09/2026,09:24:08,28.21,60.00,32.13
24/09/2026,09:25:19,28.21,60.00,32.13
24/09/2026,09:26:32,28.28,60.00,32.23
24/09/2026,09:27:43,28.30,60.00,32.26
24/09/2026,09:28:54,28.30,60.00,32.26
24/09/2026,09:30:05,28.33,60.00,32.31
24/09/2026,09:31:16,28.31,60.00,32.28
24/09/2026,09:32:29,28.30,60.85,32.37
24/09/2026,09:33:40,28.29,60.28,32.29
24/09/2026,09:34:51,28.30,60.84,32.38
24/09/2026,09:36:02,28.30,60.19,32.29
24/09/2026,09:37:13,28.28,60.19,32.27
24/09/2026,09:38:26,28.27,60.00,32.22
24/09/2026,09:39:37,28.25,60.00,32.19
24/09/2026,09:40:48,28.30,60.00,32.26
24/09/2026,09:41:59,28.30,60.00,32.26
24/09/2026,09:43:10,28.32,60.00,32.29
24/09/2026,09:44:23,28.31,60.00,32.27
24/09/2026,09:45:34,28.28,60.00,32.23
24/09/2026,09:46:45,28.25,60.00,32.20
24/09/2026,09:47:56,28.27,60.00,32.22
24/09/2026,09:49:07,28.26,60.00,32.20
24/09/2026,09:50:20,28.20,60.00,32.12
24/09/2026,09:51:31,28.20,60.00,32.12
24/09/2026,09:52:42,28.20,60.00,32.12
24/09/2026,09:53:53,28.20,60.00,32.12
24/09/2026,09:55:04,28.18,60.00,32.08
24/09/2026,09:56:18,28.10,60.00,31.98
24/09/2026,09:57:29,28.09,60.00,31.96
24/09/2026,09:58:40,28.03,60.00,31.87
24/09/2026,09:59:50,28.00,60.00,31.82
24/09/2026,10:01:01,28.00,60.00,31.82
24/09/2026,10:02:15,28.00,60.00,31.82
24/09/2026,10:03:26,28.00,60.00,31.82
24/09/2026,10:04:37,28.00,60.00,31.82
24/09/2026,10:05:48,28.00,60.00,31.83
24/09/2026,10:06:59,28.00,60.00,31.82
24/09/2026,10:08:12,28.01,60.00,31.83
24/09/2026,10:09:23,28.00,60.00,31.83
24/09/2026,10:10:34,27.99,60.00,31.81
24/09/2026,10:11:45,27.98,60.00,31.79
24/09/2026,10:12:56,27.97,60.00,31.78
24/09/2026,10:14:09,27.96,60.00,31.76
24/09/2026,10:15:20,27.95,60.00,31.75
24/09/2026,10:16:31,27.90,60.00,31.68
24/09/2026,10:17:42,27.92,60.00,31.71
24/09/2026,10:18:53,27.99,60.00,31.80
24/09/2026,10:20:06,28.00,60.00,31.82
24/09/2026,10:21:17,28.06,60.00,31.90
24/09/2026,10:22:28,28.10,60.00,31.97
24/09/2026,10:23:39,28.10,60.00,31.97
24/09/2026,10:24:50,28.05,60.00,31.89
24/09/2026,10:26:04,28.00,60.84,31.93
24/09/2026,10:27:15,27.99,61.00,31.94
24/09/2026,10:28:26,27.99,61.00,31.94
24/09/2026,10:29:37,27.94,61.00,31.86
24/09/2026,10:30:47,27.96,61.09,31.91
24/09/2026,10:32:01,28.00,61.92,32.07
24/09/2026,10:33:12,27.99,62.00,32.07
24/09/2026,10:34:23,27.91,62.00,31.95
24/09/2026,10:35:34,27.90,62.00,31.94
24/09/2026,10:36:45,27.89,62.00,31.92
24/09/2026,10:37:58,27.90,62.00,31.93
24/09/2026,10:39:09,27.90,62.00,31.94
24/09/2026,10:40:20,27.90,62.00,31.94
24/09/2026,10:41:31,27.89,62.00,31.92
24/09/2026,10:42:42,27.90,62.00,31.94
24/09/2026,10:43:56,27.95,62.00,32.00
24/09/2026,10:45:07,28.00,62.00,32.08
24/09/2026,10:46:18,28.01,62.00,32.10
24/09/2026,10:47:29,28.00,62.00,32.08
24/09/2026,10:48:40,28.00,62.00,32.08
24/09/2026,10:49:53,28.00,62.00,32.08
24/09/2026,10:51:04,28.00,62.00,32.08
24/09/2026,10:52:15,27.95,62.00,32.00
24/09/2026,10:53:26,27.92,62.00,31.96
24/09/2026,10:54:37,27.90,62.00,31.94
24/09/2026,10:55:50,27.90,62.00,31.94
24/09/2026,10:57:01,27.90,62.56,32.01
24/09/2026,10:58:12,27.90,62.15,31.95
24/09/2026,10:59:23,27.90,62.00,31.94
24/09/2026,11:00:34,27.89,62.00,31.92
24/09/2026,11:01:47,27.90,62.00,31.94
24/09/2026,11:02:58,27.90,62.00,31.94
24/09/2026,11:04:09,27.90,62.00,31.94
24/09/2026,11:05:20,27.89,62.00,31.92
24/09/2026,11:06:31,27.83,62.00,31.84
24/09/2026,11:07:45,27.81,62.00,31.80
24/09/2026,11:08:56,27.80,62.68,31.87
24/09/2026,11:10:06,27.80,63.00,31.92
24/09/2026,11:11:17,27.80,63.00,31.91
24/09/2026,11:12:28,27.80,63.00,31.92
24/09/2026,11:13:42,27.80,63.00,31.92
24/09/2026,11:14:53,27.80,63.00,31.92
24/09/2026,11:16:04,27.80,63.00,31.92
24/09/2026,11:17:15,27.80,63.00,31.91
24/09/2026,11:18:25,27.80,63.00,31.92
24/09/2026,11:19:39,27.80,63.00,31.92
24/09/2026,11:20:50,27.80,63.00,31.92
24/09/2026,11:22:01,27.80,63.00,31.92
24/09/2026,11:23:12,27.80,63.00,31.92
24/09/2026,11:24:23,27.80,63.00,31.92
24/09/2026,11:25:36,27.81,63.00,31.93
24/09/2026,11:26:47,27.80,63.00,31.92
24/09/2026,11:27:58,27.80,63.00,31.92
24/09/2026,11:29:09,27.80,63.00,31.92
24/09/2026,11:30:20,27.80,63.00,31.92
24/09/2026,11:31:33,27.80,63.00,31.91
24/09/2026,11:32:44,27.80,63.00,31.92
24/09/2026,11:33:55,27.80,63.00,31.92
24/09/2026,11:35:06,27.80,63.00,31.92
24/09/2026,11:36:17,27.80,63.00,31.92
24/09/2026,11:37:31,27.79,63.00,31.90
24/09/2026,11:38:42,27.80,63.00,31.92
24/09/2026,11:39:53,27.80,63.00,31.92
24/09/2026,11:41:04,27.80,63.20,31.95
24/09/2026,11:42:15,27.80,64.00,32.04
24/09/2026,11:43:28,27.80,64.00,32.04
24/09/2026,11:44:39,27.79,64.00,32.03
24/09/2026,11:45:50,27.73,63.96,31.93
24/09/2026,11:47:01,27.70,64.00,31.89
24/09/2026,11:48:12,27.67,64.00,31.85
24/09/2026,11:49:25,27.61,64.00,31.76
24/09/2026,11:50:36,27.62,64.00,31.78
24/09/2026,11:51:47,27.77,64.00,32.00
24/09/2026,11:52:58,27.80,64.00,32.04
24/09/2026,11:54:09,27.80,64.00,32.04
24/09/2026,11:55:22,27.80,64.00,32.04
24/09/2026,11:56:33,27.80,64.00,32.04
24/09/2026,11:57:44,27.80,63.04,31.92
24/09/2026,11:58:55,27.79,63.00,31.90
24/09/2026,12:00:06,27.76,63.16,31.88
24/09/2026,12:01:20,27.77,63.27,31.91
24/09/2026,12:02:31,27.80,63.00,31.91
24/09/2026,12:03:42,27.80,63.00,31.91
24/09/2026,12:04:53,27.80,63.00,31.92
24/09/2026,12:06:04,27.80,63.00,31.92
24/09/2026,12:07:20,27.80,63.00,31.92
24/09/2026,12:08:31,27.80,63.00,31.92
24/09/2026,12:09:42,27.80,63.00,31.92
24/09/2026,12:10:53,27.80,63.00,31.92
24/09/2026,12:12:04,27.80,63.00,31.92
24/09/2026,12:13:18,27.79,63.00,31.90
24/09/2026,12:14:29,27.79,63.00,31.89
24/09/2026,12:15:39,27.75,63.00,31.85
24/09/2026,12:16:50,27.78,63.00,31.89
24/09/2026,12:18:01,27.80,62.04,31.79
24/09/2026,12:19:15,27.80,62.00,31.79
24/09/2026,12:20:26,27.80,62.00,31.79
24/09/2026,12:21:37,27.80,62.88,31.89
24/09/2026,12:22:48,27.80,63.00,31.92
24/09/2026,12:23:59,27.80,63.00,31.92
24/09/2026,12:25:12,27.80,63.00,31.92
24/09/2026,12:26:23,27.80,63.00,31.92
24/09/2026,12:27:34,27.80,62.80,31.89
24/09/2026,12:28:45,27.80,62.04,31.79
24/09/2026,12:29:56,27.80,62.00,31.79
24/09/2026,12:31:09,27.80,62.00,31.79
24/09/2026,12:32:20,27.81,61.29,31.71
24/09/2026,12:33:31,27.80,61.00,31.66
24/09/2026,12:34:42,27.80,61.00,31.66
24/09/2026,12:35:53,27.80,61.00,31.66
24/09/2026,12:37:07,27.80,61.00,31.66
24/09/2026,12:38:18,27.90,61.00,31.80
24/09/2026,12:39:28,27.98,60.00,31.80
24/09/2026,12:40:39,28.00,60.00,31.82
24/09/2026,12:41:50,28.01,60.00,31.83
24/09/2026,12:43:04,28.02,60.00,31.85
24/09/2026,12:44:15,28.08,60.00,31.94
24/09/2026,12:45:26,28.07,60.00,31.92
24/09/2026,12:46:36,28.08,60.00,31.95
24/09/2026,12:47:47,28.00,60.00,31.83
24/09/2026,12:49:01,27.98,59.64,31.75
24/09/2026,12:50:12,27.89,59.00,31.54
24/09/2026,12:51:23,27.81,58.88,31.40
24/09/2026,12:52:34,27.80,58.00,31.27
24/09/2026,12:53:45,27.76,58.00,31.21
24/09/2026,12:54:58,27.75,58.00,31.19
24/09/2026,12:56:09,27.70,57.65,31.09
24/09/2026,12:57:20,27.65,56.81,30.91
24/09/2026,12:58:31,27.61,56.00,30.74
24/09/2026,12:59:42,27.60,56.04,30.73
24/09/2026,13:00:55,27.60,57.00,30.86
24/09/2026,13:02:06,27.60,56.32,30.77
24/09/2026,13:03:17,27.61,56.54,30.82
24/09/2026,13:04:28,27.67,57.00,30.96
24/09/2026,13:05:39,27.78,56.92,31.10
24/09/2026,13:06:52,27.78,56.92,31.11
24/09/2026,13:08:03,27.79,57.00,31.13
24/09/2026,13:09:14,27.80,57.00,31.15
24/09/2026,13:10:25,27.80,57.00,31.14
24/09/2026,13:11:36,27.77,56.12,30.98
24/09/2026,13:12:50,27.72,56.83,31.00
24/09/2026,13:14:01,27.72,56.96,31.02
24/09/2026,13:15:12,27.77,57.00,31.10
24/09/2026,13:16:23,27.72,57.00,31.02
24/09/2026,13:17:34,27.70,57.54,31.06
24/09/2026,13:18:47,27.75,58.00,31.20
24/09/2026,13:19:58,27.77,58.00,31.22
24/09/2026,13:21:09,27.79,58.00,31.25
24/09/2026,13:22:20,27.78,58.46,31.31
24/09/2026,13:23:31,27.80,59.00,31.40
24/09/2026,13:24:45,27.80,58.16,31.29
24/09/2026,13:25:56,27.80,58.00,31.27
24/09/2026,13:27:07,27.80,58.00,31.27
24/09/2026,13:28:18,27.80,57.04,31.14
24/09/2026,13:29:28,27.80,56.76,31.12
24/09/2026,13:30:42,27.80,56.00,31.01
24/09/2026,13:31:53,27.80,56.00,31.01
24/09/2026,13:33:04,27.80,56.00,31.02
24/09/2026,13:34:15,27.82,56.00,31.05
24/09/2026,13:35:26,27.83,56.00,31.05
24/09/2026,13:36:39,27.89,56.72,31.23
24/09/2026,13:37:50,27.88,57.00,31.26
24/09/2026,13:39:01,27.90,57.81,31.39
24/09/2026,13:40:12,27.90,59.00,31.55
24/09/2026,13:41:23,27.90,60.00,31.67
24/09/2026,13:42:36,27.90,60.83,31.78
24/09/2026,13:43:47,27.90,61.00,31.80
24/09/2026,13:44:58,27.80,61.96,31.79
24/09/2026,13:46:09,27.80,62.00,31.79
24/09/2026,13:47:20,27.80,62.00,31.79
24/09/2026,13:48:34,27.78,62.00,31.76
24/09/2026,13:49:45,27.80,62.00,31.79
24/09/2026,13:50:56,27.80,62.00,31.78
24/09/2026,13:52:07,27.79,62.42,31.83
24/09/2026,13:53:18,27.80,63.00,31.92
24/09/2026,13:54:31,27.80,63.00,31.92
24/09/2026,13:55:42,27.80,63.00,31.92
24/09/2026,13:56:53,27.83,63.00,31.97
24/09/2026,13:58:04,27.82,63.00,31.94
24/09/2026,13:59:15,27.80,63.92,32.03
24/09/2026,14:00:28,27.81,64.00,32.06
24/09/2026,14:01:39,27.81,64.00,32.06
24/09/2026,14:02:50,27.81,63.58,32.00
24/09/2026,14:04:01,27.81,63.00,31.93
24/09/2026,14:05:12,27.85,63.96,32.11
24/09/2026,14:06:26,27.87,64.00,32.15
24/09/2026,14:07:37,27.88,64.00,32.16
24/09/2026,14:08:47,27.84,64.00,32.10
24/09/2026,14:09:58,27.89,64.00,32.18
24/09/2026,14:11:09,27.90,64.00,32.19
24/09/2026,14:12:23,27.91,64.00,32.21
24/09/2026,14:13:34,27.90,64.80,32.30
24/09/2026,14:14:45,27.90,65.00,32.33
24/09/2026,14:15:56,27.90,65.00,32.33
24/09/2026,14:17:07,27.90,65.21,32.35
24/09/2026,14:18:20,27.90,66.00,32.45
24/09/2026,14:19:31,27.90,66.00,32.45
24/09/2026,14:20:42,27.88,66.00,32.42
24/09/2026,14:21:53,27.85,66.04,32.38
24/09/2026,14:23:04,27.80,67.00,32.43
24/09/2026,14:24:17,27.78,67.00,32.39
24/09/2026,14:25:28,27.77,67.00,32.38
24/09/2026,14:26:39,27.80,67.00,32.43
24/09/2026,14:27:50,27.80,66.04,32.31
24/09/2026,14:29:01,27.88,66.00,32.42
24/09/2026,14:30:15,27.95,66.00,32.53
24/09/2026,14:31:26,28.00,66.00,32.61
24/09/2026,14:32:37,28.00,66.00,32.61
24/09/2026,14:33:48,28.00,66.00,32.60
24/09/2026,14:34:59,28.00,66.00,32.60
24/09/2026,14:36:12,28.00,65.30,32.51
24/09/2026,14:37:23,28.01,65.00,32.49
24/09/2026,14:38:34,28.00,65.00,32.48
24/09/2026,14:39:45,28.01,65.00,32.49
24/09/2026,14:40:56,28.00,65.50,32.53
24/09/2026,14:42:10,27.93,66.00,32.50
24/09/2026,14:43:21,27.92,66.36,32.53
24/09/2026,14:44:32,27.94,67.00,32.65
24/09/2026,14:45:43,27.94,67.52,32.72
24/09/2026,14:46:54,27.91,68.00,32.73
24/09/2026,14:48:07,27.90,69.00,32.85
24/09/2026,14:49:18,27.92,69.00,32.87
24/09/2026,14:50:29,27.97,69.00,32.94
24/09/2026,14:51:40,27.96,69.00,32.94
24/09/2026,14:52:51,27.99,69.00,32.98
24/09/2026,14:54:04,27.97,69.00,32.95
24/09/2026,14:55:15,27.98,69.00,32.97
24/09/2026,14:56:26,27.98,69.71,33.06
24/09/2026,14:57:37,28.00,69.85,33.11
24/09/2026,14:58:48,28.00,69.00,32.99
24/09/2026,15:00:01,27.99,69.00,32.98
24/09/2026,15:01:12,27.98,69.00,32.97
24/09/2026,15:02:23,27.93,69.00,32.89
24/09/2026,15:03:34,27.91,69.00,32.85
24/09/2026,15:04:45,27.90,69.00,32.84
24/09/2026,15:05:59,27.90,69.12,32.86
24/09/2026,15:07:10,27.90,69.41,32.90
24/09/2026,15:08:21,27.90,69.00,32.85
24/09/2026,15:09:32,27.91,69.00,32.86
24/09/2026,15:10:43,27.91,69.00,32.85
24/09/2026,15:11:56,27.92,69.00,32.87
24/09/2026,15:13:07,27.92,69.00,32.87
24/09/2026,15:14:18,27.93,68.96,32.88
24/09/2026,15:15:29,27.93,68.96,32.88
24/09/2026,15:16:40,27.95,69.00,32.92
24/09/2026,15:17:53,27.94,69.00,32.91
24/09/2026,15:19:04,27.92,69.00,32.87
24/09/2026,15:20:15,27.92,69.04,32.87
24/09/2026,15:21:26,27.91,69.00,32.86
24/09/2026,15:22:37,27.94,69.00,32.90
24/09/2026,15:23:51,27.97,69.00,32.95
24/09/2026,15:25:02,27.99,69.00,32.98
24/09/2026,15:26:12,27.96,69.00,32.93
24/09/2026,15:27:23,27.91,69.00,32.85
24/09/2026,15:28:34,27.91,69.00,32.86
24/09/2026,15:29:50,27.97,69.00,32.96
24/09/2026,15:31:01,27.99,69.00,32.98
24/09/2026,15:32:12,28.00,69.00,33.00
24/09/2026,15:33:23,28.00,69.00,33.00
24/09/2026,15:34:34,28.00,69.00,33.00
24/09/2026,15:35:55,28.01,69.04,33.02
24/09/2026,15:37:06,28.02,69.00,33.02
24/09/2026,15:38:17,28.00,69.00,33.00
24/09/2026,15:39:28,28.03,69.00,33.04
24/09/2026,15:40:38,28.08,69.62,33.21
24/09/2026,15:41:52,28.05,70.00,33.21
24/09/2026,15:43:03,28.05,70.00,33.20
24/09/2026,15:44:14,28.06,69.92,33.21
24/09/2026,15:45:25,28.07,70.04,33.24
24/09/2026,15:46:36,28.08,71.00,33.37
24/09/2026,15:47:49,28.03,71.00,33.31
24/09/2026,15:49:00,28.00,71.00,33.25
24/09/2026,15:50:11,28.00,71.00,33.26
24/09/2026,15:51:22,27.93,71.00,33.15
24/09/2026,15:52:33,27.98,71.00,33.23
24/09/2026,15:53:46,27.99,71.00,33.24
24/09/2026,15:54:57,27.91,71.00,33.12
24/09/2026,15:56:08,27.90,71.00,33.11
24/09/2026,15:57:19,27.90,71.00,33.10
24/09/2026,15:58:30,27.88,71.00,33.08
24/09/2026,15:59:45,27.90,71.00,33.11
24/09/2026,16:00:56,27.98,70.83,33.20
24/09/2026,16:02:07,28.00,70.00,33.13
24/09/2026,16:03:18,28.01,70.11,33.16
24/09/2026,16:04:29,28.09,71.00,33.40
24/09/2026,16:05:42,28.10,71.00,33.41
24/09/2026,16:06:53,28.10,72.00,33.54
24/09/2026,16:08:04,28.10,72.00,33.54
24/09/2026,16:09:15,28.10,71.04,33.42
24/09/2026,16:10:26,28.10,71.00,33.41
24/09/2026,16:11:40,28.10,71.00,33.41
24/09/2026,16:12:51,28.07,71.00,33.37
24/09/2026,16:14:02,28.10,71.00,33.41
24/09/2026,16:15:13,28.10,71.00,33.41
24/09/2026,16:16:24,28.11,71.00,33.42
24/09/2026,16:17:37,28.10,71.00,33.41
24/09/2026,16:18:48,28.10,71.00,33.42
24/09/2026,16:19:59,28.10,71.00,33.41
24/09/2026,16:21:10,28.10,71.00,33.41
24/09/2026,16:22:21,28.11,71.00,33.43
24/09/2026,16:23:35,28.10,71.00,33.42
24/09/2026,16:24:46,28.17,71.00,33.52
24/09/2026,16:25:57,28.20,71.00,33.56
24/09/2026,16:27:08,28.20,71.52,33.63
24/09/2026,16:28:19,28.18,71.33,33.57
24/09/2026,16:29:33,28.18,71.00,33.54
24/09/2026,16:30:44,28.18,71.00,33.53
24/09/2026,16:31:55,28.16,71.00,33.50
24/09/2026,16:33:06,28.14,71.00,33.47
24/09/2026,16:34:16,28.10,70.08,33.29
24/09/2026,16:35:38,28.10,70.81,33.38
24/09/2026,16:36:49,28.05,71.00,33.33
24/09/2026,16:38:00,28.00,71.00,33.26
24/09/2026,16:39:11,28.00,71.00,33.26
24/09/2026,16:40:22,28.00,71.00,33.26
24/09/2026,16:41:38,28.00,71.00,33.26
24/09/2026,16:42:49,28.00,71.08,33.27
24/09/2026,16:43:59,28.00,71.96,33.39
24/09/2026,16:45:10,28.01,72.00,33.41
24/09/2026,16:46:21,28.01,72.00,33.41
24/09/2026,16:47:35,28.02,72.00,33.42
24/09/2026,16:48:46,28.00,72.00,33.39
24/09/2026,16:49:57,28.00,71.36,33.30
24/09/2026,16:51:08,28.00,71.41,33.31
24/09/2026,16:52:19,28.03,72.00,33.43
24/09/2026,16:55:02,28.00,72.00,33.39
24/09/2026,16:56:13,28.00,72.00,33.39
24/09/2026,16:57:24,28.00,72.00,33.39
24/09/2026,16:58:35,28.03,72.00,33.44
24/09/2026,16:59:46,28.10,71.71,33.50
24/09/2026,17:01:02,28.10,71.54,33.48
24/09/2026,17:02:13,28.10,71.08,33.42
24/09/2026,17:03:24,28.11,71.04,33.43
24/09/2026,17:04:35,28.15,71.68,33.58
24/09/2026,17:05:46,28.20,72.00,33.70
24/09/2026,17:07:01,28.30,71.04,33.72
24/09/2026,17:08:12,28.30,71.80,33.83
24/09/2026,17:09:23,28.30,72.00,33.86
24/09/2026,17:10:34,28.38,72.00,33.98
24/09/2026,17:11:45,28.40,71.00,33.87
24/09/2026,17:12:59,28.39,70.88,33.85
24/09/2026,17:14:10,28.38,70.00,33.72
24/09/2026,17:15:21,28.35,70.00,33.67
24/09/2026,17:16:32,28.31,70.00,33.61
24/09/2026,17:17:43,28.22,70.00,33.46
24/09/2026,17:18:57,28.21,70.96,33.58
24/09/2026,17:20:08,28.27,71.00,33.68
24/09/2026,17:21:19,28.30,71.00,33.73
24/09/2026,17:22:30,28.32,71.00,33.76
24/09/2026,17:23:41,28.31,71.00,33.74
24/09/2026,17:24:54,28.31,71.00,33.74
24/09/2026,17:26:05,28.30,71.00,33.72
24/09/2026,17:27:16,28.30,70.12,33.61
24/09/2026,17:28:27,28.27,70.41,33.60
24/09/2026,17:29:38,28.26,70.26,33.56
24/09/2026,17:30:52,28.22,70.29,33.51
24/09/2026,17:32:03,28.21,71.00,33.59
24/09/2026,17:33:14,28.27,71.00,33.68
24/09/2026,17:34:25,28.27,71.00,33.67
24/09/2026,17:35:36,28.25,71.00,33.64
24/09/2026,17:36:56,28.22,71.00,33.61
24/09/2026,17:38:07,28.21,71.00,33.58
24/09/2026,17:39:18,28.19,71.00,33.55
24/09/2026,17:40:29,28.20,71.00,33.57
24/09/2026,17:41:40,28.20,71.00,33.57
24/09/2026,17:42:54,28.24,71.00,33.63
24/09/2026,17:44:05,28.20,70.80,33.55
24/09/2026,17:45:16,28.18,70.00,33.40
24/09/2026,17:46:26,28.20,70.00,33.43
24/09/2026,17:47:37,28.18,70.00,33.40
24/09/2026,17:48:52,28.20,70.00,33.44
24/09/2026,17:50:03,28.19,70.00,33.42
24/09/2026,17:51:14,28.16,70.00,33.37
24/09/2026,17:52:25,28.10,70.00,33.29
24/09/2026,17:53:36,28.10,70.00,33.28
24/09/2026,17:54:49,28.10,70.00,33.28
24/09/2026,17:56:00,28.10,70.00,33.27
24/09/2026,17:57:11,28.10,70.00,33.27
24/09/2026,17:58:22,28.01,70.00,33.14
24/09/2026,17:59:33,28.00,70.00,33.13
24/09/2026,18:00:47,27.99,70.00,33.11
24/09/2026,18:01:58,28.00,70.42,33.17
24/09/2026,18:03:08,27.98,71.00,33.23
24/09/2026,18:04:19,27.91,71.00,33.11
24/09/2026,18:05:30,27.90,71.00,33.11
24/09/2026,18:06:44,27.90,70.96,33.10
24/09/2026,18:07:55,27.89,71.00,33.09
24/09/2026,18:09:06,27.90,71.00,33.10
24/09/2026,18:10:17,27.92,71.00,33.14
24/09/2026,18:11:28,27.91,71.00,33.12
24/09/2026,18:12:42,27.90,70.08,32.98
24/09/2026,18:13:53,27.90,70.00,32.97
24/09/2026,18:15:04,27.90,70.44,33.03
24/09/2026,18:16:15,27.88,71.00,33.07
24/09/2026,18:17:26,27.81,71.00,32.96
24/09/2026,18:18:39,27.80,71.00,32.95
24/09/2026,18:19:50,27.80,71.00,32.95
24/09/2026,18:21:01,27.80,71.12,32.96
24/09/2026,18:22:12,27.80,71.04,32.95
24/09/2026,18:23:23,27.80,71.00,32.95
24/09/2026,18:24:37,27.80,71.00,32.95
24/09/2026,18:25:48,27.79,71.00,32.93
24/09/2026,18:26:59,27.77,71.00,32.90
24/09/2026,18:28:10,27.75,71.00,32.87
24/09/2026,18:29:21,27.70,71.00,32.79
24/09/2026,18:30:34,27.64,71.00,32.70
24/09/2026,18:31:45,27.61,71.22,32.69
24/09/2026,18:32:56,27.62,72.00,32.80
24/09/2026,18:34:07,27.69,72.00,32.90
24/09/2026,18:35:18,27.67,72.00,32.88
24/09/2026,18:36:32,27.70,72.00,32.92
24/09/2026,18:37:43,27.70,72.00,32.93
24/09/2026,18:38:54,27.69,72.00,32.90
24/09/2026,18:40:05,27.63,72.00,32.81
24/09/2026,18:41:16,27.71,71.83,32.92
24/09/2026,18:42:30,27.75,71.00,32.86
24/09/2026,18:43:41,27.70,71.00,32.79
24/09/2026,18:44:52,27.63,71.00,32.69
24/09/2026,18:46:03,27.64,71.00,32.70
24/09/2026,18:47:14,27.63,71.00,32.69
24/09/2026,18:48:28,27.64,71.00,32.70
24/09/2026,18:49:39,27.69,71.00,32.78
24/09/2026,18:50:49,27.69,71.91,32.89
24/09/2026,18:52:00,27.69,72.00,32.90
24/09/2026,18:53:11,27.69,72.00,32.90
24/09/2026,18:54:25,27.70,72.00,32.93
24/09/2026,18:55:36,27.64,72.00,32.83
24/09/2026,18:56:47,27.62,72.00,32.80
24/09/2026,18:57:58,27.64,72.00,32.83
24/09/2026,18:59:09,27.68,72.00,32.88
24/09/2026,19:00:22,27.68,72.00,32.88
24/09/2026,19:01:33,27.65,72.00,32.84
24/09/2026,19:02:44,27.62,72.00,32.80
24/09/2026,19:03:55,27.66,72.00,32.86
24/09/2026,19:05:06,27.71,72.00,32.93
24/09/2026,19:06:20,27.72,72.00,32.95
24/09/2026,19:07:31,27.72,72.00,32.94
24/09/2026,19:08:42,27.72,72.00,32.95
24/09/2026,19:09:53,27.76,72.00,33.02
24/09/2026,19:11:04,27.71,72.12,32.96
24/09/2026,19:12:17,27.70,73.00,33.05
24/09/2026,19:13:28,27.70,73.00,33.05
24/09/2026,19:14:39,27.71,73.00,33.06
24/09/2026,19:15:50,27.62,73.00,32.92
24/09/2026,19:17:01,27.61,73.00,32.90
24/09/2026,19:18:15,27.64,73.00,32.95
24/09/2026,19:19:26,27.62,73.00,32.92
24/09/2026,19:20:37,27.62,73.00,32.92
24/09/2026,19:21:47,27.62,73.00,32.92
24/09/2026,19:22:58,27.60,73.00,32.90
24/09/2026,19:24:12,27.61,73.00,32.91
24/09/2026,19:25:23,27.67,73.00,33.00
24/09/2026,19:26:34,27.70,73.00,33.05
24/09/2026,19:27:45,27.71,73.00,33.06
24/09/2026,19:28:56,27.73,73.48,33.15
24/09/2026,19:30:10,27.72,73.25,33.11
24/09/2026,19:31:21,27.72,73.00,33.07
24/09/2026,19:32:32,27.69,73.00,33.04
24/09/2026,19:33:43,27.71,73.00,33.06
24/09/2026,19:34:54,27.70,73.00,33.04
24/09/2026,19:36:07,27.75,73.46,33.18
24/09/2026,19:37:18,27.75,74.00,33.25
24/09/2026,19:38:29,27.70,74.00,33.18
24/09/2026,19:39:40,27.70,74.00,33.17
24/09/2026,19:40:51,27.69,74.00,33.16
24/09/2026,19:42:05,27.65,74.00,33.09
24/09/2026,19:43:16,27.67,74.00,33.13
24/09/2026,19:44:26,27.70,74.00,33.18
24/09/2026,19:45:37,27.70,74.00,33.17
24/09/2026,19:46:48,27.76,74.00,33.27
24/09/2026,19:48:02,27.79,74.00,33.32
24/09/2026,19:49:13,27.80,74.00,33.33
24/09/2026,19:50:24,27.80,74.00,33.34
24/09/2026,19:51:35,27.86,74.00,33.43
24/09/2026,19:52:46,27.83,74.00,33.38
24/09/2026,19:54:01,27.84,74.00,33.39
24/09/2026,19:55:12,27.89,74.26,33.50
24/09/2026,19:56:23,27.91,74.96,33.63
24/09/2026,19:57:34,27.90,75.00,33.62
24/09/2026,19:58:45,27.90,75.00,33.62
24/09/2026,19:59:59,27.90,75.00,33.61
24/09/2026,20:01:10,27.90,75.00,33.62
24/09/2026,20:02:21,27.90,75.00,33.61
24/09/2026,20:03:32,27.90,75.00,33.63
24/09/2026,20:04:43,28.00,75.00,33.78
24/09/2026,20:05:56,28.10,75.00,33.94
24/09/2026,20:07:07,28.13,74.48,33.92
24/09/2026,20:08:18,28.10,74.00,33.81
24/09/2026,20:09:29,28.10,74.00,33.81
24/09/2026,20:10:40,28.10,74.00,33.81
24/09/2026,20:11:55,28.10,74.00,33.81
24/09/2026,20:13:06,28.10,74.00,33.81
24/09/2026,20:14:17,28.10,74.00,33.80
24/09/2026,20:15:28,28.10,74.00,33.80
24/09/2026,20:16:39,28.07,74.00,33.76
24/09/2026,20:18:02,28.07,74.00,33.75
24/09/2026,20:19:13,28.10,74.00,33.81
24/09/2026,20:20:24,28.13,74.00,33.86
24/09/2026,20:21:35,28.20,74.00,33.97
24/09/2026,20:22:46,28.30,73.96,34.12
24/09/2026,20:24:00,28.29,73.08,33.99
24/09/2026,20:25:11,28.29,73.00,33.98
24/09/2026,20:26:22,28.26,73.00,33.92
24/09/2026,20:27:33,28.24,73.00,33.90
24/09/2026,20:28:44,28.25,73.00,33.91
24/09/2026,20:29:58,28.26,73.00,33.92
24/09/2026,20:31:08,28.27,73.00,33.94
24/09/2026,20:32:19,28.28,73.00,33.96
24/09/2026,20:33:30,28.21,73.00,33.85
24/09/2026,20:34:41,28.17,73.00,33.78
24/09/2026,20:35:55,28.18,73.00,33.81
24/09/2026,20:37:06,28.27,73.14,33.96
24/09/2026,20:38:17,28.25,73.00,33.91
24/09/2026,20:39:28,28.30,73.00,33.98
24/09/2026,20:40:39,28.35,73.00,34.07
24/09/2026,20:41:52,28.42,72.89,34.16
24/09/2026,20:43:03,28.53,72.00,34.21
24/09/2026,20:44:14,28.61,72.00,34.34
24/09/2026,20:45:25,28.65,71.96,34.40
24/09/2026,20:46:36,28.70,71.48,34.42
24/09/2026,20:47:50,28.70,71.00,34.35
24/09/2026,20:49:01,28.70,71.00,34.34
24/09/2026,20:50:12,28.70,71.00,34.35
24/09/2026,20:51:23,28.70,71.00,34.35
24/09/2026,20:52:34,28.70,71.00,34.34
24/09/2026,20:53:47,28.68,71.00,34.32
24/09/2026,20:54:58,28.62,71.00,34.23
24/09/2026,20:56:09,28.67,70.96,34.29
24/09/2026,20:57:20,28.70,71.00,34.35
24/09/2026,20:58:31,28.73,70.85,34.38
24/09/2026,20:59:45,28.80,70.04,34.38
24/09/2026,21:00:56,28.81,70.00,34.38
24/09/2026,21:02:07,28.80,70.00,34.37
24/09/2026,21:03:18,28.80,69.96,34.37
24/09/2026,21:04:28,28.88,70.00,34.49
24/09/2026,21:05:42,28.90,70.00,34.52
24/09/2026,21:06:53,28.78,70.00,34.34
24/09/2026,21:08:04,28.70,70.00,34.21
24/09/2026,21:09:15,28.68,70.00,34.19
24/09/2026,21:10:26,28.60,70.00,34.06
24/09/2026,21:11:40,28.58,70.00,34.03
24/09/2026,21:12:51,28.58,70.04,34.03
24/09/2026,21:14:02,28.53,70.00,33.95
24/09/2026,21:15:13,28.48,70.33,33.92
24/09/2026,21:16:23,28.49,70.04,33.89
24/09/2026,21:17:37,28.47,70.00,33.85
24/09/2026,21:18:48,28.43,70.04,33.81
24/09/2026,21:19:59,28.42,70.00,33.77
24/09/2026,21:21:10,28.40,70.00,33.75
24/09/2026,21:22:21,28.37,70.00,33.70
24/09/2026,21:23:35,28.30,70.00,33.59
24/09/2026,21:24:46,28.31,70.00,33.61
24/09/2026,21:25:57,28.35,70.00,33.67
24/09/2026,21:27:08,28.30,70.00,33.59
24/09/2026,21:28:19,28.31,70.00,33.60
24/09/2026,21:29:33,28.33,70.00,33.63
24/09/2026,21:30:44,28.30,70.00,33.58
24/09/2026,21:31:55,28.24,70.00,33.50
24/09/2026,21:33:06,28.25,70.00,33.52
24/09/2026,21:34:17,28.26,70.00,33.52
24/09/2026,21:35:30,28.24,69.92,33.48
24/09/2026,21:36:41,28.21,69.88,33.44
24/09/2026,21:37:52,28.20,69.04,33.30
24/09/2026,21:39:03,28.16,69.00,33.25
24/09/2026,21:40:14,28.10,69.00,33.16
24/09/2026,21:41:27,28.10,69.00,33.16
24/09/2026,21:42:38,28.11,69.00,33.16
24/09/2026,21:43:49,28.10,69.00,33.16
24/09/2026,21:45:00,28.08,69.00,33.13
24/09/2026,21:46:11,28.09,69.00,33.13
24/09/2026,21:47:25,28.10,69.00,33.14
24/09/2026,21:55:35,28.38,69.25,33.62
24/09/2026,21:56:46,28.39,69.00,33.60
24/09/2026,21:57:57,28.40,68.62,33.56
24/09/2026,21:59:08,28.40,68.04,33.48
24/09/2026,22:00:19,28.40,68.42,33.53
24/09/2026,22:01:35,28.40,68.72,33.57
24/09/2026,22:02:46,28.34,68.00,33.39
24/09/2026,22:03:56,28.31,68.00,33.34
24/09/2026,22:05:07,28.30,68.00,33.32
24/09/2026,22:06:18,28.29,68.00,33.31
24/09/2026,22:07:33,28.29,68.00,33.31
24/09/2026,22:08:44,28.26,68.00,33.27
24/09/2026,22:09:55,28.24,68.00,33.24
24/09/2026,22:11:06,28.22,68.00,33.21
24/09/2026,22:12:17,28.28,68.00,33.30
24/09/2026,22:13:31,28.27,67.96,33.27
24/09/2026,22:14:42,28.26,68.00,33.26
24/09/2026,22:15:53,28.28,68.00,33.30
24/09/2026,22:17:04,28.26,68.00,33.26
24/09/2026,22:18:15,28.25,68.00,33.24
24/09/2026,22:19:28,28.22,68.00,33.20
24/09/2026,22:20:39,28.20,68.00,33.18
24/09/2026,22:21:50,28.22,68.00,33.20
24/09/2026,22:23:01,28.20,68.04,33.17
24/09/2026,22:24:12,28.20,68.00,33.17
24/09/2026,22:25:26,28.18,68.00,33.15
24/09/2026,22:26:37,28.14,68.00,33.08
24/09/2026,22:27:47,28.10,68.00,33.02
24/09/2026,22:28:58,28.10,68.00,33.01
24/09/2026,22:30:09,28.09,68.00,33.01
24/09/2026,22:31:23,28.10,68.00,33.01
24/09/2026,22:32:34,28.09,68.00,33.01
24/09/2026,22:33:45,28.04,68.00,32.93
24/09/2026,22:34:56,28.02,68.00,32.90
24/09/2026,22:36:07,28.06,68.00,32.95
24/09/2026,22:37:20,28.05,68.00,32.94
24/09/2026,22:38:31,28.01,68.00,32.88
24/09/2026,22:39:42,28.01,68.00,32.88
24/09/2026,22:40:53,28.01,68.00,32.88
24/09/2026,22:42:04,28.02,68.00,32.89
24/09/2026,22:43:18,28.01,68.04,32.89
24/09/2026,22:44:29,28.03,68.00,32.92
24/09/2026,22:45:40,28.09,68.00,33.01
24/09/2026,22:46:51,28.09,68.00,33.01
24/09/2026,22:48:02,28.10,68.00,33.01
24/09/2026,22:49:16,28.10,68.00,33.01
24/09/2026,22:50:27,28.09,68.00,33.01
24/09/2026,22:51:38,28.09,68.00,33.01
24/09/2026,22:52:49,28.05,67.23,32.84
24/09/2026,22:54:00,28.00,67.00,32.74
24/09/2026,22:55:13,28.01,67.39,32.81
24/09/2026,22:56:24,28.01,68.00,32.88
24/09/2026,22:57:35,28.00,67.38,32.79
24/09/2026,22:58:46,28.02,67.00,32.76
24/09/2026,22:59:57,28.08,67.00,32.86
24/09/2026,23:01:10,28.10,67.00,32.89
24/09/2026,23:02:21,28.09,67.00,32.88
24/09/2026,23:03:32,28.10,67.00,32.88
24/09/2026,23:04:43,28.10,67.00,32.88
24/09/2026,23:05:54,28.10,67.00,32.88
24/09/2026,23:07:08,28.10,67.00,32.88
24/09/2026,23:08:19,28.10,67.00,32.89
24/09/2026,23:09:30,28.09,66.88,32.86
24/09/2026,23:10:41,28.05,66.81,32.79
24/09/2026,23:11:52,28.00,67.00,32.73
24/09/2026,23:13:05,28.00,67.00,32.73
24/09/2026,23:14:16,28.00,66.88,32.72
24/09/2026,23:15:27,28.00,67.00,32.73
24/09/2026,23:16:38,28.01,67.00,32.75
24/09/2026,23:17:49,28.00,66.00,32.60
24/09/2026,23:19:03,28.00,66.00,32.60
24/09/2026,23:20:14,28.00,66.00,32.60
24/09/2026,23:21:25,28.00,66.00,32.61
24/09/2026,23:22:36,28.00,66.00,32.60
24/09/2026,23:23:47,27.99,65.32,32.50
24/09/2026,23:25:00,28.00,65.00,32.47
24/09/2026,23:26:11,27.96,65.00,32.41
24/09/2026,23:27:22,27.99,65.00,32.46
24/09/2026,23:28:33,27.95,65.00,32.40
24/09/2026,23:29:44,27.92,64.96,32.35
24/09/2026,23:30:58,27.90,64.42,32.25
24/09/2026,23:32:09,27.90,64.00,32.19
24/09/2026,23:33:20,27.90,64.00,32.19
24/09/2026,23:34:30,27.90,64.00,32.19
24/09/2026,23:35:41,27.89,64.00,32.18
24/09/2026,23:36:55,27.89,64.00,32.17
24/09/2026,23:38:06,27.89,64.00,32.18
24/09/2026,23:39:17,27.88,64.00,32.17
24/09/2026,23:40:28,27.83,64.00,32.09
24/09/2026,23:41:38,27.83,64.00,32.09
24/09/2026,23:42:52,27.83,63.24,31.99
24/09/2026,23:44:03,27.82,63.50,32.01
24/09/2026,23:45:14,27.82,63.38,32.00
24/09/2026,23:46:25,27.82,63.20,31.97
24/09/2026,23:47:36,27.80,63.00,31.92
24/09/2026,23:48:49,27.80,63.00,31.92
24/09/2026,23:50:00,27.82,63.00,31.94
24/09/2026,23:51:11,27.80,63.00,31.92
24/09/2026,23:52:22,27.80,63.00,31.92
24/09/2026,23:53:33,27.80,63.00,31.92
24/09/2026,23:54:47,27.80,63.00,31.92
24/09/2026,23:55:58,27.80,63.00,31.92
24/09/2026,23:57:08,27.80,63.00,31.92
24/09/2026,23:58:19,27.80,63.00,31.91
24/09/2026,23:59:30,27.80,63.00,31.92
25/09/2026,00:00:44,27.79,63.00,31.90
25/09/2026,00:01:55,27.79,63.00,31.90
25/09/2026,00:03:06,27.80,63.00,31.91
25/09/2026,00:04:17,27.78,63.00,31.89
25/09/2026,00:05:28,27.78,63.00,31.89
25/09/2026,00:06:41,27.76,63.00,31.85
25/09/2026,00:07:52,27.74,63.00,31.83
25/09/2026,00:09:03,27.73,63.00,31.82
25/09/2026,00:10:14,27.75,63.00,31.84
25/09/2026,00:11:25,27.75,63.00,31.84
25/09/2026,00:12:38,27.72,63.00,31.80
25/09/2026,00:13:49,27.70,63.00,31.77
25/09/2026,00:15:00,27.70,63.00,31.77
25/09/2026,00:16:11,27.70,63.00,31.76
25/09/2026,00:17:22,27.69,63.00,31.76
25/09/2026,00:18:36,27.70,63.00,31.77
25/09/2026,00:19:47,27.67,63.00,31.73
25/09/2026,00:20:58,27.68,63.00,31.74
25/09/2026,00:22:09,27.65,63.00,31.69
25/09/2026,00:23:20,27.65,63.00,31.69
25/09/2026,00:24:33,27.64,63.00,31.67
25/09/2026,00:25:44,27.65,63.00,31.70
25/09/2026,00:26:55,27.65,63.00,31.70
25/09/2026,00:28:06,27.63,63.00,31.66
25/09/2026,00:29:17,27.62,63.00,31.66
25/09/2026,00:30:30,27.63,63.00,31.66
25/09/2026,00:31:41,27.62,63.00,31.65
25/09/2026,00:32:52,27.60,63.00,31.62
25/09/2026,00:34:03,27.61,63.00,31.63
25/09/2026,00:35:14,27.60,63.00,31.63
25/09/2026,00:36:27,27.60,63.00,31.63
25/09/2026,00:37:38,27.60,63.00,31.62
25/09/2026,00:38:49,27.60,63.00,31.62
25/09/2026,00:40:00,27.60,63.00,31.62
25/09/2026,00:41:11,27.60,63.00,31.62
25/09/2026,00:42:24,27.60,63.00,31.62
25/09/2026,00:43:35,27.60,63.00,31.62
25/09/2026,00:44:46,27.60,63.00,31.62
25/09/2026,00:45:57,27.60,63.00,31.62
25/09/2026,00:47:08,27.60,63.00,31.62
25/09/2026,00:48:21,27.60,63.00,31.62
25/09/2026,00:49:32,27.60,63.00,31.62
25/09/2026,00:50:43,27.60,63.00,31.62
25/09/2026,00:51:54,27.60,63.00,31.61
25/09/2026,00:53:05,27.60,63.00,31.62
25/09/2026,00:54:18,27.60,63.00,31.63
25/09/2026,00:55:29,27.60,63.00,31.62
25/09/2026,00:56:40,27.60,63.00,31.61
25/09/2026,00:57:51,27.60,63.00,31.62
25/09/2026,00:59:02,27.60,63.00,31.62
25/09/2026,01:00:16,27.60,63.00,31.62
25/09/2026,01:01:26,27.59,63.00,31.61
25/09/2026,01:02:37,27.60,63.00,31.62
25/09/2026,01:03:48,27.60,63.00,31.62
25/09/2026,01:04:59,27.60,62.96,31.61
25/09/2026,01:06:13,27.56,62.92,31.56
25/09/2026,01:07:24,27.56,62.00,31.44
25/09/2026,01:08:35,27.54,62.00,31.40
25/09/2026,01:09:46,27.52,62.00,31.37
25/09/2026,01:10:56,27.51,62.00,31.36
25/09/2026,01:12:10,27.50,62.00,31.35
25/09/2026,01:13:21,27.52,62.00,31.37
25/09/2026,01:14:32,27.50,62.00,31.35
25/09/2026,01:15:43,27.50,62.00,31.35
25/09/2026,01:16:54,27.50,62.00,31.35
25/09/2026,01:18:07,27.50,62.00,31.34
25/09/2026,01:19:18,27.50,61.05,31.22
25/09/2026,01:20:29,27.50,61.67,31.30
25/09/2026,01:21:40,27.50,61.00,31.22
25/09/2026,01:22:51,27.50,61.00,31.22
25/09/2026,01:24:04,27.50,61.00,31.22
25/09/2026,01:25:15,27.50,61.00,31.22
25/09/2026,01:26:26,27.50,61.00,31.22
25/09/2026,01:27:37,27.50,61.00,31.22
25/09/2026,01:28:48,27.48,61.00,31.20
25/09/2026,01:30:01,27.49,61.00,31.21
25/09/2026,01:31:12,27.50,61.00,31.21
25/09/2026,01:32:23,27.49,61.00,31.20
25/09/2026,01:33:34,27.48,61.00,31.19
25/09/2026,01:34:45,27.46,61.00,31.16
25/09/2026,01:35:58,27.46,61.00,31.16
25/09/2026,01:37:09,27.45,61.00,31.15
25/09/2026,01:38:20,27.42,61.00,31.11
25/09/2026,01:39:31,27.44,61.00,31.14
25/09/2026,01:40:42,27.42,61.00,31.10
25/09/2026,01:41:56,27.41,61.00,31.09
25/09/2026,01:43:07,27.41,61.00,31.08
25/09/2026,01:44:17,27.41,61.00,31.08
25/09/2026,01:45:28,27.41,61.00,31.08
25/09/2026,01:46:39,27.42,61.00,31.10
25/09/2026,01:47:53,27.40,61.00,31.08
25/09/2026,01:49:04,27.40,61.00,31.08
25/09/2026,01:50:15,27.41,61.00,31.09
25/09/2026,01:51:26,27.40,61.00,31.07
25/09/2026,01:52:37,27.40,61.00,31.07
25/09/2026,01:53:50,27.40,61.00,31.08
25/09/2026,01:55:01,27.39,61.00,31.06
25/09/2026,01:56:12,27.40,61.00,31.07
25/09/2026,01:57:23,27.40,61.00,31.07
25/09/2026,01:58:34,27.40,61.00,31.07
25/09/2026,01:59:47,27.40,61.00,31.07
25/09/2026,02:00:58,27.40,61.00,31.07
25/09/2026,02:02:09,27.40,61.00,31.08
25/09/2026,02:03:20,27.40,61.00,31.07
25/09/2026,02:04:31,27.40,61.00,31.07
25/09/2026,02:05:45,27.40,61.00,31.07
25/09/2026,02:06:56,27.40,61.00,31.07
25/09/2026,02:08:06,27.39,61.00,31.05
25/09/2026,02:09:17,27.40,61.00,31.07
25/09/2026,02:10:28,27.40,61.00,31.07
25/09/2026,02:11:42,27.40,61.00,31.07
25/09/2026,02:12:53,27.40,61.00,31.07
25/09/2026,02:14:04,27.40,61.00,31.07
25/09/2026,02:15:14,27.40,61.00,31.07
25/09/2026,02:16:25,27.40,61.00,31.07
25/09/2026,02:17:39,27.39,61.00,31.06
25/09/2026,02:18:50,27.37,61.00,31.03
25/09/2026,02:20:01,27.39,60.96,31.05
25/09/2026,02:21:12,27.38,60.96,31.04
25/09/2026,02:22:23,27.37,60.00,30.90
25/09/2026,02:23:36,27.34,60.56,30.93
25/09/2026,02:24:47,27.31,60.00,30.82
25/09/2026,02:25:58,27.31,60.00,30.82
25/09/2026,02:27:09,27.30,60.00,30.80
25/09/2026,02:28:20,27.30,60.00,30.81
25/09/2026,02:29:33,27.31,60.00,30.81
25/09/2026,02:30:44,27.30,60.00,30.80
25/09/2026,02:31:55,27.30,60.00,30.80
25/09/2026,02:33:06,27.30,60.00,30.81
25/09/2026,02:34:17,27.30,60.00,30.80
25/09/2026,02:35:30,27.30,60.00,30.81
25/09/2026,02:36:41,27.30,60.00,30.80
25/09/2026,02:37:52,27.31,60.00,30.81
25/09/2026,02:39:03,27.30,60.00,30.81
25/09/2026,02:40:14,27.30,60.00,30.80
25/09/2026,02:41:28,27.30,60.00,30.80
25/09/2026,02:42:39,27.30,60.00,30.80
25/09/2026,02:43:49,27.30,60.00,30.80
25/09/2026,02:45:00,27.30,60.00,30.81
25/09/2026,02:46:11,27.30,60.00,30.81
25/09/2026,02:47:25,27.30,60.00,30.80
25/09/2026,02:48:36,27.30,60.00,30.80
25/09/2026,02:49:47,27.30,60.00,30.80
25/09/2026,02:50:58,27.30,60.00,30.80
25/09/2026,02:52:09,27.29,60.00,30.79
25/09/2026,02:53:22,27.30,60.00,30.79
25/09/2026,02:54:33,27.30,60.00,30.80
25/09/2026,02:55:44,27.30,60.00,30.81
25/09/2026,02:56:55,27.30,60.00,30.79
25/09/2026,02:58:06,27.26,60.00,30.75
25/09/2026,02:59:19,27.25,60.00,30.73
25/09/2026,03:00:30,27.26,60.00,30.74
25/09/2026,03:01:41,27.24,60.00,30.71
25/09/2026,03:02:52,27.24,60.00,30.71
25/09/2026,03:04:03,27.22,60.00,30.69
25/09/2026,03:05:17,27.24,60.00,30.71
25/09/2026,03:06:28,27.23,60.00,30.70
25/09/2026,03:07:39,27.22,59.96,30.68
25/09/2026,03:08:50,27.23,59.85,30.69
25/09/2026,03:10:01,27.21,59.38,30.60
25/09/2026,03:11:14,27.22,59.12,30.57
25/09/2026,03:12:25,27.22,59.29,30.59
25/09/2026,03:13:36,27.23,59.00,30.58
25/09/2026,03:14:47,27.21,59.00,30.55
25/09/2026,03:15:58,27.20,59.00,30.54
25/09/2026,03:17:11,27.20,59.00,30.54
25/09/2026,03:18:22,27.21,59.00,30.54
25/09/2026,03:19:33,27.20,59.00,30.53
25/09/2026,03:20:44,27.20,59.00,30.54
25/09/2026,03:21:55,27.20,59.00,30.53
25/09/2026,03:23:08,27.20,59.00,30.53
25/09/2026,03:24:19,27.20,59.00,30.54
25/09/2026,03:25:30,27.20,59.00,30.53
25/09/2026,03:26:41,27.20,59.00,30.53
25/09/2026,03:27:52,27.19,59.00,30.52
25/09/2026,03:29:06,27.20,59.00,30.53
25/09/2026,03:30:16,27.20,59.00,30.53
25/09/2026,03:31:27,27.20,59.00,30.53
25/09/2026,03:32:38,27.20,59.00,30.53
25/09/2026,03:33:49,27.20,59.00,30.53
25/09/2026,03:35:03,27.20,59.00,30.53
25/09/2026,03:36:14,27.20,59.00,30.53
25/09/2026,03:37:25,27.20,59.00,30.53
25/09/2026,03:38:36,27.19,59.00,30.52
25/09/2026,03:39:47,27.19,59.00,30.52
25/09/2026,03:41:00,27.18,59.00,30.50
25/09/2026,03:42:11,27.19,59.00,30.52
25/09/2026,03:43:22,27.19,59.00,30.52
25/09/2026,03:44:33,27.18,59.00,30.51
25/09/2026,03:45:44,27.17,59.00,30.49
25/09/2026,03:46:57,27.18,59.00,30.50
25/09/2026,03:48:08,27.16,59.00,30.47
25/09/2026,03:49:19,27.17,59.00,30.48
25/09/2026,03:50:30,27.17,59.00,30.49
25/09/2026,03:51:41,27.18,58.92,30.49
25/09/2026,03:52:54,27.18,58.00,30.39
25/09/2026,03:54:05,27.19,58.00,30.40
25/09/2026,03:55:16,27.19,58.00,30.40
25/09/2026,03:56:27,27.19,58.00,30.40
25/09/2026,03:57:38,27.17,58.00,30.37
25/09/2026,03:58:51,27.18,58.32,30.41
25/09/2026,04:00:02,27.18,58.28,30.41
25/09/2026,04:01:13,27.20,58.48,30.46
25/09/2026,04:02:24,27.20,59.00,30.53
25/09/2026,04:03:35,27.18,59.00,30.50
25/09/2026,04:04:48,27.13,59.00,30.43
25/09/2026,04:05:59,27.10,59.00,30.40
25/09/2026,04:07:10,27.10,59.00,30.39
25/09/2026,04:08:21,27.13,59.00,30.43
25/09/2026,04:09:32,27.10,59.00,30.39
25/09/2026,04:10:46,27.10,59.00,30.39
25/09/2026,04:11:57,27.10,59.00,30.38
25/09/2026,04:13:08,27.10,59.00,30.39
25/09/2026,04:14:19,27.10,59.00,30.39
25/09/2026,04:15:29,27.10,59.00,30.39
25/09/2026,04:16:43,27.10,59.00,30.39
25/09/2026,04:17:54,27.10,59.00,30.39
25/09/2026,04:19:05,27.10,59.00,30.39
25/09/2026,04:20:16,27.10,59.88,30.50
25/09/2026,04:21:27,27.10,60.00,30.52
25/09/2026,04:22:40,27.10,60.00,30.52
25/09/2026,04:23:51,27.11,60.00,30.53
25/09/2026,04:25:02,27.10,60.00,30.52
25/09/2026,04:26:13,27.10,60.00,30.52
25/09/2026,04:27:24,27.10,60.00,30.52
25/09/2026,04:28:37,27.10,60.00,30.51
25/09/2026,04:29:48,27.10,60.00,30.51
25/09/2026,04:30:59,27.10,60.00,30.51
25/09/2026,04:32:10,27.10,60.00,30.51
25/09/2026,04:33:21,27.10,60.00,30.51
25/09/2026,04:34:35,27.10,60.00,30.51
25/09/2026,04:35:46,27.08,59.85,30.47
25/09/2026,04:36:56,27.08,59.96,30.48
25/09/2026,04:38:07,27.08,59.58,30.43
25/09/2026,04:39:18,27.08,59.38,30.40
25/09/2026,04:40:32,27.07,59.12,30.36
25/09/2026,04:41:43,27.04,59.00,30.30
25/09/2026,04:42:54,27.02,59.00,30.27
25/09/2026,04:44:05,27.02,59.04,30.28
25/09/2026,04:45:16,27.02,59.04,30.27
25/09/2026,04:46:29,27.00,59.05,30.26
25/09/2026,04:47:40,27.00,59.31,30.29
25/09/2026,04:48:51,27.02,59.00,30.27
25/09/2026,04:50:02,27.03,59.00,30.29
25/09/2026,04:51:13,27.04,59.00,30.30
25/09/2026,04:52:26,27.03,59.00,30.29
25/09/2026,04:53:37,27.03,59.00,30.28
25/09/2026,04:54:48,27.02,59.00,30.27
25/09/2026,04:55:59,27.02,59.00,30.27
25/09/2026,04:57:10,27.01,59.00,30.27
25/09/2026,04:58:24,27.01,59.92,30.37
25/09/2026,04:59:35,27.02,59.23,30.30
25/09/2026,05:00:46,27.01,59.83,30.36
25/09/2026,05:01:57,27.02,59.61,30.35
25/09/2026,05:03:08,27.02,59.14,30.29
25/09/2026,05:04:21,27.01,59.50,30.32
25/09/2026,05:05:32,27.01,59.96,30.37
25/09/2026,05:06:43,27.01,60.00,30.38
25/09/2026,05:07:54,27.00,60.00,30.37
25/09/2026,05:09:05,27.01,60.00,30.38
25/09/2026,05:10:18,27.00,60.00,30.37
25/09/2026,05:11:29,27.00,60.00,30.37
25/09/2026,05:12:40,27.00,60.00,30.37
25/09/2026,05:13:51,27.01,60.00,30.38
25/09/2026,05:15:02,27.01,60.00,30.38
25/09/2026,05:16:15,27.00,60.00,30.37
25/09/2026,05:17:26,27.00,60.00,30.37
25/09/2026,05:18:37,27.00,60.00,30.37
25/09/2026,05:19:48,27.00,60.00,30.37
25/09/2026,05:20:59,27.00,60.00,30.37
25/09/2026,05:22:12,27.00,60.00,30.37
25/09/2026,05:23:23,27.00,60.00,30.36
25/09/2026,05:24:34,27.00,60.00,30.37
25/09/2026,05:25:45,27.00,60.00,30.37
25/09/2026,05:26:56,27.00,60.00,30.36
25/09/2026,05:28:09,27.00,60.00,30.37
25/09/2026,05:29:20,27.00,60.00,30.36
25/09/2026,05:30:31,27.00,60.00,30.37
25/09/2026,05:31:42,27.00,60.00,30.37
25/09/2026,05:32:53,27.00,60.00,30.37
25/09/2026,05:34:07,27.00,60.00,30.37
25/09/2026,05:35:18,27.00,60.00,30.37
25/09/2026,05:36:29,27.00,60.00,30.37
25/09/2026,05:37:40,27.00,60.00,30.37
25/09/2026,05:38:50,27.00,60.00,30.37
25/09/2026,05:40:05,27.00,60.00,30.36
25/09/2026,05:41:16,26.99,60.00,30.35
25/09/2026,05:42:27,26.99,60.00,30.36
25/09/2026,05:43:38,27.00,59.75,30.33
25/09/2026,05:44:49,26.99,59.22,30.26
25/09/2026,05:46:02,26.98,59.20,30.24
25/09/2026,05:47:13,26.98,59.00,30.21
25/09/2026,05:48:24,26.97,59.00,30.20
25/09/2026,05:49:35,26.99,59.00,30.22
25/09/2026,05:50:46,26.99,59.00,30.23
25/09/2026,05:51:59,27.00,59.00,30.24
25/09/2026,05:53:10,27.00,59.00,30.24
25/09/2026,05:54:21,27.00,59.00,30.24
25/09/2026,05:55:32,26.99,59.00,30.23
25/09/2026,05:56:43,26.99,59.00,30.23
25/09/2026,05:57:56,26.99,59.00,30.23
25/09/2026,05:59:07,26.98,59.00,30.21
25/09/2026,06:00:18,26.99,59.00,30.23
25/09/2026,06:01:29,26.95,59.00,30.17
25/09/2026,06:02:40,26.98,59.36,30.26
25/09/2026,06:03:54,27.00,60.00,30.36
25/09/2026,06:05:04,27.02,60.58,30.47
25/09/2026,06:06:15,27.08,60.36,30.53
25/09/2026,06:07:26,27.10,60.90,30.62
25/09/2026,06:08:37,27.10,61.00,30.64
25/09/2026,06:09:51,27.12,61.00,30.66
25/09/2026,06:11:02,27.13,61.00,30.68
25/09/2026,06:12:13,27.17,61.00,30.73
25/09/2026,06:13:23,27.20,61.00,30.77
25/09/2026,06:14:34,27.20,61.00,30.78
25/09/2026,06:15:49,27.20,61.00,30.78
25/09/2026,06:17:00,27.19,61.00,30.77
25/09/2026,06:18:11,27.20,61.00,30.78
25/09/2026,06:19:22,27.20,61.00,30.78
25/09/2026,06:20:33,27.20,61.00,30.79
25/09/2026,06:21:46,27.20,61.00,30.79
25/09/2026,06:22:57,27.20,61.00,30.78
25/09/2026,06:24:08,27.14,61.00,30.69
25/09/2026,06:25:19,27.10,61.00,30.64
25/09/2026,06:26:30,27.07,61.00,30.59
25/09/2026,06:27:43,27.14,61.00,30.69
25/09/2026,06:28:54,27.20,61.00,30.79
25/09/2026,06:30:05,27.28,61.00,30.90
25/09/2026,06:31:16,27.30,61.00,30.93
25/09/2026,06:32:27,27.35,61.00,31.00
25/09/2026,06:33:41,27.40,61.00,31.07
25/09/2026,06:34:52,27.39,61.00,31.06
25/09/2026,06:36:03,27.40,61.00,31.07
25/09/2026,06:37:14,27.40,60.96,31.07
25/09/2026,06:38:24,27.40,60.92,31.07
25/09/2026,06:39:38,27.41,60.24,30.99
25/09/2026,06:40:49,27.42,60.08,30.99
25/09/2026,06:42:00,27.48,60.04,31.07
25/09/2026,06:43:11,27.50,60.00,31.10
25/09/2026,06:44:22,27.50,60.00,31.09
25/09/2026,06:45:35,27.50,60.00,31.09
25/09/2026,06:46:46,27.50,60.00,31.09
25/09/2026,06:47:57,27.50,60.00,31.10
25/09/2026,06:49:08,27.50,60.04,31.10
25/09/2026,06:50:19,27.50,60.96,31.22
25/09/2026,06:51:32,27.50,61.00,31.22
25/09/2026,06:52:43,27.48,61.00,31.19
25/09/2026,06:53:54,27.48,61.00,31.18
25/09/2026,06:55:05,27.46,61.00,31.15
25/09/2026,06:56:16,27.49,61.00,31.21
25/09/2026,06:57:30,27.50,61.00,31.21
25/09/2026,06:58:41,27.50,61.00,31.22
25/09/2026,06:59:52,27.50,61.00,31.22
25/09/2026,07:01:03,27.50,61.00,31.22
25/09/2026,07:02:13,27.50,60.67,31.18
25/09/2026,07:03:27,27.50,61.00,31.22
25/09/2026,07:04:38,27.51,61.00,31.24
25/09/2026,07:05:49,27.53,61.00,31.26
25/09/2026,07:07:00,27.51,61.09,31.24
25/09/2026,07:08:11,27.52,61.00,31.24
25/09/2026,07:09:24,27.50,61.81,31.33
25/09/2026,07:10:35,27.57,62.00,31.44
25/09/2026,07:11:46,27.60,62.77,31.59
25/09/2026,07:12:57,27.60,62.04,31.50
25/09/2026,07:14:08,27.60,62.00,31.49
25/09/2026,07:15:21,27.60,62.00,31.49
25/09/2026,07:16:32,27.60,62.00,31.49
25/09/2026,07:17:43,27.60,62.00,31.49
25/09/2026,07:18:54,27.60,62.00,31.49
25/09/2026,07:20:05,27.60,62.00,31.49
25/09/2026,07:21:18,27.60,62.00,31.49
25/09/2026,07:22:29,27.60,61.21,31.39
25/09/2026,07:23:40,27.60,61.00,31.36
25/09/2026,07:24:51,27.60,61.00,31.36
25/09/2026,07:26:02,27.60,61.00,31.37
25/09/2026,07:27:16,27.60,61.00,31.36
25/09/2026,07:28:27,27.60,61.44,31.42
25/09/2026,07:29:37,27.60,62.00,31.49
25/09/2026,07:30:48,27.60,62.00,31.49
25/09/2026,07:31:59,27.60,62.00,31.49
25/09/2026,07:33:13,27.60,62.00,31.50
25/09/2026,07:34:24,27.60,62.00,31.50
25/09/2026,07:35:35,27.62,62.00,31.52
25/09/2026,07:36:46,27.68,62.00,31.61
25/09/2026,07:37:57,27.71,62.00,31.66
25/09/2026,07:39:10,27.79,62.00,31.78
25/09/2026,07:40:21,27.80,62.00,31.79
25/09/2026,07:41:32,27.80,61.81,31.76
25/09/2026,07:42:43,27.81,61.00,31.67
25/09/2026,07:43:54,27.85,61.00,31.73
25/09/2026,07:45:07,27.83,61.00,31.71
25/09/2026,07:46:18,27.80,61.00,31.66
25/09/2026,07:47:29,27.80,61.00,31.66
25/09/2026,07:48:40,27.81,61.00,31.68
25/09/2026,07:49:51,27.80,61.00,31.66
25/09/2026,07:51:05,27.80,61.00,31.66
25/09/2026,07:52:16,27.80,61.00,31.66
25/09/2026,07:53:26,27.82,61.00,31.70
25/09/2026,07:54:37,27.81,61.00,31.67
25/09/2026,07:55:48,27.82,61.00,31.68
25/09/2026,07:57:02,27.89,61.00,31.79
25/09/2026,07:58:13,27.90,61.00,31.81
25/09/2026,07:59:24,27.90,61.00,31.81
25/09/2026,08:00:35,27.91,61.00,31.82
25/09/2026,08:01:46,27.93,61.00,31.85
25/09/2026,08:02:59,27.99,60.93,31.93
25/09/2026,08:04:10,27.98,60.88,31.90
25/09/2026,08:05:21,27.94,61.00,31.87
25/09/2026,08:06:32,27.95,61.00,31.88
25/09/2026,08:07:43,28.00,61.00,31.95
25/09/2026,08:08:57,28.00,61.00,31.95
25/09/2026,08:10:07,28.02,61.00,31.98
25/09/2026,08:11:18,28.09,61.00,32.09
25/09/2026,08:12:29,28.11,61.00,32.11
25/09/2026,08:13:40,28.10,61.00,32.10
25/09/2026,08:14:54,28.11,61.00,32.12
25/09/2026,08:16:05,28.14,61.00,32.16
25/09/2026,08:17:16,28.20,61.00,32.25
25/09/2026,08:18:27,28.20,61.00,32.24
25/09/2026,08:19:38,28.20,61.00,32.24
25/09/2026,08:20:51,28.17,61.00,32.20
25/09/2026,08:22:02,28.18,61.00,32.22
25/09/2026,08:23:13,28.20,61.00,32.25
25/09/2026,08:24:24,28.25,61.00,32.32
25/09/2026,08:25:35,28.30,61.00,32.39
25/09/2026,08:26:48,28.32,61.00,32.42
25/09/2026,08:27:59,28.35,61.00,32.48
25/09/2026,08:29:10,28.30,61.00,32.40
25/09/2026,08:30:21,28.28,61.00,32.37
25/09/2026,08:31:32,28.24,61.00,32.31
25/09/2026,08:32:45,28.21,61.00,32.26
25/09/2026,08:33:56,28.28,61.00,32.36
25/09/2026,08:35:07,28.37,61.00,32.50
25/09/2026,08:36:18,28.41,61.00,32.56
25/09/2026,08:37:29,28.43,61.00,32.59
25/09/2026,08:38:42,28.50,61.00,32.69
25/09/2026,08:39:53,28.55,61.00,32.77
25/09/2026,08:41:04,28.53,61.00,32.74
25/09/2026,08:42:15,28.58,61.00,32.81
25/09/2026,08:43:26,28.54,61.00,32.76
25/09/2026,08:44:40,28.49,60.04,32.55
25/09/2026,08:45:51,28.40,60.00,32.41
25/09/2026,08:47:02,28.40,60.00,32.40
25/09/2026,08:48:13,28.32,60.00,32.30
25/09/2026,08:49:24,28.30,60.08,32.28
25/09/2026,08:50:37,28.31,60.00,32.28
25/09/2026,08:51:48,28.39,60.00,32.39
25/09/2026,08:52:59,28.33,60.00,32.31
25/09/2026,08:54:10,28.27,59.60,32.16
25/09/2026,08:55:21,28.21,60.00,32.14
25/09/2026,08:56:34,28.23,60.00,32.16
25/09/2026,08:57:45,28.22,60.75,32.25
25/09/2026,08:58:56,28.20,61.00,32.25
25/09/2026,09:00:07,28.20,61.00,32.25
25/09/2026,09:01:18,28.20,61.00,32.25
25/09/2026,09:02:31,28.20,61.00,32.25
25/09/2026,09:03:42,28.22,61.04,32.28
25/09/2026,09:04:53,28.28,61.20,32.39
25/09/2026,09:06:04,28.32,61.00,32.42
25/09/2026,09:07:15,28.39,61.00,32.53
25/09/2026,09:08:29,28.40,61.00,32.54
25/09/2026,09:09:39,28.40,61.00,32.54
25/09/2026,09:10:50,28.40,61.04,32.55
25/09/2026,09:12:01,28.40,61.22,32.57
25/09/2026,09:13:12,28.48,61.05,32.67
25/09/2026,09:14:26,28.46,61.00,32.64
25/09/2026,09:15:37,28.36,60.20,32.38
25/09/2026,09:16:48,28.25,60.00,32.19
25/09/2026,09:17:59,28.20,60.00,32.12
25/09/2026,09:19:10,28.20,60.00,32.12
25/09/2026,09:20:23,28.18,60.04,32.10
25/09/2026,09:21:34,28.12,60.00,32.00
25/09/2026,09:22:45,28.09,60.12,31.97
25/09/2026,09:23:56,28.00,60.00,31.82
25/09/2026,09:25:07,28.00,60.00,31.82
25/09/2026,09:26:20,27.97,60.00,31.77
25/09/2026,09:27:31,27.93,60.00,31.72
25/09/2026,09:28:42,27.90,60.00,31.67
25/09/2026,09:29:53,27.90,60.00,31.68
25/09/2026,09:31:04,27.89,60.96,31.78
25/09/2026,09:32:17,27.88,61.00,31.78
25/09/2026,09:33:28,27.92,61.00,31.84
25/09/2026,09:34:39,28.00,61.00,31.96
25/09/2026,09:35:50,28.06,61.00,32.04
25/09/2026,09:37:01,28.10,61.00,32.10
25/09/2026,09:38:15,28.11,60.67,32.08
25/09/2026,09:39:26,28.11,60.00,31.99
25/09/2026,09:40:37,28.10,60.00,31.97
25/09/2026,09:41:48,28.10,60.00,31.97
25/09/2026,09:42:59,28.09,60.00,31.96
25/09/2026,09:44:12,28.00,59.04,31.70
25/09/2026,09:45:23,27.98,59.08,31.68
25/09/2026,09:46:34,27.98,59.04,31.67
25/09/2026,09:47:45,27.91,59.00,31.56
25/09/2026,09:48:56,27.89,59.26,31.56
25/09/2026,09:50:09,27.85,60.00,31.60
25/09/2026,09:51:20,27.86,60.00,31.62
25/09/2026,09:52:31,27.80,60.00,31.53
25/09/2026,09:53:42,27.80,60.00,31.54
25/09/2026,09:54:53,27.85,60.00,31.60
25/09/2026,09:56:06,27.88,60.00,31.65
25/09/2026,09:57:17,27.90,60.00,31.68
25/09/2026,09:58:28,27.88,60.00,31.64
25/09/2026,09:59:39,27.80,60.00,31.54
25/09/2026,10:00:50,27.84,60.00,31.58
25/09/2026,10:02:04,27.89,60.00,31.66
25/09/2026,10:03:15,27.90,60.00,31.68
25/09/2026,10:04:26,27.90,60.00,31.67
25/09/2026,10:05:37,27.89,60.00,31.66
25/09/2026,10:06:47,27.81,60.00,31.55
25/09/2026,10:08:01,27.80,60.00,31.53
25/09/2026,10:09:12,27.80,60.00,31.53
25/09/2026,10:10:23,27.80,60.00,31.53
25/09/2026,10:11:34,27.80,60.00,31.54
25/09/2026,10:12:45,27.80,60.00,31.53
25/09/2026,10:13:58,27.80,60.00,31.53
25/09/2026,10:15:09,27.80,60.00,31.54
25/09/2026,10:16:20,27.80,60.62,31.61
25/09/2026,10:17:31,27.81,61.00,31.67
25/09/2026,10:18:42,27.82,61.00,31.69
25/09/2026,10:19:55,27.82,61.04,31.69
25/09/2026,10:21:06,27.80,62.00,31.79
25/09/2026,10:22:17,27.80,62.00,31.79
25/09/2026,10:23:28,27.80,62.24,31.82
25/09/2026,10:24:39,27.80,62.96,31.91
25/09/2026,10:25:52,27.80,63.00,31.92
25/09/2026,10:27:03,27.87,63.00,32.02
25/09/2026,10:28:14,27.93,63.00,32.12
25/09/2026,10:29:25,28.07,62.67,32.27
25/09/2026,10:30:36,28.30,62.00,32.53
25/09/2026,10:31:49,28.65,61.92,33.03
25/09/2026,10:33:00,28.85,61.00,33.22
25/09/2026,10:34:11,28.90,61.00,33.28
25/09/2026,10:35:22,28.81,61.00,33.16
25/09/2026,10:36:33,28.70,61.00,33.00
25/09/2026,10:37:47,28.66,61.00,32.93
25/09/2026,10:38:58,28.51,61.28,32.75
25/09/2026,10:40:09,28.41,62.00,32.70
25/09/2026,10:41:20,28.28,62.00,32.50
25/09/2026,10:42:31,28.17,62.96,32.45
25/09/2026,10:43:44,28.07,63.00,32.31
25/09/2026,10:44:55,28.01,63.00,32.23
25/09/2026,10:46:06,28.01,63.00,32.22
25/09/2026,10:47:17,28.00,63.38,32.26
25/09/2026,10:48:28,27.99,64.00,32.33
25/09/2026,10:49:41,27.99,64.00,32.33
25/09/2026,10:50:52,28.00,64.00,32.34
25/09/2026,10:52:03,28.00,64.00,32.34
25/09/2026,10:53:14,28.00,64.00,32.34
25/09/2026,10:54:25,28.00,64.00,32.35
25/09/2026,10:55:38,28.02,64.00,32.38
25/09/2026,10:56:49,28.00,64.00,32.35
25/09/2026,10:58:00,28.00,64.00,32.34
25/09/2026,10:59:11,28.00,64.00,32.35
25/09/2026,11:00:22,28.00,64.00,32.35
25/09/2026,11:01:35,28.00,64.00,32.35
25/09/2026,11:02:46,28.01,64.00,32.36
25/09/2026,11:03:57,28.01,64.00,32.36
25/09/2026,11:05:08,28.00,64.00,32.35
25/09/2026,11:06:19,28.00,64.00,32.34
25/09/2026,11:07:32,28.00,64.00,32.34
25/09/2026,11:08:43,28.00,64.00,32.34
25/09/2026,11:09:54,28.01,64.00,32.36
25/09/2026,11:11:05,28.01,64.04,32.36
25/09/2026,11:12:16,28.00,64.00,32.34
25/09/2026,11:13:29,28.00,64.00,32.34
25/09/2026,11:14:40,28.00,64.19,32.37
25/09/2026,11:15:51,28.00,64.04,32.35
25/09/2026,11:17:02,28.00,62.68,32.17
25/09/2026,11:18:13,27.97,62.00,32.03
25/09/2026,11:19:27,27.93,62.00,31.98
25/09/2026,11:20:38,27.91,62.85,32.06
25/09/2026,11:21:49,27.92,63.00,32.10
25/09/2026,11:22:59,27.92,63.43,32.15
25/09/2026,11:24:10,27.93,64.00,32.24
25/09/2026,11:25:24,27.93,64.00,32.24
25/09/2026,11:26:35,27.92,64.21,32.25
25/09/2026,11:27:46,27.91,65.00,32.35
25/09/2026,11:28:57,27.93,65.00,32.37
25/09/2026,11:30:08,27.95,65.00,32.39
25/09/2026,11:31:21,27.95,65.00,32.40
25/09/2026,11:32:32,27.94,65.00,32.39
25/09/2026,11:33:43,27.91,65.92,32.46
25/09/2026,11:34:54,27.89,66.00,32.44
25/09/2026,11:36:05,27.80,66.00,32.31
25/09/2026,11:37:18,27.81,66.00,32.31
25/09/2026,11:38:29,27.82,66.00,32.34
25/09/2026,11:39:40,27.84,66.00,32.37
25/09/2026,11:40:51,27.81,66.00,32.32
25/09/2026,11:42:02,27.82,65.08,32.21
25/09/2026,11:43:16,27.83,65.56,32.29
25/09/2026,11:44:26,27.80,65.00,32.18
25/09/2026,11:45:37,27.80,65.00,32.18
25/09/2026,11:46:48,27.80,66.00,32.30
25/09/2026,11:47:59,27.80,66.00,32.30
25/09/2026,11:49:13,27.80,66.04,32.31
25/09/2026,11:50:24,27.80,66.96,32.43
25/09/2026,11:51:35,27.80,67.00,32.44
25/09/2026,11:52:46,27.80,67.00,32.43
25/09/2026,11:53:57,27.79,67.92,32.54
25/09/2026,11:55:10,27.75,67.77,32.45
25/09/2026,11:56:21,27.69,68.00,32.40
25/09/2026,11:57:32,27.68,68.00,32.38
25/09/2026,11:58:43,27.69,68.00,32.39
25/09/2026,11:59:54,27.66,68.00,32.35
25/09/2026,12:01:07,27.68,68.00,32.38
25/09/2026,12:02:18,27.68,68.00,32.38
25/09/2026,12:03:29,27.67,68.00,32.36
25/09/2026,12:04:40,27.70,68.00,32.41
25/09/2026,12:05:51,27.69,67.96,32.38
25/09/2026,12:07:05,27.63,67.36,32.22
25/09/2026,12:08:16,27.60,67.00,32.13
25/09/2026,12:09:27,27.60,67.00,32.13
25/09/2026,12:10:37,27.60,67.08,32.14
25/09/2026,12:11:48,27.61,67.00,32.14
25/09/2026,12:13:02,27.60,67.00,32.14
25/09/2026,12:14:13,27.60,67.00,32.13
25/09/2026,12:15:24,27.60,67.00,32.13
25/09/2026,12:16:35,27.60,67.00,32.13
25/09/2026,12:17:46,27.62,67.00,32.16
25/09/2026,12:18:59,27.60,67.00,32.13
25/09/2026,12:20:10,27.60,67.00,32.13
25/09/2026,12:21:21,27.60,67.00,32.13
25/09/2026,12:22:32,27.60,67.00,32.12
25/09/2026,12:23:43,27.59,67.00,32.12
25/09/2026,12:24:56,27.59,67.00,32.12
25/09/2026,12:26:07,27.60,67.00,32.13
25/09/2026,12:27:18,27.60,67.00,32.13
25/09/2026,12:28:29,27.60,66.96,32.13
25/09/2026,12:29:40,27.56,67.00,32.07
25/09/2026,12:30:53,27.56,67.00,32.07
25/09/2026,12:32:04,27.59,67.00,32.11
25/09/2026,12:33:15,27.56,67.00,32.07
25/09/2026,12:34:26,27.55,67.00,32.05
25/09/2026,12:35:37,27.53,66.08,31.90
25/09/2026,12:36:50,27.51,67.00,31.99
25/09/2026,12:38:01,27.55,67.00,32.05
25/09/2026,12:39:12,27.59,67.00,32.11
25/09/2026,12:40:23,27.60,67.00,32.12
25/09/2026,12:41:34,27.60,67.00,32.12
25/09/2026,12:42:47,27.60,67.00,32.13
25/09/2026,12:43:58,27.60,67.00,32.13
25/09/2026,12:45:09,27.60,67.00,32.13
25/09/2026,12:46:20,27.60,67.60,32.21
25/09/2026,12:47:31,27.60,68.00,32.26
25/09/2026,12:48:44,27.61,68.00,32.27
25/09/2026,12:49:55,27.60,68.00,32.26
25/09/2026,12:51:06,27.60,68.00,32.26
25/09/2026,12:52:17,27.60,68.00,32.25
25/09/2026,12:53:28,27.60,68.00,32.26
25/09/2026,12:56:11,27.60,67.96,32.25
25/09/2026,12:57:22,27.60,67.96,32.25
25/09/2026,12:58:33,27.60,68.00,32.26
25/09/2026,12:59:44,27.62,67.83,32.26
25/09/2026,13:00:54,27.62,67.00,32.16
25/09/2026,13:02:09,27.60,67.00,32.13
25/09/2026,13:03:20,27.60,67.00,32.13
25/09/2026,13:04:31,27.60,67.00,32.13
25/09/2026,13:05:42,27.62,68.00,32.29
25/09/2026,13:06:53,27.61,68.00,32.27
25/09/2026,13:08:07,27.60,68.00,32.26
25/09/2026,13:09:18,27.61,68.00,32.27
25/09/2026,13:10:29,27.60,68.00,32.26
25/09/2026,13:11:40,27.60,68.00,32.26
25/09/2026,13:12:51,27.60,68.00,32.26
25/09/2026,13:14:07,27.61,68.00,32.27
25/09/2026,13:15:18,27.60,68.00,32.26
25/09/2026,13:16:29,27.60,68.00,32.26
25/09/2026,13:17:40,27.60,68.00,32.26
25/09/2026,13:18:51,27.55,68.00,32.18
25/09/2026,13:20:04,27.60,68.00,32.26
25/09/2026,13:21:15,27.60,68.00,32.25
25/09/2026,13:22:26,27.60,68.00,32.26
25/09/2026,13:23:37,27.60,68.00,32.26
25/09/2026,13:24:48,27.60,68.00,32.26
25/09/2026,13:26:01,27.60,67.84,32.24
25/09/2026,13:27:12,27.60,67.00,32.12
25/09/2026,13:28:23,27.59,67.00,32.12
25/09/2026,13:29:34,27.59,66.92,32.11
25/09/2026,13:30:45,27.60,66.00,32.00
25/09/2026,13:31:59,27.60,66.00,32.00
25/09/2026,13:33:10,27.60,66.00,32.00
25/09/2026,13:34:21,27.60,65.27,31.91
25/09/2026,13:35:32,27.60,65.00,31.87
25/09/2026,13:36:43,27.60,65.00,31.87
25/09/2026,13:37:56,27.60,65.00,31.87
25/09/2026,13:39:07,27.62,65.00,31.90
25/09/2026,13:40:18,27.68,65.00,32.00
25/09/2026,13:41:29,27.71,65.00,32.04
25/09/2026,13:42:40,27.73,65.15,32.08
25/09/2026,13:43:54,27.70,65.96,32.15
25/09/2026,13:45:05,27.70,66.00,32.16
25/09/2026,13:46:16,27.70,66.67,32.24
25/09/2026,13:47:26,27.72,67.00,32.31
25/09/2026,13:48:37,27.73,67.00,32.32
25/09/2026,13:49:51,27.74,67.25,32.37
25/09/2026,13:51:02,27.77,67.79,32.48
25/09/2026,13:52:13,27.80,67.96,32.55
25/09/2026,13:53:24,27.79,68.00,32.55
25/09/2026,13:54:35,27.80,68.15,32.58
25/09/2026,13:55:48,27.80,69.00,32.69
25/09/2026,13:56:59,27.80,69.00,32.69
25/09/2026,13:58:10,27.80,69.09,32.71
25/09/2026,13:59:21,27.80,70.00,32.82
25/09/2026,14:00:32,27.80,70.00,32.82
25/09/2026,14:01:45,27.80,70.00,32.82
25/09/2026,14:02:56,27.80,70.00,32.82
25/09/2026,14:04:07,27.78,70.40,32.84
25/09/2026,14:05:18,27.80,71.00,32.95
25/09/2026,14:06:29,27.80,71.00,32.94
25/09/2026,14:07:43,27.80,71.00,32.95
25/09/2026,14:08:53,27.80,71.00,32.94
25/09/2026,14:10:04,27.80,71.00,32.95
25/09/2026,14:11:15,27.80,71.00,32.95
25/09/2026,14:12:26,27.80,71.00,32.95
25/09/2026,14:13:40,27.81,71.00,32.96
25/09/2026,14:14:51,27.81,71.00,32.97
25/09/2026,14:16:02,27.88,70.21,32.97
25/09/2026,14:17:13,27.87,70.00,32.93
25/09/2026,14:18:23,27.88,70.00,32.94
25/09/2026,14:19:37,27.86,70.00,32.91
25/09/2026,14:20:48,27.84,70.00,32.88
25/09/2026,14:21:59,27.81,70.92,32.95
25/09/2026,14:23:10,27.82,71.00,32.99
25/09/2026,14:24:21,27.82,71.00,32.98
25/09/2026,14:25:34,27.84,71.00,33.01
25/09/2026,14:26:45,27.87,71.00,33.05
25/09/2026,14:27:56,27.89,71.00,33.08
25/09/2026,14:29:07,27.88,71.00,33.08
25/09/2026,14:30:18,27.90,71.00,33.10
25/09/2026,14:31:31,27.83,71.00,33.00
25/09/2026,14:32:42,27.82,71.84,33.09
25/09/2026,14:33:53,27.82,71.28,33.01
25/09/2026,14:35:04,27.82,71.42,33.02
25/09/2026,14:36:15,27.88,72.00,33.21
25/09/2026,14:37:29,27.90,71.08,33.11
25/09/2026,14:38:40,27.90,71.00,33.10
25/09/2026,14:39:51,27.90,71.00,33.10
25/09/2026,14:41:02,27.87,71.00,33.06
25/09/2026,14:42:13,27.82,70.04,32.86
25/09/2026,14:43:26,27.80,70.00,32.82
25/09/2026,14:44:37,27.80,70.00,32.82
25/09/2026,14:45:48,27.80,69.77,32.79
25/09/2026,14:46:59,27.80,69.00,32.68
25/09/2026,14:48:10,27.80,69.00,32.69
25/09/2026,14:49:23,27.80,69.00,32.69
25/09/2026,14:50:34,27.80,69.00,32.69
25/09/2026,14:51:45,27.80,69.00,32.69
25/09/2026,14:52:56,27.80,69.00,32.70
25/09/2026,14:54:07,27.80,69.00,32.69
25/09/2026,14:55:21,27.80,68.64,32.65
25/09/2026,14:56:31,27.80,68.00,32.57
25/09/2026,14:57:42,27.80,68.00,32.56
25/09/2026,14:58:53,27.80,68.00,32.57
25/09/2026,15:00:04,27.80,67.62,32.52
25/09/2026,15:01:18,27.80,67.00,32.43
25/09/2026,15:02:29,27.80,67.00,32.44
25/09/2026,15:03:40,27.80,66.50,32.37
25/09/2026,15:04:51,27.80,66.40,32.35
25/09/2026,15:06:02,27.80,66.96,32.43
25/09/2026,15:07:15,27.80,66.96,32.43
25/09/2026,15:08:26,27.80,67.00,32.44
25/09/2026,15:09:37,27.80,67.00,32.43
25/09/2026,15:10:48,27.79,66.92,32.41
25/09/2026,15:11:59,27.80,67.00,32.43
25/09/2026,15:13:13,27.80,67.00,32.44
25/09/2026,15:14:24,27.79,67.00,32.41
25/09/2026,15:15:35,27.74,67.00,32.35
25/09/2026,15:16:46,27.75,67.00,32.36
25/09/2026,15:17:56,27.80,67.00,32.42
25/09/2026,15:19:10,27.78,67.00,32.40
25/09/2026,15:20:21,27.80,67.00,32.42
25/09/2026,15:21:32,27.80,67.00,32.43
25/09/2026,15:22:43,27.79,67.42,32.47
25/09/2026,15:23:54,27.77,68.00,32.52
25/09/2026,15:25:07,27.80,68.00,32.56
25/09/2026,15:26:18,27.80,68.00,32.56
25/09/2026,15:27:29,27.80,68.00,32.55
25/09/2026,15:28:40,27.80,68.00,32.55
25/09/2026,15:29:51,27.80,68.00,32.56
25/09/2026,15:31:05,27.80,68.00,32.56
25/09/2026,15:32:16,27.80,67.44,32.49
25/09/2026,15:33:27,27.80,67.00,32.43
25/09/2026,15:34:38,27.76,67.00,32.37
25/09/2026,15:35:49,27.79,67.00,32.41
25/09/2026,15:37:03,27.78,67.00,32.40
25/09/2026,15:38:13,27.76,67.00,32.37
25/09/2026,15:39:24,27.75,67.25,32.39
25/09/2026,15:40:35,27.79,67.17,32.43
25/09/2026,15:41:46,27.83,67.56,32.55
25/09/2026,15:43:00,27.80,68.00,32.56
25/09/2026,15:44:11,27.80,68.00,32.56
25/09/2026,15:45:22,27.80,68.00,32.57
25/09/2026,15:46:33,27.80,67.89,32.55
25/09/2026,15:47:44,27.80,67.04,32.43
25/09/2026,15:48:57,27.80,67.00,32.43
25/09/2026,15:50:08,27.80,67.12,32.45
25/09/2026,15:51:19,27.80,67.00,32.43
25/09/2026,15:52:30,27.80,66.72,32.40
25/09/2026,15:53:41,27.80,65.00,32.17
25/09/2026,15:54:59,27.80,65.00,32.17
25/09/2026,15:56:10,27.80,64.64,32.13
25/09/2026,15:57:21,27.80,64.26,32.08
25/09/2026,15:58:32,27.80,63.16,31.93
25/09/2026,15:59:43,27.80,61.00,31.66
25/09/2026,16:00:57,27.77,59.65,31.45
25/09/2026,16:02:08,27.74,58.71,31.28
25/09/2026,16:03:19,27.72,57.71,31.13
25/09/2026,16:04:30,27.68,57.00,30.97
25/09/2026,16:05:41,27.67,56.04,30.84
25/09/2026,16:06:55,27.67,56.68,30.91
25/09/2026,16:08:06,27.71,57.00,31.01
25/09/2026,16:09:16,27.77,57.54,31.17
25/09/2026,16:10:27,27.78,57.26,31.15
25/09/2026,16:11:38,27.74,57.00,31.06
25/09/2026,16:12:52,27.78,57.61,31.19
25/09/2026,16:14:03,27.80,57.24,31.17
25/09/2026,16:15:14,27.80,57.00,31.14
25/09/2026,16:16:25,27.80,57.28,31.18
25/09/2026,16:17:36,27.80,56.17,31.03
25/09/2026,16:18:49,27.80,56.09,31.03
25/09/2026,16:20:00,27.80,57.00,31.14
25/09/2026,16:21:11,27.80,57.00,31.14
25/09/2026,16:22:22,27.80,57.00,31.15
25/09/2026,16:23:33,27.80,56.76,31.11
25/09/2026,16:24:47,27.80,56.00,31.01
25/09/2026,16:25:58,27.80,56.00,31.01
25/09/2026,16:27:09,27.80,56.00,31.01
25/09/2026,16:28:20,27.80,56.00,31.02
25/09/2026,16:29:31,27.80,56.00,31.01
25/09/2026,16:30:44,27.80,56.00,31.01
25/09/2026,16:31:55,27.80,56.00,31.01
25/09/2026,16:33:06,27.76,56.00,30.96
25/09/2026,16:34:17,27.71,56.00,30.88
25/09/2026,16:35:28,27.72,56.12,30.92
25/09/2026,16:36:41,27.70,56.20,30.90
25/09/2026,16:37:52,27.68,56.00,30.84
25/09/2026,16:39:03,27.63,56.00,30.77
25/09/2026,16:40:14,27.61,56.00,30.75
25/09/2026,16:41:25,27.63,56.00,30.77
25/09/2026,16:42:38,27.70,56.68,30.96
25/09/2026,16:43:49,27.72,56.95,31.02
25/09/2026,16:45:00,27.76,57.00,31.09
25/09/2026,16:46:11,27.78,57.00,31.12
25/09/2026,16:47:22,27.80,57.00,31.14
25/09/2026,16:48:36,27.80,57.00,31.14
25/09/2026,16:49:46,27.80,57.00,31.14
25/09/2026,16:50:57,27.80,57.00,31.14
25/09/2026,16:52:08,27.79,57.00,31.13
25/09/2026,16:53:19,27.80,57.00,31.14
25/09/2026,16:54:33,27.80,57.00,31.15
25/09/2026,16:55:44,27.80,57.00,31.14
25/09/2026,16:56:55,27.80,57.00,31.14
25/09/2026,16:58:06,27.79,57.00,31.13
25/09/2026,16:59:17,27.80,57.00,31.14
25/09/2026,17:00:30,27.79,57.00,31.13
25/09/2026,17:01:41,27.80,57.08,31.15
25/09/2026,17:02:52,27.80,57.88,31.26
25/09/2026,17:04:03,27.80,57.38,31.19
25/09/2026,17:05:14,27.80,57.67,31.23
25/09/2026,17:06:28,27.80,57.00,31.14
25/09/2026,17:07:39,27.80,57.19,31.17
25/09/2026,17:08:50,27.80,57.00,31.14
25/09/2026,17:10:01,27.80,57.00,31.15
25/09/2026,17:11:12,27.80,57.00,31.14
25/09/2026,17:12:26,27.79,57.00,31.13
25/09/2026,17:13:37,27.80,57.00,31.14
25/09/2026,17:14:47,27.78,57.00,31.12
25/09/2026,17:15:58,27.80,57.00,31.14
25/09/2026,17:17:09,27.80,57.00,31.14
25/09/2026,17:18:24,27.80,57.00,31.14
25/09/2026,17:19:35,27.80,57.08,31.15
25/09/2026,17:20:46,27.80,57.04,31.15
25/09/2026,17:21:57,27.80,57.00,31.14
25/09/2026,17:23:08,27.80,57.00,31.14
25/09/2026,17:24:22,27.79,57.00,31.13
25/09/2026,17:25:33,27.80,57.00,31.14
25/09/2026,17:26:44,27.80,57.00,31.14
25/09/2026,17:27:55,27.80,57.00,31.14
25/09/2026,17:29:06,27.80,56.26,31.05
25/09/2026,17:30:20,27.80,56.00,31.01
25/09/2026,17:31:31,27.80,56.00,31.01
25/09/2026,17:32:42,27.80,56.00,31.01
25/09/2026,17:33:52,27.80,55.88,30.99
25/09/2026,17:35:03,27.80,55.83,30.99
25/09/2026,17:36:17,27.80,56.00,31.01
25/09/2026,17:37:28,27.78,55.58,30.94
25/09/2026,17:38:39,27.77,55.08,30.85
25/09/2026,17:39:50,27.75,55.00,30.82
25/09/2026,17:41:01,27.72,55.00,30.78
25/09/2026,17:42:14,27.68,55.00,30.72
25/09/2026,17:43:25,27.71,55.00,30.76
25/09/2026,17:44:36,27.70,55.00,30.74
25/09/2026,17:45:47,27.69,55.00,30.73
25/09/2026,17:46:58,27.64,55.00,30.66
25/09/2026,17:48:11,27.60,55.00,30.61
25/09/2026,17:49:22,27.60,55.00,30.60
25/09/2026,17:50:33,27.60,55.00,30.60
25/09/2026,17:51:44,27.60,55.00,30.59
25/09/2026,17:52:55,27.60,55.00,30.60
25/09/2026,17:54:09,27.60,55.00,30.60
25/09/2026,17:55:20,27.60,55.00,30.60
25/09/2026,17:56:30,27.60,55.68,30.69
25/09/2026,17:57:41,27.61,55.21,30.64
25/09/2026,17:58:52,27.60,55.00,30.60
25/09/2026,18:00:06,27.60,55.00,30.61
25/09/2026,18:01:17,27.61,55.96,30.73
25/09/2026,18:02:28,27.66,56.00,30.81
25/09/2026,18:03:39,27.69,56.00,30.85
25/09/2026,18:04:50,27.71,56.00,30.88
25/09/2026,18:06:03,27.70,56.00,30.88
25/09/2026,18:07:14,27.68,55.20,30.75
25/09/2026,18:08:25,27.62,55.00,30.63
25/09/2026,18:09:36,27.60,55.00,30.60
25/09/2026,18:10:47,27.60,54.46,30.53
25/09/2026,18:12:00,27.60,54.00,30.47
25/09/2026,18:13:11,27.55,54.00,30.40
25/09/2026,18:14:22,27.56,54.00,30.42
25/09/2026,18:15:33,27.53,54.00,30.37
25/09/2026,18:16:44,27.52,54.00,30.36
25/09/2026,18:17:58,27.59,54.22,30.49
25/09/2026,18:19:08,27.59,54.08,30.47
25/09/2026,18:20:19,27.57,54.00,30.43
25/09/2026,18:21:30,27.59,54.00,30.46
25/09/2026,18:22:41,27.60,54.00,30.47
25/09/2026,18:23:55,27.60,54.35,30.52
25/09/2026,18:25:06,27.60,55.00,30.60
25/09/2026,18:26:16,27.60,55.00,30.60
25/09/2026,18:27:27,27.60,55.38,30.65
25/09/2026,18:28:38,27.61,55.88,30.72
25/09/2026,18:29:53,27.60,55.04,30.61
25/09/2026,18:31:04,27.60,55.00,30.59
25/09/2026,18:32:15,27.60,55.00,30.60
25/09/2026,18:33:26,27.60,55.00,30.60
25/09/2026,18:34:37,27.58,54.56,30.52
25/09/2026,18:35:50,27.58,54.58,30.52
25/09/2026,18:37:01,27.60,55.00,30.60
25/09/2026,18:38:12,27.60,55.00,30.60
25/09/2026,18:39:23,27.60,55.00,30.60
25/09/2026,18:40:34,27.60,55.00,30.60
25/09/2026,18:41:47,27.60,55.00,30.60
25/09/2026,18:42:58,27.60,55.00,30.60
25/09/2026,18:44:09,27.60,55.46,30.66
25/09/2026,18:45:20,27.60,56.00,30.73
25/09/2026,18:46:31,27.60,56.00,30.73
25/09/2026,18:47:44,27.60,56.00,30.73
25/09/2026,18:48:55,27.60,56.00,30.73
25/09/2026,18:50:06,27.60,56.00,30.73
25/09/2026,18:51:17,27.60,56.00,30.73
25/09/2026,18:52:28,27.60,56.00,30.73
25/09/2026,18:53:42,27.60,56.00,30.73
25/09/2026,18:54:53,27.60,56.00,30.73
25/09/2026,18:56:04,27.60,56.46,30.78
25/09/2026,18:57:15,27.60,56.46,30.79
25/09/2026,18:58:26,27.60,56.04,30.73
25/09/2026,18:59:39,27.60,56.00,30.72
25/09/2026,19:00:50,27.60,56.00,30.72
25/09/2026,19:02:01,27.59,56.33,30.75
25/09/2026,19:03:12,27.60,57.00,30.86
25/09/2026,19:04:23,27.59,57.00,30.84
25/09/2026,19:05:36,27.55,56.17,30.68
25/09/2026,19:06:47,27.50,56.00,30.59
25/09/2026,19:07:58,27.50,56.00,30.59
25/09/2026,19:09:09,27.50,56.00,30.59
25/09/2026,19:10:20,27.50,57.00,30.71
25/09/2026,19:11:34,27.51,57.00,30.72
25/09/2026,19:12:45,27.59,57.00,30.84
25/09/2026,19:13:56,27.60,57.00,30.86
25/09/2026,19:15:07,27.60,57.00,30.86
25/09/2026,19:16:17,27.60,57.00,30.86
25/09/2026,19:17:31,27.60,57.00,30.86
25/09/2026,19:18:42,27.59,57.00,30.84
25/09/2026,19:19:53,27.59,57.00,30.84
25/09/2026,19:21:04,27.59,57.00,30.84
25/09/2026,19:22:15,27.54,57.00,30.77
25/09/2026,19:23:29,27.51,57.00,30.73
25/09/2026,19:24:40,27.54,57.00,30.77
25/09/2026,19:25:50,27.58,57.00,30.83
25/09/2026,19:27:01,27.60,57.00,30.85
25/09/2026,19:28:12,27.59,57.00,30.84
25/09/2026,19:29:26,27.60,57.00,30.85
25/09/2026,19:30:37,27.59,57.00,30.84
25/09/2026,19:31:48,27.58,57.00,30.83
25/09/2026,19:32:59,27.60,57.00,30.85
25/09/2026,19:34:10,27.59,57.00,30.84
25/09/2026,19:35:23,27.60,57.00,30.85
25/09/2026,19:36:34,27.58,57.00,30.83
25/09/2026,19:37:45,27.54,57.00,30.77
25/09/2026,19:38:56,27.51,57.00,30.72
25/09/2026,19:40:07,27.51,57.00,30.72
25/09/2026,19:41:21,27.50,57.00,30.71
25/09/2026,19:42:32,27.50,57.00,30.71
25/09/2026,19:43:43,27.50,57.24,30.74
25/09/2026,19:44:53,27.50,58.00,30.84
25/09/2026,19:46:04,27.51,57.88,30.84
25/09/2026,19:47:18,27.55,58.00,30.91
25/09/2026,19:48:29,27.59,58.00,30.97
25/09/2026,19:49:40,27.59,58.00,30.97
25/09/2026,19:50:51,27.60,58.00,30.98
25/09/2026,19:52:02,27.58,58.00,30.95
25/09/2026,19:53:15,27.59,58.00,30.97
25/09/2026,19:54:26,27.59,58.00,30.97
25/09/2026,19:55:37,27.58,58.00,30.96
25/09/2026,19:56:48,27.58,58.00,30.96
25/09/2026,19:57:59,27.59,58.00,30.96
25/09/2026,19:59:12,27.60,58.00,30.98
25/09/2026,20:00:23,27.60,58.00,30.98
25/09/2026,20:01:34,27.60,58.00,30.98
25/09/2026,20:02:45,27.60,58.00,30.98
25/09/2026,20:03:56,27.60,58.00,30.98
25/09/2026,20:05:10,27.60,58.00,30.98
25/09/2026,20:06:21,27.60,58.00,30.98
25/09/2026,20:07:32,27.60,58.00,30.98
25/09/2026,20:08:42,27.60,58.00,30.98
25/09/2026,20:09:53,27.59,58.00,30.97
25/09/2026,20:11:07,27.58,58.00,30.96
25/09/2026,20:12:18,27.59,58.00,30.97
25/09/2026,20:13:29,27.60,58.00,30.98
25/09/2026,20:14:40,27.60,58.00,30.98
25/09/2026,20:15:51,27.60,58.00,30.98
25/09/2026,20:17:04,27.60,58.00,30.98
25/09/2026,20:18:15,27.60,58.00,30.98
25/09/2026,20:19:26,27.60,58.00,30.98
25/09/2026,20:20:37,27.60,58.00,30.98
25/09/2026,20:21:48,27.60,58.00,30.98
25/09/2026,20:23:02,27.62,58.00,31.01
25/09/2026,20:24:13,27.65,58.00,31.06
25/09/2026,20:25:24,27.69,58.00,31.12
25/09/2026,20:26:35,27.70,58.00,31.13
25/09/2026,20:27:46,27.72,58.00,31.16
25/09/2026,20:28:59,27.72,58.00,31.15
25/09/2026,20:30:10,27.77,58.00,31.23
25/09/2026,20:31:21,27.79,58.00,31.26
25/09/2026,20:32:32,27.79,58.00,31.26
25/09/2026,20:33:43,27.80,58.00,31.27
25/09/2026,20:34:56,27.79,58.00,31.26
25/09/2026,20:36:07,27.80,58.00,31.27
25/09/2026,20:37:18,27.80,58.00,31.27
25/09/2026,20:38:29,27.80,58.00,31.27
25/09/2026,20:39:40,27.80,58.00,31.27
25/09/2026,20:40:53,27.80,58.00,31.27
25/09/2026,20:42:04,27.80,58.00,31.27
25/09/2026,20:43:15,27.80,58.00,31.27
25/09/2026,20:44:26,27.80,58.00,31.27
25/09/2026,20:45:37,27.80,57.76,31.24
25/09/2026,20:46:51,27.80,57.68,31.23
25/09/2026,20:48:02,27.80,57.25,31.18
25/09/2026,20:49:13,27.80,57.00,31.14
25/09/2026,20:50:24,27.80,57.00,31.15
25/09/2026,20:51:35,27.80,57.00,31.15
25/09/2026,20:52:48,27.80,57.00,31.15
25/09/2026,20:53:59,27.80,57.00,31.15
25/09/2026,20:55:10,27.81,57.00,31.15
25/09/2026,20:56:21,27.82,57.00,31.17
25/09/2026,20:57:32,27.82,57.00,31.17
25/09/2026,20:58:46,27.90,57.96,31.41
25/09/2026,20:59:57,27.89,57.04,31.28
25/09/2026,21:01:08,27.90,57.00,31.29
25/09/2026,21:02:18,27.90,57.00,31.28
25/09/2026,21:03:29,27.88,57.00,31.26
25/09/2026,21:04:43,27.88,57.00,31.25
25/09/2026,21:05:54,27.86,56.12,31.12
25/09/2026,21:07:05,27.86,56.00,31.10
25/09/2026,21:08:16,27.85,56.00,31.08
25/09/2026,21:09:27,27.86,56.00,31.09
25/09/2026,21:10:40,27.89,56.00,31.14
25/09/2026,21:11:51,27.88,56.00,31.12
25/09/2026,21:13:02,27.90,56.80,31.26
25/09/2026,21:14:13,27.90,56.81,31.26
25/09/2026,21:15:24,27.90,56.83,31.27
25/09/2026,21:16:37,27.90,56.00,31.16
25/09/2026,21:17:48,27.90,56.00,31.16
25/09/2026,21:18:59,27.90,56.00,31.16
25/09/2026,21:20:10,27.90,56.00,31.16
25/09/2026,21:21:21,27.90,56.00,31.16
25/09/2026,21:22:35,27.90,56.04,31.17
25/09/2026,21:23:46,27.90,56.00,31.16
25/09/2026,21:24:57,27.90,56.00,31.15
25/09/2026,21:26:08,27.90,56.00,31.16
25/09/2026,21:27:19,27.90,56.00,31.16
25/09/2026,21:28:32,27.89,56.00,31.14
25/09/2026,21:29:43,27.85,55.83,31.06
25/09/2026,21:30:54,27.80,54.68,30.84
25/09/2026,21:32:05,27.75,54.00,30.69
25/09/2026,21:33:16,27.70,54.00,30.61
25/09/2026,21:34:29,27.68,54.00,30.58
25/09/2026,21:35:40,27.61,53.96,30.48
25/09/2026,21:36:51,27.61,53.04,30.36
25/09/2026,21:38:02,27.61,53.00,30.36
25/09/2026,21:39:13,27.60,52.72,30.31
25/09/2026,21:40:27,27.60,52.00,30.22
25/09/2026,21:41:37,27.60,52.00,30.22
25/09/2026,21:42:48,27.59,51.42,30.13
25/09/2026,21:43:59,27.52,51.00,29.98
25/09/2026,21:45:10,27.51,51.00,29.96
25/09/2026,21:46:24,27.50,51.00,29.95
25/09/2026,21:47:35,27.50,51.00,29.95
25/09/2026,21:48:46,27.50,51.00,29.95
25/09/2026,21:49:57,27.50,51.00,29.95
25/09/2026,21:51:08,27.50,51.00,29.95
25/09/2026,21:52:21,27.49,50.85,29.92
25/09/2026,21:53:32,27.50,51.00,29.95
25/09/2026,21:54:43,27.50,51.00,29.96
25/09/2026,21:55:54,27.50,51.00,29.95
25/09/2026,21:57:05,27.51,51.00,29.96
25/09/2026,21:58:19,27.54,51.00,30.01
25/09/2026,21:59:30,27.58,51.00,30.07
25/09/2026,22:00:41,27.58,51.00,30.07
25/09/2026,22:01:52,27.55,51.00,30.02
25/09/2026,22:03:03,27.51,51.00,29.97
25/09/2026,22:04:16,27.54,51.00,30.01
25/09/2026,22:05:27,27.58,51.33,30.10
25/09/2026,22:06:38,27.55,51.08,30.03
25/09/2026,22:07:49,27.56,51.00,30.04
25/09/2026,22:09:00,27.57,51.00,30.05
25/09/2026,22:10:14,27.58,51.08,30.07
25/09/2026,22:11:24,27.53,51.00,30.00
25/09/2026,22:12:35,27.52,51.00,29.98
25/09/2026,22:13:46,27.50,51.20,29.98
25/09/2026,22:14:57,27.50,52.00,30.08
25/09/2026,22:16:11,27.50,52.00,30.09
25/09/2026,22:17:22,27.52,52.00,30.11
25/09/2026,22:18:33,27.51,51.64,30.05
25/09/2026,22:19:44,27.50,51.00,29.96
25/09/2026,22:20:54,27.50,51.00,29.95
25/09/2026,22:22:08,27.50,51.00,29.95
25/09/2026,22:23:19,27.50,51.00,29.95
25/09/2026,22:24:30,27.49,51.00,29.94
25/09/2026,22:25:41,27.50,51.00,29.95
25/09/2026,22:26:52,27.50,51.21,29.98
25/09/2026,22:28:05,27.50,51.96,30.08
25/09/2026,22:29:16,27.50,51.92,30.07
25/09/2026,22:30:27,27.50,52.00,30.08
25/09/2026,22:31:38,27.50,52.00,30.07
25/09/2026,22:32:49,27.50,52.00,30.07
25/09/2026,22:34:03,27.50,52.00,30.08
25/09/2026,22:35:14,27.45,52.00,30.01
25/09/2026,22:36:25,27.45,52.00,30.01
25/09/2026,22:37:35,27.45,52.21,30.04
25/09/2026,22:38:46,27.42,52.65,30.05
25/09/2026,22:40:00,27.43,53.00,30.11
25/09/2026,22:41:11,27.41,53.00,30.08
25/09/2026,22:42:22,27.47,53.00,30.17
25/09/2026,22:43:33,27.47,53.00,30.16
25/09/2026,22:44:44,27.43,53.00,30.11
25/09/2026,22:45:57,27.44,53.00,30.12
25/09/2026,22:47:08,27.45,53.00,30.14
25/09/2026,22:48:19,27.47,53.00,30.17
25/09/2026,22:49:30,27.46,53.00,30.15
25/09/2026,22:50:41,27.46,53.00,30.16
25/09/2026,22:51:55,27.47,53.00,30.17
25/09/2026,22:53:06,27.49,53.00,30.19
25/09/2026,22:54:16,27.50,53.00,30.21
25/09/2026,22:55:27,27.50,53.00,30.21
25/09/2026,22:56:38,27.50,53.00,30.21
25/09/2026,22:57:52,27.51,52.56,30.17
25/09/2026,22:59:03,27.54,52.04,30.14
25/09/2026,23:00:14,27.54,52.00,30.14
25/09/2026,23:01:25,27.52,52.00,30.10
25/09/2026,23:02:35,27.52,52.00,30.11
25/09/2026,23:03:49,27.59,52.62,30.29
25/09/2026,23:05:00,27.60,53.00,30.35
25/09/2026,23:06:11,27.60,53.00,30.35
25/09/2026,23:07:22,27.60,53.00,30.35
25/09/2026,23:08:33,27.60,53.00,30.35
25/09/2026,23:09:46,27.60,53.00,30.35
25/09/2026,23:10:57,27.62,53.68,30.46
25/09/2026,23:12:08,27.63,54.00,30.52
25/09/2026,23:13:19,27.69,54.00,30.60
25/09/2026,23:14:30,27.70,53.96,30.60
25/09/2026,23:15:43,27.73,53.96,30.65
25/09/2026,23:16:54,27.73,54.00,30.65
25/09/2026,23:18:05,27.70,54.00,30.62
25/09/2026,23:19:16,27.73,54.00,30.65
25/09/2026,23:20:27,27.80,54.00,30.76
25/09/2026,23:21:40,27.80,54.00,30.75
25/09/2026,23:22:51,27.80,54.00,30.75
25/09/2026,23:24:02,27.79,54.00,30.75
25/09/2026,23:25:13,27.80,54.00,30.76
25/09/2026,23:26:24,27.80,54.00,30.75
25/09/2026,23:27:38,27.80,54.00,30.75
25/09/2026,23:28:49,27.79,54.04,30.75
25/09/2026,23:29:59,27.80,54.60,30.83
25/09/2026,23:31:10,27.80,54.50,30.82
25/09/2026,23:32:21,27.75,54.46,30.75
25/09/2026,23:33:35,27.66,54.21,30.59
25/09/2026,23:34:46,27.64,55.00,30.66
25/09/2026,23:35:57,27.65,55.00,30.67
25/09/2026,23:37:08,27.68,55.00,30.71
25/09/2026,23:38:19,27.68,55.00,30.71
25/09/2026,23:39:32,27.70,55.00,30.74
25/09/2026,23:40:43,27.70,55.00,30.74
25/09/2026,23:41:54,27.69,55.00,30.73
25/09/2026,23:43:05,27.66,55.00,30.69
25/09/2026,23:44:16,27.65,55.00,30.68
25/09/2026,23:45:30,27.61,55.00,30.61
25/09/2026,23:46:41,27.61,55.00,30.61
25/09/2026,23:47:51,27.61,55.00,30.61
25/09/2026,23:49:02,27.61,55.00,30.61
25/09/2026,23:50:13,27.64,55.00,30.65
25/09/2026,23:51:27,27.64,55.00,30.66
25/09/2026,23:52:38,27.66,55.00,30.68
25/09/2026,23:53:49,27.66,55.00,30.69
25/09/2026,23:55:00,27.67,55.00,30.70
25/09/2026,23:56:11,27.65,55.00,30.68
25/09/2026,23:57:24,27.65,55.00,30.67
25/09/2026,23:58:35,27.64,55.00,30.66
25/09/2026,23:59:46,27.67,55.00,30.70
26/09/2026,00:00:57,27.69,55.00,30.73
26/09/2026,00:02:08,27.65,55.00,30.68
26/09/2026,00:03:21,27.60,55.00,30.61
26/09/2026,00:04:32,27.60,54.28,30.50
26/09/2026,00:05:43,27.60,54.58,30.55
26/09/2026,00:06:54,27.60,54.21,30.49
26/09/2026,00:08:05,27.59,54.04,30.47
26/09/2026,00:09:18,27.60,54.72,30.57
26/09/2026,00:10:29,27.60,55.00,30.60
26/09/2026,00:11:40,27.58,55.00,30.58
26/09/2026,00:12:51,27.60,55.00,30.60
26/09/2026,00:14:02,27.60,55.00,30.60
26/09/2026,00:15:16,27.60,55.00,30.60
26/09/2026,00:16:27,27.60,54.67,30.56
26/09/2026,00:17:38,27.60,54.65,30.55
26/09/2026,00:18:49,27.59,55.00,30.58
26/09/2026,00:19:59,27.59,54.08,30.47
26/09/2026,00:21:13,27.59,54.00,30.46
26/09/2026,00:22:24,27.57,54.00,30.43
26/09/2026,00:23:35,27.57,54.00,30.43
26/09/2026,00:24:46,27.57,54.00,30.43
26/09/2026,00:25:57,27.54,54.00,30.39
26/09/2026,00:27:10,27.54,54.00,30.39
26/09/2026,00:28:21,27.54,54.00,30.39
26/09/2026,00:29:32,27.54,54.00,30.39
26/09/2026,00:30:43,27.52,54.00,30.36
26/09/2026,00:31:54,27.51,54.00,30.35
26/09/2026,00:33:07,27.53,54.00,30.37
26/09/2026,00:34:18,27.52,54.00,30.36
26/09/2026,00:35:29,27.53,54.00,30.37
26/09/2026,00:36:40,27.51,54.00,30.35
26/09/2026,00:37:51,27.50,54.00,30.34
26/09/2026,00:39:04,27.51,54.00,30.35
26/09/2026,00:40:15,27.50,54.00,30.34
26/09/2026,00:41:26,27.52,54.00,30.36
26/09/2026,00:42:37,27.50,54.00,30.34
26/09/2026,00:43:48,27.50,54.00,30.34
26/09/2026,00:45:01,27.50,54.00,30.34
26/09/2026,00:46:12,27.50,54.00,30.34
26/09/2026,00:47:23,27.50,54.00,30.34
26/09/2026,00:48:34,27.50,54.00,30.33
26/09/2026,00:49:45,27.50,54.00,30.33
26/09/2026,00:50:59,27.50,54.00,30.33
26/09/2026,00:52:10,27.50,54.00,30.33
26/09/2026,00:53:21,27.50,54.00,30.33
26/09/2026,00:54:31,27.50,54.00,30.33
26/09/2026,00:55:42,27.50,54.00,30.33
26/09/2026,00:56:56,27.50,54.00,30.33
26/09/2026,00:58:07,27.50,54.00,30.33
26/09/2026,00:59:18,27.50,54.00,30.33
26/09/2026,01:00:29,27.50,54.00,30.33
26/09/2026,01:01:40,27.50,54.00,30.33
26/09/2026,01:02:53,27.50,54.00,30.34
26/09/2026,01:04:04,27.50,54.00,30.33
26/09/2026,01:05:15,27.50,54.00,30.33
26/09/2026,01:06:26,27.50,54.00,30.33
26/09/2026,01:07:37,27.50,54.00,30.33
26/09/2026,01:08:50,27.50,54.00,30.33
26/09/2026,01:10:01,27.50,54.00,30.33
26/09/2026,01:11:12,27.50,54.00,30.33
26/09/2026,01:12:23,27.50,54.00,30.33
26/09/2026,01:13:34,27.51,54.00,30.35
26/09/2026,01:14:47,27.49,54.00,30.32
26/09/2026,01:15:58,27.48,54.00,30.31
26/09/2026,01:17:09,27.48,54.00,30.30
26/09/2026,01:18:20,27.46,54.00,30.28
26/09/2026,01:19:31,27.47,54.00,30.29
26/09/2026,01:20:44,27.47,54.00,30.29
26/09/2026,01:21:55,27.47,54.00,30.29
26/09/2026,01:23:06,27.48,54.00,30.31
26/09/2026,01:24:17,27.49,54.00,30.31
26/09/2026,01:25:28,27.50,54.00,30.33
26/09/2026,01:26:41,27.46,54.00,30.28
26/09/2026,01:27:52,27.46,54.00,30.28
26/09/2026,01:29:03,27.46,54.00,30.28
26/09/2026,01:30:14,27.44,54.00,30.25
26/09/2026,01:31:25,27.44,54.00,30.25
26/09/2026,01:32:38,27.45,54.00,30.27
26/09/2026,01:33:49,27.45,54.00,30.27
26/09/2026,01:35:00,27.45,54.00,30.26
26/09/2026,01:36:11,27.45,54.00,30.26
26/09/2026,01:37:22,27.45,54.00,30.26
26/09/2026,01:38:36,27.44,54.00,30.25
26/09/2026,01:39:46,27.46,54.00,30.27
26/09/2026,01:40:57,27.44,54.24,30.28
26/09/2026,01:42:08,27.44,54.57,30.32
26/09/2026,01:43:19,27.45,54.52,30.33
26/09/2026,01:44:33,27.43,55.00,30.37
26/09/2026,01:45:44,27.46,55.00,30.40
26/09/2026,01:46:55,27.45,55.00,30.38
26/09/2026,01:48:06,27.42,55.00,30.34
26/09/2026,01:49:16,27.41,55.00,30.34
26/09/2026,01:50:30,27.43,55.00,30.36
26/09/2026,01:51:41,27.42,55.00,30.34
26/09/2026,01:52:52,27.43,55.00,30.36
26/09/2026,01:54:03,27.43,55.00,30.36
26/09/2026,01:55:14,27.42,55.00,30.35
26/09/2026,01:56:27,27.41,55.00,30.33
26/09/2026,01:57:38,27.40,55.00,30.32
26/09/2026,01:58:49,27.40,55.00,30.32
26/09/2026,02:00:00,27.40,55.00,30.32
26/09/2026,02:01:11,27.40,55.00,30.32
26/09/2026,02:02:25,27.40,55.00,30.32
26/09/2026,02:03:35,27.40,55.00,30.32
26/09/2026,02:04:46,27.40,55.00,30.32
26/09/2026,02:05:57,27.40,55.00,30.32
26/09/2026,02:07:08,27.40,55.00,30.32
26/09/2026,02:08:22,27.41,55.00,30.33
26/09/2026,02:09:33,27.41,55.00,30.33
26/09/2026,02:10:44,27.41,55.00,30.33
26/09/2026,02:11:55,27.40,55.00,30.31
26/09/2026,02:13:06,27.40,55.00,30.32
26/09/2026,02:14:19,27.40,55.40,30.37
26/09/2026,02:15:30,27.41,55.92,30.44
26/09/2026,02:16:41,27.40,56.00,30.45
26/09/2026,02:17:52,27.39,56.00,30.43
26/09/2026,02:19:03,27.41,56.00,30.46
26/09/2026,02:20:16,27.40,56.00,30.44
26/09/2026,02:21:27,27.40,56.00,30.44
26/09/2026,02:22:38,27.40,56.00,30.44
26/09/2026,02:23:49,27.40,56.00,30.44
26/09/2026,02:25:00,27.40,56.00,30.44
26/09/2026,02:26:14,27.40,56.00,30.44
26/09/2026,02:27:25,27.40,56.00,30.44
26/09/2026,02:28:35,27.40,56.00,30.44
26/09/2026,02:29:46,27.40,56.00,30.44
26/09/2026,02:30:57,27.40,56.00,30.44
26/09/2026,02:32:11,27.40,56.00,30.44
26/09/2026,02:33:22,27.40,56.00,30.44
26/09/2026,02:34:33,27.40,56.00,30.44
26/09/2026,02:35:44,27.40,56.00,30.45
26/09/2026,02:36:55,27.40,56.00,30.44
26/09/2026,02:38:08,27.40,56.00,30.44
26/09/2026,02:39:19,27.40,56.00,30.44
26/09/2026,02:40:30,27.40,56.00,30.44
26/09/2026,02:41:41,27.40,56.00,30.44
26/09/2026,02:42:52,27.40,56.00,30.44
26/09/2026,02:44:05,27.40,56.00,30.45
26/09/2026,02:45:16,27.40,56.00,30.44
26/09/2026,02:46:27,27.40,56.00,30.44
26/09/2026,02:47:38,27.40,56.00,30.44
26/09/2026,02:48:49,27.39,56.00,30.43
26/09/2026,02:50:03,27.40,56.00,30.44
26/09/2026,02:51:14,27.40,56.00,30.44
26/09/2026,02:52:25,27.40,56.00,30.44
26/09/2026,02:53:36,27.40,56.00,30.44
26/09/2026,02:54:47,27.40,56.00,30.44
26/09/2026,02:56:00,27.40,56.00,30.44
26/09/2026,02:57:11,27.40,56.00,30.44
26/09/2026,02:58:22,27.39,56.00,30.43
26/09/2026,02:59:33,27.39,56.00,30.43
26/09/2026,03:00:44,27.39,56.00,30.43
26/09/2026,03:01:57,27.38,56.00,30.42
26/09/2026,03:03:08,27.39,56.00,30.43
26/09/2026,03:04:19,27.39,56.00,30.43
26/09/2026,03:05:30,27.39,56.04,30.43
26/09/2026,03:06:41,27.38,56.15,30.43
26/09/2026,03:07:54,27.37,56.81,30.50
26/09/2026,03:09:05,27.37,56.96,30.52
26/09/2026,03:10:16,27.37,56.96,30.53
26/09/2026,03:11:27,27.35,56.96,30.50
26/09/2026,03:12:38,27.36,57.00,30.51
26/09/2026,03:13:51,27.34,57.00,30.49
26/09/2026,03:15:02,27.36,57.00,30.51
26/09/2026,03:16:13,27.35,56.92,30.49
26/09/2026,03:17:24,27.36,56.79,30.48
26/09/2026,03:18:35,27.31,57.00,30.44
26/09/2026,03:19:49,27.33,57.00,30.47
26/09/2026,03:21:00,27.34,57.00,30.49
26/09/2026,03:22:10,27.33,56.96,30.47
26/09/2026,03:23:21,27.32,56.88,30.43
26/09/2026,03:24:32,27.30,57.00,30.43
26/09/2026,03:26:01,27.32,57.00,30.46
26/09/2026,03:27:12,27.31,57.00,30.44
26/09/2026,03:28:23,27.31,57.00,30.44
26/09/2026,03:29:34,27.30,57.00,30.43
26/09/2026,03:30:45,27.31,57.00,30.44
26/09/2026,03:31:59,27.30,57.00,30.43
26/09/2026,03:33:09,27.30,57.00,30.43
26/09/2026,03:34:20,27.31,57.00,30.44
26/09/2026,03:35:31,27.31,57.00,30.44
26/09/2026,03:36:42,27.30,57.00,30.43
26/09/2026,03:37:55,27.30,57.00,30.43
26/09/2026,03:39:06,27.30,57.00,30.43
26/09/2026,03:40:17,27.30,57.00,30.43
26/09/2026,03:41:28,27.30,57.00,30.43
26/09/2026,03:42:39,27.30,57.00,30.43
26/09/2026,03:43:53,27.30,57.00,30.43
26/09/2026,03:45:03,27.30,57.00,30.43
26/09/2026,03:46:14,27.30,57.00,30.43
26/09/2026,03:47:25,27.30,57.00,30.43
26/09/2026,03:48:36,27.30,57.00,30.43
26/09/2026,03:49:50,27.30,57.00,30.43
26/09/2026,03:51:00,27.30,57.00,30.43
26/09/2026,03:52:11,27.30,57.00,30.43
26/09/2026,03:53:22,27.30,57.00,30.43
26/09/2026,03:54:33,27.30,57.00,30.43
26/09/2026,03:55:47,27.30,57.00,30.43
26/09/2026,03:56:58,27.30,57.00,30.42
26/09/2026,03:58:09,27.30,57.00,30.43
26/09/2026,03:59:19,27.30,57.00,30.43
26/09/2026,04:00:30,27.30,57.00,30.43
26/09/2026,04:01:44,27.30,57.00,30.42
26/09/2026,04:02:55,27.30,57.00,30.43
26/09/2026,04:04:06,27.30,57.00,30.43
26/09/2026,04:05:17,27.30,57.00,30.43
26/09/2026,04:06:28,27.30,57.00,30.43
26/09/2026,04:07:41,27.30,57.00,30.43
26/09/2026,04:08:52,27.30,57.00,30.43
26/09/2026,04:10:03,27.30,57.00,30.43
26/09/2026,04:11:14,27.31,57.00,30.44
26/09/2026,04:12:25,27.30,57.00,30.43
26/09/2026,04:13:39,27.30,57.00,30.42
26/09/2026,04:14:50,27.30,57.00,30.43
26/09/2026,04:16:01,27.30,57.00,30.43
26/09/2026,04:17:12,27.30,57.00,30.43
26/09/2026,04:18:23,27.30,57.00,30.43
26/09/2026,04:19:36,27.30,57.00,30.42
26/09/2026,04:20:47,27.30,57.00,30.43
26/09/2026,04:21:58,27.30,57.00,30.43
26/09/2026,04:23:09,27.30,57.00,30.43
26/09/2026,04:24:20,27.30,57.00,30.42
26/09/2026,04:25:33,27.30,57.00,30.43
26/09/2026,04:26:44,27.30,57.00,30.43
26/09/2026,04:27:55,27.30,57.00,30.43
26/09/2026,04:29:06,27.30,57.00,30.43
26/09/2026,04:30:17,27.30,57.00,30.43
26/09/2026,04:31:30,27.30,57.00,30.43
26/09/2026,04:32:41,27.30,57.00,30.43
26/09/2026,04:33:52,27.29,57.00,30.41
26/09/2026,04:35:03,27.30,57.00,30.43
26/09/2026,04:36:14,27.30,57.00,30.43
26/09/2026,04:37:28,27.30,57.04,30.43
26/09/2026,04:38:38,27.30,57.04,30.43
26/09/2026,04:39:49,27.28,57.19,30.42
26/09/2026,04:41:00,27.30,57.00,30.43
26/09/2026,04:42:11,27.30,57.00,30.43
26/09/2026,04:43:25,27.30,57.04,30.43
26/09/2026,04:44:36,27.30,57.60,30.50
26/09/2026,04:45:47,27.29,57.29,30.45
26/09/2026,04:46:57,27.30,57.75,30.51
26/09/2026,04:48:08,27.30,57.81,30.53
26/09/2026,04:49:22,27.30,57.91,30.53
26/09/2026,04:50:33,27.30,58.00,30.55
26/09/2026,04:51:44,27.29,58.00,30.54
26/09/2026,04:52:55,27.30,58.00,30.55
26/09/2026,04:54:05,27.30,58.00,30.55
26/09/2026,04:55:19,27.29,58.00,30.54
26/09/2026,04:56:30,27.28,58.00,30.52
26/09/2026,04:57:41,27.28,58.00,30.53
26/09/2026,04:58:52,27.28,58.00,30.53
26/09/2026,05:00:03,27.28,58.00,30.52
26/09/2026,05:01:16,27.29,58.00,30.53
26/09/2026,05:02:27,27.27,58.00,30.50
26/09/2026,05:03:38,27.27,58.00,30.51
26/09/2026,05:04:49,27.27,58.00,30.51
26/09/2026,05:06:00,27.27,58.00,30.51
26/09/2026,05:07:13,27.25,58.00,30.49
26/09/2026,05:08:24,27.26,58.00,30.49
26/09/2026,05:09:35,27.25,58.00,30.49
26/09/2026,05:10:46,27.23,58.00,30.46
26/09/2026,05:11:57,27.24,58.00,30.47
26/09/2026,05:13:10,27.22,58.00,30.44
26/09/2026,05:14:21,27.22,58.00,30.44
26/09/2026,05:15:32,27.22,58.00,30.44
26/09/2026,05:16:43,27.22,58.00,30.44
26/09/2026,05:17:54,27.23,58.00,30.45
26/09/2026,05:19:08,27.24,58.00,30.47
26/09/2026,05:20:19,27.22,58.00,30.44
26/09/2026,05:21:29,27.23,58.00,30.45
26/09/2026,05:22:40,27.23,58.00,30.46
26/09/2026,05:23:51,27.22,58.24,30.47
26/09/2026,05:25:05,27.22,58.33,30.49
26/09/2026,05:26:16,27.22,58.77,30.54
26/09/2026,05:27:27,27.22,58.80,30.54
26/09/2026,05:28:38,27.23,58.92,30.56
26/09/2026,05:29:49,27.23,59.00,30.57
26/09/2026,05:31:02,27.20,59.00,30.54
26/09/2026,05:32:13,27.22,59.00,30.56
26/09/2026,05:33:24,27.22,59.00,30.56
26/09/2026,05:34:35,27.21,59.00,30.54
26/09/2026,05:35:46,27.21,59.00,30.54
26/09/2026,05:37:00,27.20,59.00,30.54
26/09/2026,05:38:10,27.20,59.00,30.54
26/09/2026,05:39:21,27.20,59.00,30.53
26/09/2026,05:40:32,27.20,59.00,30.54
26/09/2026,05:41:43,27.20,59.00,30.53
26/09/2026,05:42:57,27.20,59.00,30.53
26/09/2026,05:44:08,27.20,59.00,30.53
26/09/2026,05:45:19,27.20,59.00,30.54
26/09/2026,05:46:29,27.20,59.00,30.53
26/09/2026,05:47:40,27.20,59.00,30.53
26/09/2026,05:48:54,27.20,59.00,30.53
26/09/2026,05:50:05,27.20,59.00,30.53
26/09/2026,05:51:16,27.20,59.00,30.53
26/09/2026,05:52:27,27.20,59.00,30.54
26/09/2026,05:53:38,27.20,59.00,30.53
26/09/2026,05:54:51,27.20,59.00,30.53
26/09/2026,05:56:02,27.21,59.00,30.54
26/09/2026,05:57:13,27.20,59.00,30.53
26/09/2026,05:58:24,27.20,59.00,30.53
26/09/2026,05:59:35,27.20,59.00,30.53
26/09/2026,06:00:48,27.20,59.00,30.53
26/09/2026,06:01:59,27.20,59.00,30.53
26/09/2026,06:03:10,27.20,59.00,30.53
26/09/2026,06:04:21,27.20,59.00,30.53
26/09/2026,06:05:32,27.20,59.00,30.53
26/09/2026,06:06:45,27.20,59.00,30.53
26/09/2026,06:07:56,27.20,59.00,30.53
26/09/2026,06:09:07,27.21,59.00,30.54
26/09/2026,06:10:18,27.20,59.00,30.53
26/09/2026,06:11:29,27.20,59.00,30.53
26/09/2026,06:12:42,27.20,59.00,30.53
26/09/2026,06:13:53,27.20,59.00,30.53
26/09/2026,06:15:04,27.20,59.00,30.53
26/09/2026,06:16:15,27.20,59.00,30.53
26/09/2026,06:17:26,27.20,59.58,30.60
26/09/2026,06:18:40,27.20,59.33,30.57
26/09/2026,06:19:51,27.20,59.00,30.53
26/09/2026,06:21:02,27.20,59.79,30.62
26/09/2026,06:22:12,27.20,59.92,30.65
26/09/2026,06:23:23,27.20,60.00,30.66
26/09/2026,06:24:37,27.19,60.00,30.64
26/09/2026,06:25:48,27.20,60.00,30.66
26/09/2026,06:26:59,27.20,60.00,30.66
26/09/2026,06:28:10,27.20,60.00,30.65
26/09/2026,06:29:21,27.19,60.00,30.64
26/09/2026,06:30:34,27.19,60.00,30.64
26/09/2026,06:31:45,27.19,60.00,30.64
26/09/2026,06:32:56,27.19,60.00,30.64
26/09/2026,06:34:07,27.18,60.00,30.63
26/09/2026,06:35:18,27.17,60.00,30.62
26/09/2026,06:36:31,27.19,60.00,30.64
26/09/2026,06:37:42,27.18,60.00,30.63
26/09/2026,06:38:53,27.15,60.00,30.59
26/09/2026,06:40:04,27.15,60.00,30.59
26/09/2026,06:41:15,27.16,60.00,30.60
26/09/2026,06:42:28,27.17,60.00,30.61
26/09/2026,06:43:39,27.15,60.00,30.58
26/09/2026,06:44:50,27.15,60.00,30.58
26/09/2026,06:46:01,27.15,60.00,30.59
26/09/2026,06:47:12,27.15,60.00,30.58
26/09/2026,06:48:25,27.15,60.00,30.58
26/09/2026,06:49:36,27.13,60.00,30.56
26/09/2026,06:50:47,27.12,60.00,30.54
26/09/2026,06:51:58,27.12,60.00,30.54
26/09/2026,06:53:09,27.12,60.00,30.55
26/09/2026,06:54:22,27.11,60.00,30.53
26/09/2026,06:55:33,27.10,60.00,30.52
26/09/2026,06:56:44,27.12,60.00,30.53
26/09/2026,06:57:55,27.10,60.00,30.51
26/09/2026,06:59:06,27.10,60.00,30.51
26/09/2026,07:00:20,27.11,60.00,30.53
26/09/2026,07:01:30,27.10,60.00,30.52
26/09/2026,07:02:41,27.10,60.00,30.52
26/09/2026,07:03:52,27.10,60.00,30.52
26/09/2026,07:05:03,27.12,60.00,30.54
26/09/2026,07:06:17,27.10,60.00,30.51
26/09/2026,07:07:28,27.11,60.00,30.53
26/09/2026,07:08:39,27.11,60.00,30.53
26/09/2026,07:09:50,27.11,60.00,30.52
26/09/2026,07:11:01,27.10,60.00,30.51
26/09/2026,07:12:14,27.10,60.00,30.51
26/09/2026,07:13:25,27.10,60.00,30.52
26/09/2026,07:14:36,27.10,60.00,30.51
26/09/2026,07:15:47,27.10,60.00,30.51
26/09/2026,07:16:58,27.11,60.00,30.52
26/09/2026,07:18:11,27.10,60.00,30.51
26/09/2026,07:19:22,27.10,60.00,30.51
26/09/2026,07:20:33,27.09,60.00,30.50
26/09/2026,07:21:44,27.10,60.00,30.51
26/09/2026,07:22:55,27.10,60.00,30.51
26/09/2026,07:24:08,27.09,60.00,30.50
26/09/2026,07:25:19,27.10,60.00,30.51
26/09/2026,07:26:30,27.10,60.00,30.51
26/09/2026,07:27:41,27.10,60.00,30.51
26/09/2026,07:28:52,27.09,60.00,30.50
26/09/2026,07:30:06,27.10,60.00,30.51
26/09/2026,07:31:17,27.10,60.00,30.51
26/09/2026,07:32:28,27.05,60.00,30.44
26/09/2026,07:33:39,27.07,60.00,30.46
26/09/2026,07:34:49,27.07,60.00,30.47
26/09/2026,07:36:03,27.05,60.00,30.44
26/09/2026,07:37:14,27.02,60.00,30.39
26/09/2026,07:38:25,27.02,60.00,30.39
26/09/2026,07:39:36,27.01,60.00,30.39
26/09/2026,07:40:47,27.01,60.00,30.38
26/09/2026,07:42:00,27.01,60.00,30.39
26/09/2026,07:43:11,27.02,60.00,30.40
26/09/2026,07:44:22,27.00,60.00,30.37
26/09/2026,07:45:33,27.01,60.00,30.38
26/09/2026,07:46:44,27.00,60.00,30.37
26/09/2026,07:47:57,27.00,60.00,30.36
26/09/2026,07:49:08,27.00,60.00,30.37
26/09/2026,07:50:19,27.00,60.00,30.37
26/09/2026,07:51:30,27.00,60.00,30.37
26/09/2026,07:52:41,27.00,60.00,30.37
26/09/2026,07:53:54,27.00,60.00,30.37
26/09/2026,07:55:05,27.00,60.00,30.36
26/09/2026,07:56:16,27.00,59.96,30.36
26/09/2026,07:57:27,27.00,60.00,30.37
26/09/2026,07:58:38,27.00,60.00,30.37
26/09/2026,07:59:51,27.00,60.00,30.37
26/09/2026,08:01:02,27.00,60.00,30.37
26/09/2026,08:02:13,27.00,59.91,30.36
26/09/2026,08:03:24,27.00,60.00,30.37
26/09/2026,08:04:35,27.00,59.76,30.34
26/09/2026,08:05:48,27.00,59.27,30.28
26/09/2026,08:06:59,27.01,59.64,30.34
26/09/2026,08:08:10,27.03,59.38,30.34
26/09/2026,08:09:21,27.03,59.32,30.32
26/09/2026,08:10:32,27.06,59.15,30.34
26/09/2026,08:11:45,27.10,59.00,30.39
26/09/2026,08:12:56,27.10,59.04,30.39
26/09/2026,08:14:07,27.10,59.00,30.38
26/09/2026,08:15:18,27.10,59.00,30.38
26/09/2026,08:16:29,27.10,59.00,30.39
26/09/2026,08:17:43,27.10,59.00,30.39
26/09/2026,08:18:54,27.12,59.00,30.41
26/09/2026,08:20:04,27.16,59.00,30.48
26/09/2026,08:21:15,27.16,59.00,30.48
26/09/2026,08:22:26,27.18,59.00,30.51
26/09/2026,08:23:40,27.19,59.00,30.52
26/09/2026,08:24:51,27.20,59.00,30.53
26/09/2026,08:26:01,27.20,59.00,30.53
26/09/2026,08:27:12,27.20,59.00,30.54
26/09/2026,08:28:23,27.20,59.04,30.53
26/09/2026,08:29:37,27.20,59.00,30.53
26/09/2026,08:30:48,27.20,59.00,30.53
26/09/2026,08:31:59,27.23,59.73,30.66
26/09/2026,08:33:10,27.24,59.61,30.66
26/09/2026,08:34:21,27.24,59.84,30.69
26/09/2026,08:35:34,27.28,59.88,30.76
26/09/2026,08:36:45,27.30,60.00,30.80
26/09/2026,08:37:56,27.30,60.00,30.80
26/09/2026,08:39:07,27.30,60.00,30.81
26/09/2026,08:40:18,27.30,60.00,30.80
26/09/2026,08:41:31,27.30,60.00,30.81
26/09/2026,08:42:42,27.31,60.00,30.81
26/09/2026,08:43:53,27.32,60.00,30.84
26/09/2026,08:45:04,27.35,60.00,30.88
26/09/2026,08:46:15,27.37,60.00,30.91
26/09/2026,08:47:28,27.40,60.00,30.95
26/09/2026,08:48:39,27.40,60.00,30.95
26/09/2026,08:49:50,27.41,60.00,30.96
26/09/2026,08:51:01,27.43,60.00,30.99
26/09/2026,08:52:12,27.47,60.00,31.05
26/09/2026,08:53:25,27.49,60.00,31.08
26/09/2026,08:54:36,27.50,60.00,31.09
26/09/2026,08:55:47,27.50,60.00,31.09
26/09/2026,08:56:58,27.50,60.68,31.18
26/09/2026,08:58:09,27.50,60.76,31.19
26/09/2026,08:59:22,27.50,61.00,31.22
26/09/2026,09:00:33,27.55,61.00,31.29
26/09/2026,09:01:44,27.58,61.00,31.33
26/09/2026,09:02:55,27.60,61.00,31.36
26/09/2026,09:04:06,27.60,61.00,31.36
26/09/2026,09:05:19,27.60,61.00,31.36
26/09/2026,09:06:30,27.60,61.00,31.36
26/09/2026,09:07:41,27.61,62.00,31.51
26/09/2026,09:08:52,27.63,62.00,31.53
26/09/2026,09:10:03,27.68,62.00,31.61
26/09/2026,09:11:16,27.71,62.00,31.65
26/09/2026,09:12:27,27.70,62.00,31.65
26/09/2026,09:13:38,27.72,62.00,31.66
26/09/2026,09:14:49,27.76,62.15,31.74
26/09/2026,09:16:00,27.77,62.00,31.75
26/09/2026,09:17:13,27.78,62.00,31.76
26/09/2026,09:18:24,27.75,62.00,31.71
26/09/2026,09:19:35,27.75,62.00,31.71
26/09/2026,09:20:46,27.73,62.00,31.68
26/09/2026,09:21:57,27.65,62.73,31.66
26/09/2026,09:23:11,27.60,62.81,31.60
26/09/2026,09:24:22,27.60,62.04,31.50
26/09/2026,09:25:33,27.60,62.08,31.50
26/09/2026,09:26:44,27.60,62.00,31.50
26/09/2026,09:27:55,27.67,62.00,31.59
26/09/2026,09:29:08,27.79,62.00,31.77
26/09/2026,09:30:19,27.80,62.00,31.79
26/09/2026,09:31:30,27.80,61.30,31.70
26/09/2026,09:32:41,27.79,61.00,31.64
26/09/2026,09:33:52,27.76,61.00,31.61
26/09/2026,09:35:05,27.63,60.69,31.37
26/09/2026,09:36:16,27.58,60.00,31.21
26/09/2026,09:37:27,27.51,59.96,31.10
26/09/2026,09:38:38,27.50,59.04,30.96
26/09/2026,09:39:49,27.48,59.62,31.01
26/09/2026,09:41:02,27.46,59.75,31.01
26/09/2026,09:42:13,27.45,59.42,30.95
26/09/2026,09:43:24,27.43,59.00,30.87
26/09/2026,09:44:35,27.40,59.96,30.95
26/09/2026,09:45:46,27.41,60.00,30.96
26/09/2026,09:46:59,27.41,59.88,30.95
26/09/2026,09:48:10,27.46,60.00,31.03
26/09/2026,09:49:21,27.47,59.96,31.04
26/09/2026,09:50:32,27.50,60.00,31.09
26/09/2026,09:51:43,27.50,60.00,31.09
26/09/2026,09:52:56,27.56,60.00,31.18
26/09/2026,09:54:07,27.59,60.00,31.23
26/09/2026,09:55:18,27.60,60.00,31.24
26/09/2026,09:56:29,27.60,60.00,31.24
26/09/2026,09:57:40,27.61,60.00,31.25
26/09/2026,09:58:54,27.65,60.00,31.31
26/09/2026,10:00:05,27.71,60.00,31.40
26/09/2026,10:01:15,27.70,60.87,31.50
26/09/2026,10:02:26,27.74,60.79,31.55
26/09/2026,10:03:37,27.78,61.00,31.63
26/09/2026,10:04:51,27.80,61.00,31.66
26/09/2026,10:06:02,27.80,61.00,31.66
26/09/2026,10:07:13,27.80,61.00,31.66
26/09/2026,10:08:24,27.80,61.00,31.66
26/09/2026,10:09:35,27.80,61.00,31.66
26/09/2026,10:10:48,27.80,61.00,31.66
26/09/2026,10:11:59,27.83,61.00,31.71
26/09/2026,10:13:10,27.87,61.16,31.78
26/09/2026,10:14:21,27.90,61.92,31.92
26/09/2026,10:15:32,27.90,62.00,31.94
26/09/2026,10:16:45,27.94,62.00,32.00
26/09/2026,10:17:56,28.00,62.00,32.08
26/09/2026,10:19:07,28.00,62.00,32.08
26/09/2026,10:20:18,28.00,62.00,32.08
26/09/2026,10:21:29,28.02,62.00,32.12
26/09/2026,10:22:42,28.09,62.00,32.22
26/09/2026,10:23:53,28.10,62.00,32.23
26/09/2026,10:25:04,28.10,62.00,32.23
26/09/2026,10:26:15,28.16,62.00,32.32
26/09/2026,10:27:26,28.19,62.00,32.36
26/09/2026,10:28:40,28.20,62.00,32.38
26/09/2026,10:29:51,28.20,62.00,32.37
26/09/2026,10:31:02,28.13,62.50,32.34
26/09/2026,10:32:13,28.19,63.00,32.49
26/09/2026,10:33:24,28.26,63.00,32.61
26/09/2026,10:34:37,28.40,63.00,32.81
26/09/2026,10:35:48,28.51,63.00,32.97
26/09/2026,10:36:59,28.50,62.17,32.85
26/09/2026,10:38:10,28.50,62.54,32.91
26/09/2026,10:39:21,28.43,63.00,32.85
26/09/2026,10:40:34,28.40,63.00,32.81
26/09/2026,10:41:45,28.45,63.00,32.89
26/09/2026,10:42:56,28.50,63.00,32.96
26/09/2026,10:44:07,28.50,62.96,32.96
26/09/2026,10:45:18,28.48,63.00,32.94
26/09/2026,10:46:31,28.43,63.00,32.86
26/09/2026,10:47:42,28.44,63.00,32.87
26/09/2026,10:48:53,28.55,63.00,33.04
26/09/2026,10:50:04,28.60,63.00,33.11
26/09/2026,10:51:15,28.58,63.00,33.07
26/09/2026,10:52:28,28.45,63.00,32.88
26/09/2026,10:53:39,28.40,63.00,32.81
26/09/2026,10:54:50,28.37,63.00,32.76
26/09/2026,10:56:01,28.31,63.80,32.78
26/09/2026,10:57:12,28.25,64.00,32.72
26/09/2026,10:58:25,28.13,64.70,32.62
26/09/2026,10:59:36,28.07,65.00,32.58
26/09/2026,11:00:47,28.03,65.96,32.65
26/09/2026,11:01:58,28.01,66.00,32.62
26/09/2026,11:03:09,28.01,66.00,32.62
26/09/2026,11:04:23,28.00,66.27,32.64
26/09/2026,11:05:34,28.00,67.00,32.74
26/09/2026,11:06:45,28.02,67.00,32.76
26/09/2026,11:07:56,28.08,67.00,32.86
26/09/2026,11:09:07,28.10,67.00,32.89
26/09/2026,11:10:20,28.14,67.00,32.95
26/09/2026,11:11:31,28.20,67.00,33.04
26/09/2026,11:12:42,28.21,66.83,33.04
26/09/2026,11:13:53,28.29,66.64,33.13
26/09/2026,11:15:04,28.40,66.46,33.27
26/09/2026,11:16:17,28.45,66.00,33.29
26/09/2026,11:17:28,28.46,66.00,33.30
26/09/2026,11:18:39,28.40,66.00,33.21
26/09/2026,11:19:50,28.40,66.00,33.21
26/09/2026,11:21:01,28.40,66.00,33.21
26/09/2026,11:22:14,28.40,66.00,33.21
26/09/2026,11:23:25,28.40,66.00,33.22
26/09/2026,11:24:36,28.40,66.00,33.21
26/09/2026,11:25:47,28.41,66.00,33.23
26/09/2026,11:26:58,28.40,65.69,33.17
26/09/2026,11:28:12,28.40,66.00,33.21
26/09/2026,11:29:23,28.35,66.00,33.14
26/09/2026,11:30:34,28.36,66.00,33.15
26/09/2026,11:31:45,28.39,65.06,33.08
26/09/2026,11:32:55,28.39,63.07,32.81
26/09/2026,11:34:09,28.38,63.88,32.90
26/09/2026,11:35:20,28.39,62.30,32.71
26/09/2026,11:36:30,28.40,65.31,33.12
26/09/2026,11:37:41,32.71,61.35,39.26
26/09/2026,11:38:52,28.45,63.11,32.90
26/09/2026,11:40:06,28.44,65.62,33.22
26/09/2026,11:41:17,28.45,66.00,33.29
26/09/2026,11:42:28,28.41,66.00,33.22
26/09/2026,11:43:38,28.47,65.96,33.32
26/09/2026,11:44:49,28.49,66.00,33.34
26/09/2026,11:46:03,28.50,66.00,33.37
26/09/2026,11:47:14,28.56,66.00,33.46
26/09/2026,11:48:25,28.59,65.69,33.46
26/09/2026,11:49:36,28.53,65.69,33.37
26/09/2026,11:50:47,28.49,66.00,33.35
26/09/2026,11:52:00,28.50,66.00,33.37
26/09/2026,11:53:11,28.50,65.68,33.33
26/09/2026,11:54:22,28.50,65.70,33.33
26/09/2026,11:55:33,28.53,65.81,33.39
26/09/2026,11:56:44,28.50,66.64,33.46
26/09/2026,11:57:57,28.55,66.00,33.44
26/09/2026,11:59:08,28.57,65.68,33.43
26/09/2026,12:00:19,28.52,66.00,33.39
26/09/2026,12:01:30,28.50,66.04,33.38
26/09/2026,12:02:41,28.50,66.87,33.49
26/09/2026,12:03:54,28.50,66.00,33.36
26/09/2026,12:05:05,28.49,66.00,33.35
26/09/2026,12:06:16,28.48,66.00,33.34
26/09/2026,12:07:27,28.51,66.00,33.38
26/09/2026,12:08:38,28.52,66.36,33.45
26/09/2026,12:09:52,28.59,66.12,33.52
26/09/2026,12:11:02,28.56,66.00,33.45
26/09/2026,12:12:13,28.59,65.95,33.50
26/09/2026,12:13:24,28.60,66.29,33.56
26/09/2026,12:14:35,28.55,66.00,33.44
26/09/2026,12:15:49,28.50,66.00,33.37
26/09/2026,12:16:59,28.42,66.00,33.24
26/09/2026,12:18:10,28.40,66.00,33.21
26/09/2026,12:19:21,28.40,66.00,33.21
26/09/2026,12:20:32,28.43,66.00,33.25
26/09/2026,12:21:46,28.50,66.00,33.36
26/09/2026,12:22:57,28.54,66.36,33.47
26/09/2026,12:24:08,28.61,67.00,33.67
26/09/2026,12:25:19,28.62,66.92,33.68
26/09/2026,12:26:30,28.60,66.16,33.54
26/09/2026,12:27:43,28.60,66.33,33.56
26/09/2026,12:28:54,28.58,66.81,33.59
26/09/2026,12:30:05,28.60,67.00,33.65
26/09/2026,12:31:16,28.59,67.00,33.63
26/09/2026,12:32:27,28.53,67.00,33.55
26/09/2026,12:33:40,28.50,67.00,33.50
26/09/2026,12:34:51,28.50,66.83,33.48
26/09/2026,12:36:02,28.50,66.38,33.42
26/09/2026,12:37:13,28.53,65.55,33.35
26/09/2026,12:38:24,28.68,66.35,33.69
26/09/2026,12:39:38,28.70,66.04,33.68
26/09/2026,12:40:49,28.70,66.00,33.67
26/09/2026,12:42:00,28.70,66.00,33.67
26/09/2026,12:43:10,28.65,66.00,33.60
26/09/2026,12:44:21,28.61,66.00,33.54
26/09/2026,12:45:35,28.60,66.00,33.52
26/09/2026,12:46:46,28.61,66.00,33.53
26/09/2026,12:47:57,28.63,66.00,33.57
26/09/2026,12:49:08,28.61,66.00,33.54
26/09/2026,12:50:19,28.61,65.88,33.52
26/09/2026,12:51:32,28.60,65.12,33.40
26/09/2026,12:52:43,28.60,65.12,33.40
26/09/2026,12:53:54,28.60,65.00,33.38
26/09/2026,12:55:05,28.60,65.00,33.38
26/09/2026,12:56:16,28.58,65.31,33.39
26/09/2026,12:57:29,28.54,65.00,33.29
26/09/2026,12:58:40,28.52,65.00,33.26
26/09/2026,12:59:51,28.59,65.00,33.37
26/09/2026,13:01:02,28.58,65.00,33.36
26/09/2026,13:02:13,28.60,65.00,33.38
26/09/2026,13:03:27,28.60,65.09,33.39
26/09/2026,13:04:38,28.50,66.00,33.37
26/09/2026,13:05:49,28.56,66.00,33.46
26/09/2026,13:07:00,28.60,66.00,33.52
26/09/2026,13:08:11,28.60,66.00,33.52
26/09/2026,13:09:25,28.60,66.00,33.51
26/09/2026,13:10:36,28.60,66.00,33.52
26/09/2026,13:11:46,28.60,66.00,33.52
26/09/2026,13:12:57,28.70,66.00,33.66
26/09/2026,13:14:08,28.70,66.00,33.68
26/09/2026,13:15:22,28.80,66.00,33.83
26/09/2026,13:16:33,28.85,65.96,33.90
26/09/2026,13:17:44,28.82,65.54,33.78
26/09/2026,13:18:55,28.76,65.00,33.63
26/09/2026,13:20:06,28.66,65.92,33.60
26/09/2026,13:21:19,28.70,66.00,33.67
26/09/2026,13:22:30,28.70,66.00,33.67
26/09/2026,13:23:41,28.77,66.00,33.78
26/09/2026,13:24:52,28.88,66.00,33.95
26/09/2026,13:26:03,28.90,66.00,33.98
26/09/2026,13:27:16,28.89,66.00,33.97
26/09/2026,13:28:27,28.90,66.00,33.97
26/09/2026,13:29:38,28.89,66.00,33.96
26/09/2026,13:30:49,28.85,66.00,33.90
26/09/2026,13:32:00,28.80,66.00,33.83
26/09/2026,13:33:13,28.77,66.00,33.78
26/09/2026,13:34:24,28.72,66.00,33.70
26/09/2026,13:35:35,28.68,66.00,33.65
26/09/2026,13:36:46,28.61,66.00,33.53
26/09/2026,13:37:57,28.61,66.00,33.54
26/09/2026,13:39:10,28.60,66.00,33.52
26/09/2026,13:40:21,28.59,66.00,33.51
26/09/2026,13:41:32,28.60,66.00,33.52
26/09/2026,13:42:43,28.54,66.00,33.43
26/09/2026,13:43:54,28.54,66.00,33.43
26/09/2026,13:45:07,28.52,66.00,33.39
26/09/2026,13:46:18,28.49,66.00,33.35
26/09/2026,13:47:29,28.44,66.00,33.28
26/09/2026,13:48:40,28.41,66.00,33.23
26/09/2026,13:49:51,28.40,66.19,33.24
26/09/2026,13:51:04,28.40,67.00,33.35
26/09/2026,13:52:15,28.39,67.00,33.33
26/09/2026,13:53:26,28.30,67.00,33.20
26/09/2026,13:54:37,28.30,67.00,33.20
26/09/2026,13:55:48,28.32,67.00,33.22
26/09/2026,13:57:01,28.36,67.00,33.29
26/09/2026,13:58:12,28.38,67.00,33.32
26/09/2026,13:59:23,28.39,67.00,33.33
26/09/2026,14:00:34,28.37,67.00,33.30
26/09/2026,14:01:45,28.32,67.00,33.23
26/09/2026,14:02:58,28.34,67.00,33.26
26/09/2026,14:04:09,28.38,67.00,33.32
26/09/2026,14:05:20,28.38,67.00,33.31
26/09/2026,14:06:31,28.34,67.00,33.26
26/09/2026,14:07:42,28.30,67.00,33.20
26/09/2026,14:08:56,28.30,67.00,33.19
26/09/2026,14:10:06,28.26,67.00,33.14
26/09/2026,14:11:17,28.20,67.00,33.04
26/09/2026,14:12:28,28.22,67.00,33.06
26/09/2026,14:13:39,28.25,67.00,33.12
26/09/2026,14:14:53,28.16,67.00,32.97
26/09/2026,14:16:04,28.08,66.29,32.77
26/09/2026,14:17:15,27.97,67.00,32.68
26/09/2026,14:18:26,27.93,67.00,32.63
26/09/2026,14:19:37,27.99,67.00,32.72
26/09/2026,14:20:50,28.02,67.00,32.76
26/09/2026,14:22:01,28.02,67.00,32.77
26/09/2026,14:23:12,28.01,67.00,32.75
26/09/2026,14:24:23,28.00,67.00,32.73
26/09/2026,14:25:34,28.00,67.00,32.73
26/09/2026,14:26:47,27.97,67.00,32.69
26/09/2026,14:27:58,27.90,67.00,32.58
26/09/2026,14:29:09,27.90,67.00,32.58
26/09/2026,14:30:20,27.92,67.00,32.61
26/09/2026,14:31:31,27.88,67.00,32.55
26/09/2026,14:32:44,27.80,67.00,32.44
26/09/2026,14:33:55,27.80,67.00,32.43
26/09/2026,14:35:06,27.82,67.00,32.46
26/09/2026,14:36:17,27.87,67.00,32.53
26/09/2026,14:37:28,27.83,67.00,32.48
26/09/2026,14:38:42,27.80,67.00,32.44
26/09/2026,14:39:53,27.80,67.00,32.43
26/09/2026,14:41:03,27.80,67.24,32.46
26/09/2026,14:42:14,27.79,68.00,32.55
26/09/2026,14:43:25,27.80,68.00,32.56
26/09/2026,14:44:39,27.80,67.96,32.56
26/09/2026,14:45:50,27.80,67.00,32.42
26/09/2026,14:47:01,27.78,67.00,32.39
26/09/2026,14:48:11,27.80,67.00,32.43
26/09/2026,14:49:22,27.81,67.00,32.44
26/09/2026,14:50:36,27.82,67.00,32.45
26/09/2026,14:51:47,27.82,67.00,32.47
26/09/2026,14:52:57,27.81,67.00,32.45
26/09/2026,14:54:08,27.81,67.00,32.44
26/09/2026,14:55:19,27.80,67.00,32.44
26/09/2026,14:56:33,27.80,67.00,32.44
26/09/2026,14:57:44,27.80,67.00,32.44
26/09/2026,14:58:55,27.80,67.16,32.46
26/09/2026,15:00:06,27.80,67.00,32.43
26/09/2026,15:01:17,27.81,67.00,32.44
26/09/2026,15:02:30,27.72,67.00,32.32
26/09/2026,15:03:41,27.73,67.00,32.32
26/09/2026,15:04:52,27.71,67.00,32.30
26/09/2026,15:06:03,27.70,67.00,32.29
26/09/2026,15:07:14,27.68,67.00,32.24
26/09/2026,15:08:34,27.74,67.00,32.35
26/09/2026,15:09:45,27.79,67.04,32.42
26/09/2026,15:10:56,27.80,67.00,32.44
26/09/2026,15:12:07,27.80,67.00,32.43
26/09/2026,15:13:18,27.80,67.04,32.43
26/09/2026,15:14:31,27.76,67.08,32.38
26/09/2026,15:15:42,27.79,67.04,32.42
26/09/2026,15:16:53,27.80,67.00,32.44
26/09/2026,15:18:04,27.88,67.00,32.55
26/09/2026,15:19:15,27.90,67.00,32.58
26/09/2026,15:20:28,27.99,67.00,32.72
26/09/2026,15:21:39,28.00,67.00,32.73
26/09/2026,15:22:50,28.00,67.00,32.73
26/09/2026,15:24:01,28.02,66.72,32.73
26/09/2026,15:25:12,28.10,67.29,32.93
26/09/2026,15:26:25,28.10,67.00,32.88
26/09/2026,15:27:36,28.10,67.00,32.89
26/09/2026,15:28:47,28.16,67.44,33.03
26/09/2026,15:29:58,28.21,67.00,33.06
26/09/2026,15:31:09,28.21,67.00,33.05
26/09/2026,15:32:23,28.19,67.00,33.02
26/09/2026,15:33:34,28.20,67.00,33.05
26/09/2026,15:34:45,28.20,67.00,33.05
26/09/2026,15:35:56,28.20,67.00,33.04
26/09/2026,15:37:07,28.23,66.65,33.03
26/09/2026,15:38:20,28.30,67.00,33.19
26/09/2026,15:39:31,28.40,67.00,33.34
26/09/2026,15:40:42,28.40,67.00,33.35
26/09/2026,15:41:53,28.40,67.00,33.35
26/09/2026,15:43:04,28.40,67.00,33.35
26/09/2026,15:44:17,28.39,67.00,33.33
26/09/2026,15:45:28,28.41,67.00,33.36
26/09/2026,15:46:39,28.54,66.88,33.54
26/09/2026,15:47:50,28.52,66.00,33.40
26/09/2026,15:49:01,28.48,66.00,33.33
26/09/2026,15:50:15,28.51,66.38,33.43
26/09/2026,15:51:26,28.51,66.15,33.40
26/09/2026,15:52:37,28.44,66.67,33.36
26/09/2026,15:53:48,28.40,67.00,33.35
26/09/2026,15:54:58,28.40,67.00,33.35
26/09/2026,15:56:12,28.47,67.00,33.46
26/09/2026,15:57:23,28.48,67.00,33.47
26/09/2026,15:58:34,28.49,67.00,33.48
26/09/2026,15:59:45,28.50,67.00,33.50
26/09/2026,16:00:56,28.50,67.00,33.49
26/09/2026,16:02:09,28.50,67.00,33.50
26/09/2026,16:03:20,28.50,66.08,33.38
26/09/2026,16:04:31,28.50,66.04,33.38
26/09/2026,16:05:42,28.51,66.00,33.38
26/09/2026,16:06:53,28.59,66.23,33.54
26/09/2026,16:08:06,28.60,66.04,33.52
26/09/2026,16:09:17,28.60,66.00,33.52
26/09/2026,16:10:28,28.60,66.00,33.52
26/09/2026,16:11:39,28.72,66.00,33.70
26/09/2026,16:12:50,28.86,66.00,33.91
26/09/2026,16:14:04,28.97,65.09,33.96
26/09/2026,16:15:15,29.02,65.00,34.02
26/09/2026,16:16:26,29.10,65.00,34.15
26/09/2026,16:17:37,29.13,65.00,34.19
26/09/2026,16:18:48,29.19,65.00,34.29
26/09/2026,16:20:01,29.23,65.00,34.34
26/09/2026,16:21:12,29.28,65.00,34.43
26/09/2026,16:22:23,29.30,65.00,34.45
26/09/2026,16:23:34,29.35,65.00,34.53
26/09/2026,16:24:45,29.40,65.00,34.61
26/09/2026,16:25:58,29.40,65.00,34.61
26/09/2026,16:27:09,29.42,65.00,34.64
26/09/2026,16:28:20,29.44,65.00,34.67
26/09/2026,16:29:31,29.49,65.00,34.75
26/09/2026,16:30:42,29.50,64.96,34.75
26/09/2026,16:31:55,29.52,65.00,34.79
26/09/2026,16:33:06,29.59,65.00,34.90
26/09/2026,16:34:17,29.60,65.00,34.92
26/09/2026,16:35:28,29.62,65.00,34.94
26/09/2026,16:36:39,29.65,65.00,35.00
26/09/2026,16:37:53,29.67,65.00,35.03
26/09/2026,16:39:04,29.70,64.88,35.06
26/09/2026,16:40:15,29.69,64.65,35.01
26/09/2026,16:41:26,29.69,64.50,34.98
26/09/2026,16:42:37,29.70,64.00,34.92
26/09/2026,16:43:50,29.70,64.40,34.99
26/09/2026,16:45:01,29.70,64.64,35.02
26/09/2026,16:46:12,29.71,64.46,35.01
26/09/2026,16:47:23,29.79,64.00,35.07
26/09/2026,16:48:34,29.79,64.00,35.07
26/09/2026,16:49:47,29.79,64.00,35.07
26/09/2026,16:50:58,29.80,64.00,35.08
26/09/2026,16:52:09,29.80,64.00,35.09
26/09/2026,16:53:20,29.81,64.00,35.10
26/09/2026,16:54:31,29.84,64.00,35.14
26/09/2026,16:55:44,29.88,63.80,35.18
26/09/2026,16:56:55,29.71,63.00,34.80
26/09/2026,16:58:06,29.62,63.00,34.66
26/09/2026,16:59:17,29.65,63.00,34.71
26/09/2026,17:00:28,29.70,63.04,34.80
26/09/2026,17:01:41,29.72,63.00,34.82
26/09/2026,17:02:52,29.73,63.00,34.83
26/09/2026,17:04:03,29.70,63.00,34.79
26/09/2026,17:05:14,29.73,63.00,34.84
26/09/2026,17:06:25,29.80,63.00,34.93
26/09/2026,17:07:39,29.83,63.00,34.98
26/09/2026,17:08:50,29.88,63.00,35.05
26/09/2026,17:10:01,29.89,63.00,35.07
26/09/2026,17:11:12,29.90,63.00,35.09
26/09/2026,17:12:22,29.90,63.00,35.09
26/09/2026,17:13:36,29.90,63.00,35.09
26/09/2026,17:14:47,29.90,63.00,35.09
26/09/2026,17:15:58,29.89,63.00,35.07
26/09/2026,17:17:09,29.90,63.00,35.09
26/09/2026,17:18:20,29.89,63.00,35.08
26/09/2026,17:19:33,29.89,63.00,35.08
26/09/2026,17:20:44,29.89,63.00,35.08
26/09/2026,17:21:55,29.86,63.00,35.04
26/09/2026,17:23:06,29.87,63.00,35.04
26/09/2026,17:24:17,29.81,63.00,34.96
26/09/2026,17:25:30,29.80,63.00,34.94
26/09/2026,17:26:41,29.80,63.00,34.93
26/09/2026,17:27:52,29.59,62.48,34.54
26/09/2026,17:29:03,29.31,62.20,34.07
26/09/2026,17:30:14,29.13,62.96,33.91
26/09/2026,17:31:28,29.02,63.00,33.75
26/09/2026,17:32:39,28.97,63.00,33.66
26/09/2026,17:33:50,28.91,63.00,33.58
26/09/2026,17:35:00,28.82,63.00,33.44
26/09/2026,17:36:11,28.74,63.00,33.32
26/09/2026,17:37:25,28.70,63.00,33.26
26/09/2026,17:38:36,28.61,63.00,33.13
26/09/2026,17:39:47,28.60,63.00,33.11
26/09/2026,17:40:58,28.60,63.00,33.11
26/09/2026,17:42:09,28.57,63.00,33.07
26/09/2026,17:43:22,28.44,63.00,32.87
26/09/2026,17:44:33,28.43,63.00,32.85
26/09/2026,17:45:44,28.41,63.00,32.82
26/09/2026,17:46:55,28.30,63.00,32.66
26/09/2026,17:48:06,28.29,63.00,32.65
26/09/2026,17:49:19,28.30,63.00,32.67
26/09/2026,17:50:30,28.30,63.00,32.67
26/09/2026,17:51:41,28.27,63.00,32.61
26/09/2026,17:52:52,28.13,63.00,32.40
26/09/2026,17:54:03,28.01,63.71,32.32
26/09/2026,17:55:17,28.01,64.00,32.36
26/09/2026,17:56:28,28.10,64.00,32.49
26/09/2026,17:57:39,28.12,64.00,32.52
26/09/2026,17:58:50,28.16,64.00,32.58
26/09/2026,18:00:00,28.13,64.00,32.53
26/09/2026,18:01:14,28.10,64.00,32.50
26/09/2026,18:02:25,28.10,64.00,32.49
26/09/2026,18:03:36,28.10,64.00,32.49
26/09/2026,18:04:47,28.00,64.00,32.34
26/09/2026,18:05:58,27.99,64.00,32.33
26/09/2026,18:07:12,27.97,64.00,32.31
26/09/2026,18:08:23,28.00,64.00,32.34
26/09/2026,18:09:34,27.90,64.00,32.19
26/09/2026,18:10:45,27.90,64.00,32.19
26/09/2026,18:11:56,27.83,64.04,32.09
26/09/2026,18:13:09,27.81,65.00,32.19
26/09/2026,18:14:20,27.90,65.00,32.32
26/09/2026,18:15:31,27.77,64.96,32.13
26/09/2026,18:16:42,27.65,65.00,31.95
26/09/2026,18:17:53,27.60,65.00,31.87
26/09/2026,18:19:06,27.60,65.00,31.87
26/09/2026,18:20:17,27.51,65.28,31.78
26/09/2026,18:21:28,27.47,66.00,31.80
26/09/2026,18:22:39,27.52,66.00,31.88
26/09/2026,18:23:50,27.60,66.00,32.01
26/09/2026,18:25:04,27.60,65.86,31.98
26/09/2026,18:26:15,27.50,66.00,31.86
26/09/2026,18:27:26,27.49,66.00,31.84
26/09/2026,18:28:37,27.55,66.00,31.93
26/09/2026,18:29:48,27.60,66.00,32.01
26/09/2026,18:31:01,27.64,65.88,32.05
26/09/2026,18:32:12,27.69,65.96,32.14
26/09/2026,18:33:23,27.78,65.12,32.16
26/09/2026,18:34:34,27.70,65.33,32.06
26/09/2026,18:35:45,27.60,66.00,32.01
26/09/2026,18:36:58,27.60,66.00,32.00
26/09/2026,18:38:09,27.54,66.00,31.92
26/09/2026,18:39:20,27.40,66.00,31.71
26/09/2026,18:40:31,27.30,66.88,31.67
26/09/2026,18:41:42,27.39,67.00,31.81
26/09/2026,18:42:55,27.51,66.40,31.91
26/09/2026,18:44:06,27.56,66.00,31.95
26/09/2026,18:45:17,27.56,66.00,31.94
26/09/2026,18:46:28,27.45,66.00,31.78
26/09/2026,18:47:39,27.36,66.00,31.64
26/09/2026,18:48:52,27.37,66.85,31.76
26/09/2026,18:50:03,27.40,66.85,31.81
26/09/2026,18:51:14,27.30,67.00,31.68
26/09/2026,18:52:25,27.30,67.00,31.68
26/09/2026,18:53:36,27.21,67.00,31.55
26/09/2026,18:54:50,27.28,67.00,31.65
26/09/2026,18:56:01,27.39,67.00,31.81
26/09/2026,18:57:11,27.44,67.00,31.88
26/09/2026,18:58:22,27.50,67.00,31.97
26/09/2026,18:59:33,27.50,67.00,31.98
26/09/2026,19:00:47,27.51,67.00,31.99
26/09/2026,19:01:58,27.38,67.00,31.80
26/09/2026,19:03:09,27.30,67.96,31.80
26/09/2026,19:04:20,27.21,68.00,31.66
26/09/2026,19:05:31,27.17,68.00,31.61
26/09/2026,19:06:44,27.19,68.00,31.63
26/09/2026,19:07:55,27.17,68.00,31.60
26/09/2026,19:09:06,27.07,68.00,31.45
26/09/2026,19:10:17,27.00,68.57,31.41
26/09/2026,19:11:28,26.95,69.00,31.39
26/09/2026,19:12:41,26.97,69.00,31.42
26/09/2026,19:13:52,26.91,69.00,31.34
26/09/2026,19:15:03,26.99,69.00,31.45
26/09/2026,19:16:14,27.03,69.00,31.53
26/09/2026,19:17:25,27.16,68.52,31.66
26/09/2026,19:18:38,27.28,68.00,31.78
26/09/2026,19:19:49,27.30,68.00,31.80
26/09/2026,19:21:00,27.32,68.00,31.83
26/09/2026,19:22:11,27.39,68.00,31.93
26/09/2026,19:23:22,27.40,68.00,31.95
26/09/2026,19:24:35,27.40,68.00,31.95
26/09/2026,19:25:46,27.30,68.00,31.80
26/09/2026,19:26:57,27.29,68.00,31.79
26/09/2026,19:28:08,27.30,68.00,31.80
26/09/2026,19:29:19,27.17,68.00,31.60
26/09/2026,19:30:32,27.03,68.28,31.43
26/09/2026,19:31:43,26.91,69.00,31.33
26/09/2026,19:32:54,26.96,69.00,31.41
26/09/2026,19:34:05,27.05,69.00,31.55
26/09/2026,19:35:16,27.18,68.35,31.66
26/09/2026,19:36:30,27.20,68.00,31.65
26/09/2026,19:37:41,27.11,68.00,31.51
26/09/2026,19:38:52,26.98,68.96,31.43
26/09/2026,19:40:02,26.98,69.00,31.44
26/09/2026,19:41:13,27.06,69.00,31.56
26/09/2026,19:42:27,27.19,68.40,31.68
26/09/2026,19:43:38,27.21,68.00,31.66
26/09/2026,19:44:49,27.26,68.00,31.74
26/09/2026,19:46:00,27.30,68.00,31.80
26/09/2026,19:47:11,27.32,68.00,31.83
26/09/2026,19:48:24,27.22,68.00,31.68
26/09/2026,19:49:35,27.12,68.42,31.58
26/09/2026,19:50:46,26.98,69.00,31.45
26/09/2026,19:51:57,26.92,69.00,31.35
26/09/2026,19:53:08,26.97,69.83,31.54
